ISO-10303-21;
HEADER;
FILE_DESCRIPTION( ( 'STEP AP214' ), '1' );
FILE_NAME( 'e:/temp/worker_113/temp/exporttempdir_772_1220_QvTOF/format_0/IPL1-106-01-L-D-RA-K.stp', '2022-04-08T07:21:06', ( 'License CC BY-ND 4.0' ), ( 'CADENAS' ), ' ', 'PARTsolutions', ' ' );
FILE_SCHEMA( ( 'AUTOMOTIVE_DESIGN { 1 0 10303 214 1 1 1 1 }' ) );
ENDSEC;
DATA;
#1 = PRODUCT_DEFINITION_CONTEXT( '', #18, 'design' );
#2 = APPLICATION_PROTOCOL_DEFINITION( 'international standard', 'automotive_design', 2001, #18 );
#3 = PRODUCT_CATEGORY_RELATIONSHIP( 'NONE', 'NONE', #19, #20 );
#4 = SHAPE_DEFINITION_REPRESENTATION( #21, #22 );
#5 = PRODUCT_CATEGORY_RELATIONSHIP( 'NONE', 'NONE', #19, #23 );
#6 = CONTEXT_DEPENDENT_SHAPE_REPRESENTATION( #24, #25 );
#7 = SHAPE_DEFINITION_REPRESENTATION( #26, #27 );
#8 = SHAPE_REPRESENTATION_RELATIONSHIP( 'NONE', 'NONE', #27, #28 );
#9 = PRODUCT_CATEGORY_RELATIONSHIP( 'NONE', 'NONE', #19, #29 );
#10 = CONTEXT_DEPENDENT_SHAPE_REPRESENTATION( #30, #31 );
#11 = SHAPE_DEFINITION_REPRESENTATION( #32, #33 );
#12 = SHAPE_REPRESENTATION_RELATIONSHIP( 'NONE', 'NONE', #33, #34 );
#13 = MECHANICAL_DESIGN_GEOMETRIC_PRESENTATION_REPRESENTATION( ' ', ( #35, #36, #37, #38, #39, #40, #41, #42, #43, #44, #45, #46, #47, #48, #49, #50, #51, #52, #53, #54, #55, #56, #57, #58, #59, #60, #61, #62, #63, #64, #65, #66, #67, #68, #69, #70, #71, #72, #73, #74, #75, #76, #77, #78, #79, #80, #81, #82, #83, #84, #85, #86, #87, #88, #89, #90, #91, #92, #93, #94, #95, #96, #97, #98, #99, #100, #101, #102, #103, #104, #105, #106, #107, #108, #109, #110, #111, #112, #113, #114, #115, #116, #117, #118, #119, #120, #121, #122, #123, #124, #125, #126, #127, #128, #129, #130, #131, #132, #133, #134, #135, #136, #137, #138, #139, #140, #141, #142, #143, #144, #145, #146, #147, #148, #149, #150, #151, #152, #153, #154, #155, #156, #157, #158, #159, #160, #161, #162, #163, #164, #165, #166, #167, #168, #169, #170, #171, #172, #173, #174, #175, #176, #177, #178, #179, #180, #181, #182, #183, #184, #185, #186, #187, #188, #189, #190, #191, #192, #193, #194, #195, #196, #197, #198, #199, #200, #201, #202, #203, #204, #205, #206, #207, #208, #209, #210, #211, #212, #213, #214, #215, #216, #217, #218, #219, #220, #221, #222, #223, #224, #225, #226, #227, #228, #229, #230, #231, #232, #233, #234, #235, #236, #237, #238, #239, #240, #241, #242, #243, #244, #245, #246, #247, #248, #249, #250, #251, #252, #253, #254, #255, #256, #257, #258, #259, #260, #261, #262, #263, #264, #265, #266, #267, #268, #269, #270, #271, #272, #273, #274, #275, #276, #277, #278, #279, #280, #281, #282, #283, #284, #285, #286, #287, #288, #289, #290, #291, #292, #293, #294, #295, #296, #297, #298, #299, #300, #301, #302, #303, #304, #305, #306, #307, #308, #309, #310, #311, #312, #313, #314, #315, #316, #317, #318, #319, #320, #321, #322, #323, #324, #325, #326, #327, #328, #329, #330, #331, #332, #333, #334, #335, #336, #337, #338, #339, #340, #341, #342, #343, #344, #345, #346, #347, #348, #349, #350, #351, #352, #353, #354, #355, #356, #357, #358, #359, #360, #361, #362, #363, #364, #365, #366, #367, #368, #369, #370, #371, #372, #373, #374, #375, #376, #377, #378, #379, #380, #381, #382, #383, #384, #385, #386, #387, #388, #389, #390, #391, #392, #393, #394, #395, #396, #397, #398, #399, #400 ), #14 );
#14 =  ( GEOMETRIC_REPRESENTATION_CONTEXT( 3 )GLOBAL_UNCERTAINTY_ASSIGNED_CONTEXT( ( #403 ) )GLOBAL_UNIT_ASSIGNED_CONTEXT( ( #405, #406, #407 ) )REPRESENTATION_CONTEXT( 'NONE', 'WORKSPACE' ) );
#18 = APPLICATION_CONTEXT( 'core data for automotive mechanical design processes' );
#19 = PRODUCT_CATEGORY( 'part', 'NONE' );
#20 = PRODUCT_RELATED_PRODUCT_CATEGORY( 'detail', ' ', ( #409 ) );
#21 = PRODUCT_DEFINITION_SHAPE( 'NONE', 'NONE', #410 );
#22 = SHAPE_REPRESENTATION( 'IPL1-106-01-L-D-RA-K', ( #411, #412, #413 ), #414 );
#23 = PRODUCT_RELATED_PRODUCT_CATEGORY( 'detail', ' ', ( #415 ) );
#24 = ( REPRESENTATION_RELATIONSHIP( '', '', #27, #22 )REPRESENTATION_RELATIONSHIP_WITH_TRANSFORMATION( #418 )SHAPE_REPRESENTATION_RELATIONSHIP(  ) );
#25 = PRODUCT_DEFINITION_SHAPE( 'NAUO-PROD-DEF', 'NAUO-PROD-DEF', #420 );
#26 = PRODUCT_DEFINITION_SHAPE( 'NONE', 'NONE', #421 );
#27 = SHAPE_REPRESENTATION( '_IPL1-106-01-D-RA-K_HDR', ( #411 ), #414 );
#28 = ADVANCED_BREP_SHAPE_REPRESENTATION( '_IPL1-106-01-D-RA-K_HDR', ( #422 ), #14 );
#29 = PRODUCT_RELATED_PRODUCT_CATEGORY( 'detail', ' ', ( #423 ) );
#30 = ( REPRESENTATION_RELATIONSHIP( '', '', #33, #22 )REPRESENTATION_RELATIONSHIP_WITH_TRANSFORMATION( #426 )SHAPE_REPRESENTATION_RELATIONSHIP(  ) );
#31 = PRODUCT_DEFINITION_SHAPE( 'NAUO-PROD-DEF', 'NAUO-PROD-DEF', #428 );
#32 = PRODUCT_DEFINITION_SHAPE( 'NONE', 'NONE', #429 );
#33 = SHAPE_REPRESENTATION( '_T-1S64-01-06-D-RA', ( #411 ), #414 );
#34 = ADVANCED_BREP_SHAPE_REPRESENTATION( '_T-1S64-01-06-D-RA', ( #430 ), #14 );
#35 = STYLED_ITEM( '', ( #431 ), #432 );
#36 = STYLED_ITEM( '', ( #433 ), #434 );
#37 = STYLED_ITEM( '', ( #435 ), #436 );
#38 = STYLED_ITEM( '', ( #437 ), #438 );
#39 = STYLED_ITEM( '', ( #439 ), #440 );
#40 = STYLED_ITEM( '', ( #441 ), #442 );
#41 = STYLED_ITEM( '', ( #443 ), #444 );
#42 = STYLED_ITEM( '', ( #445 ), #446 );
#43 = STYLED_ITEM( '', ( #447 ), #448 );
#44 = STYLED_ITEM( '', ( #449 ), #450 );
#45 = STYLED_ITEM( '', ( #451 ), #452 );
#46 = STYLED_ITEM( '', ( #453 ), #454 );
#47 = STYLED_ITEM( '', ( #455 ), #456 );
#48 = STYLED_ITEM( '', ( #457 ), #458 );
#49 = STYLED_ITEM( '', ( #459 ), #460 );
#50 = STYLED_ITEM( '', ( #461 ), #462 );
#51 = STYLED_ITEM( '', ( #463 ), #464 );
#52 = STYLED_ITEM( '', ( #465 ), #466 );
#53 = STYLED_ITEM( '', ( #467 ), #468 );
#54 = STYLED_ITEM( '', ( #469 ), #470 );
#55 = STYLED_ITEM( '', ( #471 ), #472 );
#56 = STYLED_ITEM( '', ( #473 ), #474 );
#57 = STYLED_ITEM( '', ( #475 ), #476 );
#58 = STYLED_ITEM( '', ( #477 ), #478 );
#59 = STYLED_ITEM( '', ( #479 ), #480 );
#60 = STYLED_ITEM( '', ( #481 ), #482 );
#61 = STYLED_ITEM( '', ( #483 ), #484 );
#62 = STYLED_ITEM( '', ( #485 ), #486 );
#63 = STYLED_ITEM( '', ( #487 ), #488 );
#64 = STYLED_ITEM( '', ( #489 ), #490 );
#65 = STYLED_ITEM( '', ( #491 ), #492 );
#66 = STYLED_ITEM( '', ( #493 ), #494 );
#67 = STYLED_ITEM( '', ( #495 ), #496 );
#68 = STYLED_ITEM( '', ( #497 ), #498 );
#69 = STYLED_ITEM( '', ( #499 ), #500 );
#70 = STYLED_ITEM( '', ( #501 ), #502 );
#71 = STYLED_ITEM( '', ( #503 ), #504 );
#72 = STYLED_ITEM( '', ( #505 ), #506 );
#73 = STYLED_ITEM( '', ( #507 ), #508 );
#74 = STYLED_ITEM( '', ( #509 ), #510 );
#75 = STYLED_ITEM( '', ( #511 ), #512 );
#76 = STYLED_ITEM( '', ( #513 ), #514 );
#77 = STYLED_ITEM( '', ( #515 ), #516 );
#78 = STYLED_ITEM( '', ( #517 ), #518 );
#79 = STYLED_ITEM( '', ( #519 ), #520 );
#80 = STYLED_ITEM( '', ( #521 ), #522 );
#81 = STYLED_ITEM( '', ( #523 ), #524 );
#82 = STYLED_ITEM( '', ( #525 ), #526 );
#83 = STYLED_ITEM( '', ( #527 ), #528 );
#84 = STYLED_ITEM( '', ( #529 ), #530 );
#85 = STYLED_ITEM( '', ( #531 ), #532 );
#86 = STYLED_ITEM( '', ( #533 ), #534 );
#87 = STYLED_ITEM( '', ( #535 ), #536 );
#88 = STYLED_ITEM( '', ( #537 ), #538 );
#89 = STYLED_ITEM( '', ( #539 ), #540 );
#90 = STYLED_ITEM( '', ( #541 ), #542 );
#91 = STYLED_ITEM( '', ( #543 ), #544 );
#92 = STYLED_ITEM( '', ( #545 ), #546 );
#93 = STYLED_ITEM( '', ( #547 ), #548 );
#94 = STYLED_ITEM( '', ( #549 ), #550 );
#95 = STYLED_ITEM( '', ( #551 ), #552 );
#96 = STYLED_ITEM( '', ( #553 ), #554 );
#97 = STYLED_ITEM( '', ( #555 ), #556 );
#98 = STYLED_ITEM( '', ( #557 ), #558 );
#99 = STYLED_ITEM( '', ( #559 ), #560 );
#100 = STYLED_ITEM( '', ( #561 ), #562 );
#101 = STYLED_ITEM( '', ( #563 ), #564 );
#102 = STYLED_ITEM( '', ( #565 ), #566 );
#103 = STYLED_ITEM( '', ( #567 ), #568 );
#104 = STYLED_ITEM( '', ( #569 ), #570 );
#105 = STYLED_ITEM( '', ( #571 ), #572 );
#106 = STYLED_ITEM( '', ( #573 ), #574 );
#107 = STYLED_ITEM( '', ( #575 ), #576 );
#108 = STYLED_ITEM( '', ( #577 ), #578 );
#109 = STYLED_ITEM( '', ( #579 ), #580 );
#110 = STYLED_ITEM( '', ( #581 ), #582 );
#111 = STYLED_ITEM( '', ( #583 ), #584 );
#112 = STYLED_ITEM( '', ( #585 ), #586 );
#113 = STYLED_ITEM( '', ( #587 ), #588 );
#114 = STYLED_ITEM( '', ( #589 ), #590 );
#115 = STYLED_ITEM( '', ( #591 ), #592 );
#116 = STYLED_ITEM( '', ( #593 ), #594 );
#117 = STYLED_ITEM( '', ( #595 ), #596 );
#118 = STYLED_ITEM( '', ( #597 ), #598 );
#119 = STYLED_ITEM( '', ( #599 ), #600 );
#120 = STYLED_ITEM( '', ( #601 ), #602 );
#121 = STYLED_ITEM( '', ( #603 ), #604 );
#122 = STYLED_ITEM( '', ( #605 ), #606 );
#123 = STYLED_ITEM( '', ( #607 ), #608 );
#124 = STYLED_ITEM( '', ( #609 ), #610 );
#125 = STYLED_ITEM( '', ( #611 ), #612 );
#126 = STYLED_ITEM( '', ( #613 ), #614 );
#127 = STYLED_ITEM( '', ( #615 ), #616 );
#128 = STYLED_ITEM( '', ( #617 ), #618 );
#129 = STYLED_ITEM( '', ( #619 ), #620 );
#130 = STYLED_ITEM( '', ( #621 ), #622 );
#131 = STYLED_ITEM( '', ( #623 ), #624 );
#132 = STYLED_ITEM( '', ( #625 ), #626 );
#133 = STYLED_ITEM( '', ( #627 ), #628 );
#134 = STYLED_ITEM( '', ( #629 ), #630 );
#135 = STYLED_ITEM( '', ( #631 ), #632 );
#136 = STYLED_ITEM( '', ( #633 ), #634 );
#137 = STYLED_ITEM( '', ( #635 ), #636 );
#138 = STYLED_ITEM( '', ( #637 ), #638 );
#139 = STYLED_ITEM( '', ( #639 ), #640 );
#140 = STYLED_ITEM( '', ( #641 ), #642 );
#141 = STYLED_ITEM( '', ( #643 ), #644 );
#142 = STYLED_ITEM( '', ( #645 ), #646 );
#143 = STYLED_ITEM( '', ( #647 ), #648 );
#144 = STYLED_ITEM( '', ( #649 ), #650 );
#145 = STYLED_ITEM( '', ( #651 ), #652 );
#146 = STYLED_ITEM( '', ( #653 ), #654 );
#147 = STYLED_ITEM( '', ( #655 ), #656 );
#148 = STYLED_ITEM( '', ( #657 ), #658 );
#149 = STYLED_ITEM( '', ( #659 ), #660 );
#150 = STYLED_ITEM( '', ( #661 ), #662 );
#151 = STYLED_ITEM( '', ( #663 ), #664 );
#152 = STYLED_ITEM( '', ( #665 ), #666 );
#153 = STYLED_ITEM( '', ( #667 ), #668 );
#154 = STYLED_ITEM( '', ( #669 ), #670 );
#155 = STYLED_ITEM( '', ( #671 ), #672 );
#156 = STYLED_ITEM( '', ( #673 ), #674 );
#157 = STYLED_ITEM( '', ( #675 ), #676 );
#158 = STYLED_ITEM( '', ( #677 ), #678 );
#159 = STYLED_ITEM( '', ( #679 ), #680 );
#160 = STYLED_ITEM( '', ( #681 ), #682 );
#161 = STYLED_ITEM( '', ( #683 ), #684 );
#162 = STYLED_ITEM( '', ( #685 ), #686 );
#163 = STYLED_ITEM( '', ( #687 ), #688 );
#164 = STYLED_ITEM( '', ( #689 ), #690 );
#165 = STYLED_ITEM( '', ( #691 ), #692 );
#166 = STYLED_ITEM( '', ( #693 ), #694 );
#167 = STYLED_ITEM( '', ( #695 ), #696 );
#168 = STYLED_ITEM( '', ( #697 ), #698 );
#169 = STYLED_ITEM( '', ( #699 ), #700 );
#170 = STYLED_ITEM( '', ( #701 ), #702 );
#171 = STYLED_ITEM( '', ( #703 ), #704 );
#172 = STYLED_ITEM( '', ( #705 ), #706 );
#173 = STYLED_ITEM( '', ( #707 ), #708 );
#174 = STYLED_ITEM( '', ( #709 ), #710 );
#175 = STYLED_ITEM( '', ( #711 ), #712 );
#176 = STYLED_ITEM( '', ( #713 ), #714 );
#177 = STYLED_ITEM( '', ( #715 ), #716 );
#178 = STYLED_ITEM( '', ( #717 ), #718 );
#179 = STYLED_ITEM( '', ( #719 ), #720 );
#180 = STYLED_ITEM( '', ( #721 ), #722 );
#181 = STYLED_ITEM( '', ( #723 ), #724 );
#182 = STYLED_ITEM( '', ( #725 ), #726 );
#183 = STYLED_ITEM( '', ( #727 ), #728 );
#184 = STYLED_ITEM( '', ( #729 ), #730 );
#185 = STYLED_ITEM( '', ( #731 ), #732 );
#186 = STYLED_ITEM( '', ( #733 ), #734 );
#187 = STYLED_ITEM( '', ( #735 ), #736 );
#188 = STYLED_ITEM( '', ( #737 ), #738 );
#189 = STYLED_ITEM( '', ( #739 ), #740 );
#190 = STYLED_ITEM( '', ( #741 ), #742 );
#191 = STYLED_ITEM( '', ( #743 ), #744 );
#192 = STYLED_ITEM( '', ( #745 ), #746 );
#193 = STYLED_ITEM( '', ( #747 ), #748 );
#194 = STYLED_ITEM( '', ( #749 ), #750 );
#195 = STYLED_ITEM( '', ( #751 ), #752 );
#196 = STYLED_ITEM( '', ( #753 ), #754 );
#197 = STYLED_ITEM( '', ( #755 ), #756 );
#198 = STYLED_ITEM( '', ( #757 ), #758 );
#199 = STYLED_ITEM( '', ( #759 ), #760 );
#200 = STYLED_ITEM( '', ( #761 ), #762 );
#201 = STYLED_ITEM( '', ( #763 ), #764 );
#202 = STYLED_ITEM( '', ( #765 ), #766 );
#203 = STYLED_ITEM( '', ( #767 ), #768 );
#204 = STYLED_ITEM( '', ( #769 ), #770 );
#205 = STYLED_ITEM( '', ( #771 ), #772 );
#206 = STYLED_ITEM( '', ( #773 ), #774 );
#207 = STYLED_ITEM( '', ( #775 ), #776 );
#208 = STYLED_ITEM( '', ( #777 ), #778 );
#209 = STYLED_ITEM( '', ( #779 ), #780 );
#210 = STYLED_ITEM( '', ( #781 ), #782 );
#211 = STYLED_ITEM( '', ( #783 ), #784 );
#212 = STYLED_ITEM( '', ( #785 ), #786 );
#213 = STYLED_ITEM( '', ( #787 ), #788 );
#214 = STYLED_ITEM( '', ( #789 ), #790 );
#215 = STYLED_ITEM( '', ( #791 ), #792 );
#216 = STYLED_ITEM( '', ( #793 ), #794 );
#217 = STYLED_ITEM( '', ( #795 ), #796 );
#218 = STYLED_ITEM( '', ( #797 ), #798 );
#219 = STYLED_ITEM( '', ( #799 ), #800 );
#220 = STYLED_ITEM( '', ( #801 ), #802 );
#221 = STYLED_ITEM( '', ( #803 ), #804 );
#222 = STYLED_ITEM( '', ( #805 ), #806 );
#223 = STYLED_ITEM( '', ( #807 ), #808 );
#224 = STYLED_ITEM( '', ( #809 ), #810 );
#225 = STYLED_ITEM( '', ( #811 ), #812 );
#226 = STYLED_ITEM( '', ( #813 ), #814 );
#227 = STYLED_ITEM( '', ( #815 ), #816 );
#228 = STYLED_ITEM( '', ( #817 ), #818 );
#229 = STYLED_ITEM( '', ( #819 ), #820 );
#230 = STYLED_ITEM( '', ( #821 ), #822 );
#231 = STYLED_ITEM( '', ( #823 ), #824 );
#232 = STYLED_ITEM( '', ( #825 ), #826 );
#233 = STYLED_ITEM( '', ( #827 ), #828 );
#234 = STYLED_ITEM( '', ( #829 ), #830 );
#235 = STYLED_ITEM( '', ( #831 ), #832 );
#236 = STYLED_ITEM( '', ( #833 ), #834 );
#237 = STYLED_ITEM( '', ( #835 ), #836 );
#238 = STYLED_ITEM( '', ( #837 ), #838 );
#239 = STYLED_ITEM( '', ( #839 ), #840 );
#240 = STYLED_ITEM( '', ( #841 ), #842 );
#241 = STYLED_ITEM( '', ( #843 ), #844 );
#242 = STYLED_ITEM( '', ( #845 ), #846 );
#243 = STYLED_ITEM( '', ( #847 ), #848 );
#244 = STYLED_ITEM( '', ( #849 ), #850 );
#245 = STYLED_ITEM( '', ( #851 ), #852 );
#246 = STYLED_ITEM( '', ( #853 ), #854 );
#247 = STYLED_ITEM( '', ( #855 ), #856 );
#248 = STYLED_ITEM( '', ( #857 ), #858 );
#249 = STYLED_ITEM( '', ( #859 ), #860 );
#250 = STYLED_ITEM( '', ( #861 ), #862 );
#251 = STYLED_ITEM( '', ( #863 ), #864 );
#252 = STYLED_ITEM( '', ( #865 ), #866 );
#253 = STYLED_ITEM( '', ( #867 ), #868 );
#254 = STYLED_ITEM( '', ( #869 ), #870 );
#255 = STYLED_ITEM( '', ( #871 ), #872 );
#256 = STYLED_ITEM( '', ( #873 ), #874 );
#257 = STYLED_ITEM( '', ( #875 ), #876 );
#258 = STYLED_ITEM( '', ( #877 ), #878 );
#259 = STYLED_ITEM( '', ( #879 ), #880 );
#260 = STYLED_ITEM( '', ( #881 ), #882 );
#261 = STYLED_ITEM( '', ( #883 ), #884 );
#262 = STYLED_ITEM( '', ( #885 ), #886 );
#263 = STYLED_ITEM( '', ( #887 ), #888 );
#264 = STYLED_ITEM( '', ( #889 ), #890 );
#265 = STYLED_ITEM( '', ( #891 ), #892 );
#266 = STYLED_ITEM( '', ( #893 ), #894 );
#267 = STYLED_ITEM( '', ( #895 ), #896 );
#268 = STYLED_ITEM( '', ( #897 ), #898 );
#269 = STYLED_ITEM( '', ( #899 ), #900 );
#270 = STYLED_ITEM( '', ( #901 ), #902 );
#271 = STYLED_ITEM( '', ( #903 ), #904 );
#272 = STYLED_ITEM( '', ( #905 ), #906 );
#273 = STYLED_ITEM( '', ( #907 ), #908 );
#274 = STYLED_ITEM( '', ( #909 ), #910 );
#275 = STYLED_ITEM( '', ( #911 ), #912 );
#276 = STYLED_ITEM( '', ( #913 ), #914 );
#277 = STYLED_ITEM( '', ( #915 ), #916 );
#278 = STYLED_ITEM( '', ( #917 ), #918 );
#279 = STYLED_ITEM( '', ( #919 ), #920 );
#280 = STYLED_ITEM( '', ( #921 ), #922 );
#281 = STYLED_ITEM( '', ( #923 ), #924 );
#282 = STYLED_ITEM( '', ( #925 ), #926 );
#283 = STYLED_ITEM( '', ( #927 ), #928 );
#284 = STYLED_ITEM( '', ( #929 ), #930 );
#285 = STYLED_ITEM( '', ( #931 ), #932 );
#286 = STYLED_ITEM( '', ( #933 ), #934 );
#287 = STYLED_ITEM( '', ( #935 ), #936 );
#288 = STYLED_ITEM( '', ( #937 ), #938 );
#289 = STYLED_ITEM( '', ( #939 ), #940 );
#290 = STYLED_ITEM( '', ( #941 ), #942 );
#291 = STYLED_ITEM( '', ( #943 ), #944 );
#292 = STYLED_ITEM( '', ( #945 ), #946 );
#293 = STYLED_ITEM( '', ( #947 ), #948 );
#294 = STYLED_ITEM( '', ( #949 ), #950 );
#295 = STYLED_ITEM( '', ( #951 ), #952 );
#296 = STYLED_ITEM( '', ( #953 ), #954 );
#297 = STYLED_ITEM( '', ( #955 ), #956 );
#298 = STYLED_ITEM( '', ( #957 ), #958 );
#299 = STYLED_ITEM( '', ( #959 ), #960 );
#300 = STYLED_ITEM( '', ( #961 ), #962 );
#301 = STYLED_ITEM( '', ( #963 ), #964 );
#302 = STYLED_ITEM( '', ( #965 ), #966 );
#303 = STYLED_ITEM( '', ( #967 ), #968 );
#304 = STYLED_ITEM( '', ( #969 ), #970 );
#305 = STYLED_ITEM( '', ( #971 ), #972 );
#306 = STYLED_ITEM( '', ( #973 ), #974 );
#307 = STYLED_ITEM( '', ( #975 ), #976 );
#308 = STYLED_ITEM( '', ( #977 ), #978 );
#309 = STYLED_ITEM( '', ( #979 ), #980 );
#310 = STYLED_ITEM( '', ( #981 ), #982 );
#311 = STYLED_ITEM( '', ( #983 ), #984 );
#312 = STYLED_ITEM( '', ( #985 ), #986 );
#313 = STYLED_ITEM( '', ( #987 ), #988 );
#314 = STYLED_ITEM( '', ( #989 ), #990 );
#315 = STYLED_ITEM( '', ( #991 ), #992 );
#316 = STYLED_ITEM( '', ( #993 ), #994 );
#317 = STYLED_ITEM( '', ( #995 ), #996 );
#318 = STYLED_ITEM( '', ( #997 ), #998 );
#319 = STYLED_ITEM( '', ( #999 ), #1000 );
#320 = STYLED_ITEM( '', ( #1001 ), #1002 );
#321 = STYLED_ITEM( '', ( #1003 ), #1004 );
#322 = STYLED_ITEM( '', ( #1005 ), #1006 );
#323 = STYLED_ITEM( '', ( #1007 ), #1008 );
#324 = STYLED_ITEM( '', ( #1009 ), #1010 );
#325 = STYLED_ITEM( '', ( #1011 ), #1012 );
#326 = STYLED_ITEM( '', ( #1013 ), #1014 );
#327 = STYLED_ITEM( '', ( #1015 ), #1016 );
#328 = STYLED_ITEM( '', ( #1017 ), #1018 );
#329 = STYLED_ITEM( '', ( #1019 ), #1020 );
#330 = STYLED_ITEM( '', ( #1021 ), #1022 );
#331 = STYLED_ITEM( '', ( #1023 ), #1024 );
#332 = STYLED_ITEM( '', ( #1025 ), #1026 );
#333 = STYLED_ITEM( '', ( #1027 ), #1028 );
#334 = STYLED_ITEM( '', ( #1029 ), #1030 );
#335 = STYLED_ITEM( '', ( #1031 ), #1032 );
#336 = STYLED_ITEM( '', ( #1033 ), #1034 );
#337 = STYLED_ITEM( '', ( #1035 ), #1036 );
#338 = STYLED_ITEM( '', ( #1037 ), #1038 );
#339 = STYLED_ITEM( '', ( #1039 ), #1040 );
#340 = STYLED_ITEM( '', ( #1041 ), #1042 );
#341 = STYLED_ITEM( '', ( #1043 ), #1044 );
#342 = STYLED_ITEM( '', ( #1045 ), #1046 );
#343 = STYLED_ITEM( '', ( #1047 ), #1048 );
#344 = STYLED_ITEM( '', ( #1049 ), #1050 );
#345 = STYLED_ITEM( '', ( #1051 ), #1052 );
#346 = STYLED_ITEM( '', ( #1053 ), #1054 );
#347 = STYLED_ITEM( '', ( #1055 ), #1056 );
#348 = STYLED_ITEM( '', ( #1057 ), #1058 );
#349 = STYLED_ITEM( '', ( #1059 ), #1060 );
#350 = STYLED_ITEM( '', ( #1061 ), #1062 );
#351 = STYLED_ITEM( '', ( #1063 ), #1064 );
#352 = STYLED_ITEM( '', ( #1065 ), #1066 );
#353 = STYLED_ITEM( '', ( #1067 ), #1068 );
#354 = STYLED_ITEM( '', ( #1069 ), #1070 );
#355 = STYLED_ITEM( '', ( #1071 ), #1072 );
#356 = STYLED_ITEM( '', ( #1073 ), #1074 );
#357 = STYLED_ITEM( '', ( #1075 ), #1076 );
#358 = STYLED_ITEM( '', ( #1077 ), #1078 );
#359 = STYLED_ITEM( '', ( #1079 ), #1080 );
#360 = STYLED_ITEM( '', ( #1081 ), #1082 );
#361 = STYLED_ITEM( '', ( #1083 ), #1084 );
#362 = STYLED_ITEM( '', ( #1085 ), #1086 );
#363 = STYLED_ITEM( '', ( #1087 ), #1088 );
#364 = STYLED_ITEM( '', ( #1089 ), #1090 );
#365 = STYLED_ITEM( '', ( #1091 ), #1092 );
#366 = STYLED_ITEM( '', ( #1093 ), #1094 );
#367 = STYLED_ITEM( '', ( #1095 ), #1096 );
#368 = STYLED_ITEM( '', ( #1097 ), #1098 );
#369 = STYLED_ITEM( '', ( #1099 ), #1100 );
#370 = STYLED_ITEM( '', ( #1101 ), #1102 );
#371 = STYLED_ITEM( '', ( #1103 ), #1104 );
#372 = STYLED_ITEM( '', ( #1105 ), #1106 );
#373 = STYLED_ITEM( '', ( #1107 ), #1108 );
#374 = STYLED_ITEM( '', ( #1109 ), #1110 );
#375 = STYLED_ITEM( '', ( #1111 ), #1112 );
#376 = STYLED_ITEM( '', ( #1113 ), #1114 );
#377 = STYLED_ITEM( '', ( #1115 ), #1116 );
#378 = STYLED_ITEM( '', ( #1117 ), #1118 );
#379 = STYLED_ITEM( '', ( #1119 ), #1120 );
#380 = STYLED_ITEM( '', ( #1121 ), #1122 );
#381 = STYLED_ITEM( '', ( #1123 ), #1124 );
#382 = STYLED_ITEM( '', ( #1125 ), #1126 );
#383 = STYLED_ITEM( '', ( #1127 ), #1128 );
#384 = STYLED_ITEM( '', ( #1129 ), #1130 );
#385 = STYLED_ITEM( '', ( #1131 ), #1132 );
#386 = STYLED_ITEM( '', ( #1133 ), #1134 );
#387 = STYLED_ITEM( '', ( #1135 ), #1136 );
#388 = STYLED_ITEM( '', ( #1137 ), #1138 );
#389 = STYLED_ITEM( '', ( #1139 ), #1140 );
#390 = STYLED_ITEM( '', ( #1141 ), #1142 );
#391 = STYLED_ITEM( '', ( #1143 ), #1144 );
#392 = STYLED_ITEM( '', ( #1145 ), #1146 );
#393 = STYLED_ITEM( '', ( #1147 ), #1148 );
#394 = STYLED_ITEM( '', ( #1149 ), #1150 );
#395 = STYLED_ITEM( '', ( #1151 ), #1152 );
#396 = STYLED_ITEM( '', ( #1153 ), #1154 );
#397 = STYLED_ITEM( '', ( #1155 ), #1156 );
#398 = STYLED_ITEM( '', ( #1157 ), #1158 );
#399 = STYLED_ITEM( '', ( #1159 ), #1160 );
#400 = STYLED_ITEM( '', ( #1161 ), #1162 );
#403 = UNCERTAINTY_MEASURE_WITH_UNIT( LENGTH_MEASURE( 3.93701000000000E-05 ), #405, '', '' );
#405 =  ( CONVERSION_BASED_UNIT( 'INCH', #1165 )LENGTH_UNIT(  )NAMED_UNIT( #1168 ) );
#406 =  ( NAMED_UNIT( #1170 )PLANE_ANGLE_UNIT(  )SI_UNIT( $, .RADIAN. ) );
#407 =  ( NAMED_UNIT( #1170 )SI_UNIT( $, .STERADIAN. )SOLID_ANGLE_UNIT(  ) );
#409 = PRODUCT( 'IPL1-106-01-L-D-RA-K', 'IPL1-106-01-L-D-RA-K', 'PART-IPL1-106-01-L-D-RA-K-DESC', ( #1176 ) );
#410 = PRODUCT_DEFINITION( 'NONE', 'NONE', #1177, #1 );
#411 = AXIS2_PLACEMENT_3D( '', #1178, #1179, #1180 );
#412 = AXIS2_PLACEMENT_3D( '', #1181, #1182, #1183 );
#413 = AXIS2_PLACEMENT_3D( '', #1184, #1185, #1186 );
#414 =  ( GEOMETRIC_REPRESENTATION_CONTEXT( 3 )GLOBAL_UNCERTAINTY_ASSIGNED_CONTEXT( ( #1189 ) )GLOBAL_UNIT_ASSIGNED_CONTEXT( ( #1191, #1192, #1193 ) )REPRESENTATION_CONTEXT( 'NONE', 'WORKSPACE' ) );
#415 = PRODUCT( '_IPL1-106-01-D-RA-K_HDR', '_IPL1-106-01-D-RA-K_HDR', 'PART-_IPL1-106-01-D-RA-K_HDR-DESC', ( #1176 ) );
#418 = ITEM_DEFINED_TRANSFORMATION( '', '', #411, #412 );
#420 = NEXT_ASSEMBLY_USAGE_OCCURRENCE( 'NAUO1', '_IPL1-106-01-D-RA-K_HDR', '_IPL1-106-01-D-RA-K_HDR', #410, #421, $ );
#421 = PRODUCT_DEFINITION( '_IPL1-106-01-D-RA-K_HDR', '_IPL1-106-01-D-RA-K_HDR', #1195, #1 );
#422 = MANIFOLD_SOLID_BREP( '_IPL1-106-01-D-RA-K_HDR', #1196 );
#423 = PRODUCT( '_T-1S64-01-06-D-RA', '_T-1S64-01-06-D-RA', 'PART-_T-1S64-01-06-D-RA-DESC', ( #1176 ) );
#426 = ITEM_DEFINED_TRANSFORMATION( '', '', #411, #413 );
#428 = NEXT_ASSEMBLY_USAGE_OCCURRENCE( 'NAUO2', '_T-1S64-01-06-D-RA', '_T-1S64-01-06-D-RA', #410, #429, $ );
#429 = PRODUCT_DEFINITION( '_T-1S64-01-06-D-RA', '_T-1S64-01-06-D-RA', #1197, #1 );
#430 = MANIFOLD_SOLID_BREP( '_T-1S64-01-06-D-RA', #1198 );
#431 = PRESENTATION_STYLE_ASSIGNMENT( ( #1199 ) );
#432 = ADVANCED_FACE( '', ( #1200 ), #1201, .F. );
#433 = PRESENTATION_STYLE_ASSIGNMENT( ( #1202 ) );
#434 = ADVANCED_FACE( '', ( #1203 ), #1204, .F. );
#435 = PRESENTATION_STYLE_ASSIGNMENT( ( #1205 ) );
#436 = ADVANCED_FACE( '', ( #1206 ), #1207, .F. );
#437 = PRESENTATION_STYLE_ASSIGNMENT( ( #1208 ) );
#438 = ADVANCED_FACE( '', ( #1209 ), #1210, .F. );
#439 = PRESENTATION_STYLE_ASSIGNMENT( ( #1211 ) );
#440 = ADVANCED_FACE( '', ( #1212 ), #1213, .F. );
#441 = PRESENTATION_STYLE_ASSIGNMENT( ( #1214 ) );
#442 = ADVANCED_FACE( '', ( #1215 ), #1216, .F. );
#443 = PRESENTATION_STYLE_ASSIGNMENT( ( #1217 ) );
#444 = ADVANCED_FACE( '', ( #1218 ), #1219, .T. );
#445 = PRESENTATION_STYLE_ASSIGNMENT( ( #1220 ) );
#446 = ADVANCED_FACE( '', ( #1221 ), #1222, .F. );
#447 = PRESENTATION_STYLE_ASSIGNMENT( ( #1223 ) );
#448 = ADVANCED_FACE( '', ( #1224 ), #1225, .F. );
#449 = PRESENTATION_STYLE_ASSIGNMENT( ( #1226 ) );
#450 = ADVANCED_FACE( '', ( #1227 ), #1228, .F. );
#451 = PRESENTATION_STYLE_ASSIGNMENT( ( #1229 ) );
#452 = ADVANCED_FACE( '', ( #1230 ), #1231, .F. );
#453 = PRESENTATION_STYLE_ASSIGNMENT( ( #1232 ) );
#454 = ADVANCED_FACE( '', ( #1233 ), #1234, .T. );
#455 = PRESENTATION_STYLE_ASSIGNMENT( ( #1235 ) );
#456 = ADVANCED_FACE( '', ( #1236 ), #1237, .T. );
#457 = PRESENTATION_STYLE_ASSIGNMENT( ( #1238 ) );
#458 = ADVANCED_FACE( '', ( #1239 ), #1240, .F. );
#459 = PRESENTATION_STYLE_ASSIGNMENT( ( #1241 ) );
#460 = ADVANCED_FACE( '', ( #1242 ), #1243, .T. );
#461 = PRESENTATION_STYLE_ASSIGNMENT( ( #1244 ) );
#462 = ADVANCED_FACE( '', ( #1245 ), #1246, .T. );
#463 = PRESENTATION_STYLE_ASSIGNMENT( ( #1247 ) );
#464 = ADVANCED_FACE( '', ( #1248 ), #1249, .F. );
#465 = PRESENTATION_STYLE_ASSIGNMENT( ( #1250 ) );
#466 = ADVANCED_FACE( '', ( #1251 ), #1252, .F. );
#467 = PRESENTATION_STYLE_ASSIGNMENT( ( #1253 ) );
#468 = ADVANCED_FACE( '', ( #1254 ), #1255, .F. );
#469 = PRESENTATION_STYLE_ASSIGNMENT( ( #1256 ) );
#470 = ADVANCED_FACE( '', ( #1257 ), #1258, .T. );
#471 = PRESENTATION_STYLE_ASSIGNMENT( ( #1259 ) );
#472 = ADVANCED_FACE( '', ( #1260 ), #1261, .T. );
#473 = PRESENTATION_STYLE_ASSIGNMENT( ( #1262 ) );
#474 = ADVANCED_FACE( '', ( #1263 ), #1264, .T. );
#475 = PRESENTATION_STYLE_ASSIGNMENT( ( #1265 ) );
#476 = ADVANCED_FACE( '', ( #1266 ), #1267, .F. );
#477 = PRESENTATION_STYLE_ASSIGNMENT( ( #1268 ) );
#478 = ADVANCED_FACE( '', ( #1269 ), #1270, .F. );
#479 = PRESENTATION_STYLE_ASSIGNMENT( ( #1271 ) );
#480 = ADVANCED_FACE( '', ( #1272 ), #1273, .F. );
#481 = PRESENTATION_STYLE_ASSIGNMENT( ( #1274 ) );
#482 = ADVANCED_FACE( '', ( #1275 ), #1276, .F. );
#483 = PRESENTATION_STYLE_ASSIGNMENT( ( #1277 ) );
#484 = ADVANCED_FACE( '', ( #1278 ), #1279, .F. );
#485 = PRESENTATION_STYLE_ASSIGNMENT( ( #1280 ) );
#486 = ADVANCED_FACE( '', ( #1281 ), #1282, .T. );
#487 = PRESENTATION_STYLE_ASSIGNMENT( ( #1283 ) );
#488 = ADVANCED_FACE( '', ( #1284 ), #1285, .T. );
#489 = PRESENTATION_STYLE_ASSIGNMENT( ( #1286 ) );
#490 = ADVANCED_FACE( '', ( #1287 ), #1288, .T. );
#491 = PRESENTATION_STYLE_ASSIGNMENT( ( #1289 ) );
#492 = ADVANCED_FACE( '', ( #1290 ), #1291, .F. );
#493 = PRESENTATION_STYLE_ASSIGNMENT( ( #1292 ) );
#494 = ADVANCED_FACE( '', ( #1293 ), #1294, .T. );
#495 = PRESENTATION_STYLE_ASSIGNMENT( ( #1295 ) );
#496 = ADVANCED_FACE( '', ( #1296 ), #1297, .T. );
#497 = PRESENTATION_STYLE_ASSIGNMENT( ( #1298 ) );
#498 = ADVANCED_FACE( '', ( #1299 ), #1300, .F. );
#499 = PRESENTATION_STYLE_ASSIGNMENT( ( #1301 ) );
#500 = ADVANCED_FACE( '', ( #1302 ), #1303, .F. );
#501 = PRESENTATION_STYLE_ASSIGNMENT( ( #1304 ) );
#502 = ADVANCED_FACE( '', ( #1305 ), #1306, .F. );
#503 = PRESENTATION_STYLE_ASSIGNMENT( ( #1307 ) );
#504 = ADVANCED_FACE( '', ( #1308 ), #1309, .F. );
#505 = PRESENTATION_STYLE_ASSIGNMENT( ( #1310 ) );
#506 = ADVANCED_FACE( '', ( #1311 ), #1312, .F. );
#507 = PRESENTATION_STYLE_ASSIGNMENT( ( #1313 ) );
#508 = ADVANCED_FACE( '', ( #1314 ), #1315, .T. );
#509 = PRESENTATION_STYLE_ASSIGNMENT( ( #1316 ) );
#510 = ADVANCED_FACE( '', ( #1317 ), #1318, .T. );
#511 = PRESENTATION_STYLE_ASSIGNMENT( ( #1319 ) );
#512 = ADVANCED_FACE( '', ( #1320 ), #1321, .T. );
#513 = PRESENTATION_STYLE_ASSIGNMENT( ( #1322 ) );
#514 = ADVANCED_FACE( '', ( #1323 ), #1324, .F. );
#515 = PRESENTATION_STYLE_ASSIGNMENT( ( #1325 ) );
#516 = ADVANCED_FACE( '', ( #1326 ), #1327, .F. );
#517 = PRESENTATION_STYLE_ASSIGNMENT( ( #1328 ) );
#518 = ADVANCED_FACE( '', ( #1329 ), #1330, .F. );
#519 = PRESENTATION_STYLE_ASSIGNMENT( ( #1331 ) );
#520 = ADVANCED_FACE( '', ( #1332 ), #1333, .F. );
#521 = PRESENTATION_STYLE_ASSIGNMENT( ( #1334 ) );
#522 = ADVANCED_FACE( '', ( #1335 ), #1336, .F. );
#523 = PRESENTATION_STYLE_ASSIGNMENT( ( #1337 ) );
#524 = ADVANCED_FACE( '', ( #1338 ), #1339, .F. );
#525 = PRESENTATION_STYLE_ASSIGNMENT( ( #1340 ) );
#526 = ADVANCED_FACE( '', ( #1341 ), #1342, .T. );
#527 = PRESENTATION_STYLE_ASSIGNMENT( ( #1343 ) );
#528 = ADVANCED_FACE( '', ( #1344 ), #1345, .T. );
#529 = PRESENTATION_STYLE_ASSIGNMENT( ( #1346 ) );
#530 = ADVANCED_FACE( '', ( #1347 ), #1348, .T. );
#531 = PRESENTATION_STYLE_ASSIGNMENT( ( #1349 ) );
#532 = ADVANCED_FACE( '', ( #1350 ), #1351, .F. );
#533 = PRESENTATION_STYLE_ASSIGNMENT( ( #1352 ) );
#534 = ADVANCED_FACE( '', ( #1353 ), #1354, .F. );
#535 = PRESENTATION_STYLE_ASSIGNMENT( ( #1355 ) );
#536 = ADVANCED_FACE( '', ( #1356 ), #1357, .F. );
#537 = PRESENTATION_STYLE_ASSIGNMENT( ( #1358 ) );
#538 = ADVANCED_FACE( '', ( #1359 ), #1360, .T. );
#539 = PRESENTATION_STYLE_ASSIGNMENT( ( #1361 ) );
#540 = ADVANCED_FACE( '', ( #1362 ), #1363, .F. );
#541 = PRESENTATION_STYLE_ASSIGNMENT( ( #1364 ) );
#542 = ADVANCED_FACE( '', ( #1365 ), #1366, .F. );
#543 = PRESENTATION_STYLE_ASSIGNMENT( ( #1367 ) );
#544 = ADVANCED_FACE( '', ( #1368 ), #1369, .F. );
#545 = PRESENTATION_STYLE_ASSIGNMENT( ( #1370 ) );
#546 = ADVANCED_FACE( '', ( #1371 ), #1372, .F. );
#547 = PRESENTATION_STYLE_ASSIGNMENT( ( #1373 ) );
#548 = ADVANCED_FACE( '', ( #1374 ), #1375, .F. );
#549 = PRESENTATION_STYLE_ASSIGNMENT( ( #1376 ) );
#550 = ADVANCED_FACE( '', ( #1377 ), #1378, .T. );
#551 = PRESENTATION_STYLE_ASSIGNMENT( ( #1379 ) );
#552 = ADVANCED_FACE( '', ( #1380 ), #1381, .F. );
#553 = PRESENTATION_STYLE_ASSIGNMENT( ( #1382 ) );
#554 = ADVANCED_FACE( '', ( #1383 ), #1384, .T. );
#555 = PRESENTATION_STYLE_ASSIGNMENT( ( #1385 ) );
#556 = ADVANCED_FACE( '', ( #1386 ), #1387, .F. );
#557 = PRESENTATION_STYLE_ASSIGNMENT( ( #1388 ) );
#558 = ADVANCED_FACE( '', ( #1389 ), #1390, .F. );
#559 = PRESENTATION_STYLE_ASSIGNMENT( ( #1391 ) );
#560 = ADVANCED_FACE( '', ( #1392 ), #1393, .T. );
#561 = PRESENTATION_STYLE_ASSIGNMENT( ( #1394 ) );
#562 = ADVANCED_FACE( '', ( #1395 ), #1396, .F. );
#563 = PRESENTATION_STYLE_ASSIGNMENT( ( #1397 ) );
#564 = ADVANCED_FACE( '', ( #1398 ), #1399, .T. );
#565 = PRESENTATION_STYLE_ASSIGNMENT( ( #1400 ) );
#566 = ADVANCED_FACE( '', ( #1401 ), #1402, .T. );
#567 = PRESENTATION_STYLE_ASSIGNMENT( ( #1403 ) );
#568 = ADVANCED_FACE( '', ( #1404 ), #1405, .F. );
#569 = PRESENTATION_STYLE_ASSIGNMENT( ( #1406 ) );
#570 = ADVANCED_FACE( '', ( #1407 ), #1408, .F. );
#571 = PRESENTATION_STYLE_ASSIGNMENT( ( #1409 ) );
#572 = ADVANCED_FACE( '', ( #1410 ), #1411, .F. );
#573 = PRESENTATION_STYLE_ASSIGNMENT( ( #1412 ) );
#574 = ADVANCED_FACE( '', ( #1413 ), #1414, .T. );
#575 = PRESENTATION_STYLE_ASSIGNMENT( ( #1415 ) );
#576 = ADVANCED_FACE( '', ( #1416 ), #1417, .F. );
#577 = PRESENTATION_STYLE_ASSIGNMENT( ( #1418 ) );
#578 = ADVANCED_FACE( '', ( #1419 ), #1420, .F. );
#579 = PRESENTATION_STYLE_ASSIGNMENT( ( #1421 ) );
#580 = ADVANCED_FACE( '', ( #1422 ), #1423, .F. );
#581 = PRESENTATION_STYLE_ASSIGNMENT( ( #1424 ) );
#582 = ADVANCED_FACE( '', ( #1425 ), #1426, .F. );
#583 = PRESENTATION_STYLE_ASSIGNMENT( ( #1427 ) );
#584 = ADVANCED_FACE( '', ( #1428 ), #1429, .T. );
#585 = PRESENTATION_STYLE_ASSIGNMENT( ( #1430 ) );
#586 = ADVANCED_FACE( '', ( #1431 ), #1432, .F. );
#587 = PRESENTATION_STYLE_ASSIGNMENT( ( #1433 ) );
#588 = ADVANCED_FACE( '', ( #1434 ), #1435, .T. );
#589 = PRESENTATION_STYLE_ASSIGNMENT( ( #1436 ) );
#590 = ADVANCED_FACE( '', ( #1437 ), #1438, .T. );
#591 = PRESENTATION_STYLE_ASSIGNMENT( ( #1439 ) );
#592 = ADVANCED_FACE( '', ( #1440 ), #1441, .T. );
#593 = PRESENTATION_STYLE_ASSIGNMENT( ( #1442 ) );
#594 = ADVANCED_FACE( '', ( #1443 ), #1444, .F. );
#595 = PRESENTATION_STYLE_ASSIGNMENT( ( #1445 ) );
#596 = ADVANCED_FACE( '', ( #1446 ), #1447, .T. );
#597 = PRESENTATION_STYLE_ASSIGNMENT( ( #1448 ) );
#598 = ADVANCED_FACE( '', ( #1449 ), #1450, .T. );
#599 = PRESENTATION_STYLE_ASSIGNMENT( ( #1451 ) );
#600 = ADVANCED_FACE( '', ( #1452 ), #1453, .F. );
#601 = PRESENTATION_STYLE_ASSIGNMENT( ( #1454 ) );
#602 = ADVANCED_FACE( '', ( #1455 ), #1456, .F. );
#603 = PRESENTATION_STYLE_ASSIGNMENT( ( #1457 ) );
#604 = ADVANCED_FACE( '', ( #1458 ), #1459, .F. );
#605 = PRESENTATION_STYLE_ASSIGNMENT( ( #1460 ) );
#606 = ADVANCED_FACE( '', ( #1461 ), #1462, .F. );
#607 = PRESENTATION_STYLE_ASSIGNMENT( ( #1463 ) );
#608 = ADVANCED_FACE( '', ( #1464 ), #1465, .F. );
#609 = PRESENTATION_STYLE_ASSIGNMENT( ( #1466 ) );
#610 = ADVANCED_FACE( '', ( #1467 ), #1468, .F. );
#611 = PRESENTATION_STYLE_ASSIGNMENT( ( #1469 ) );
#612 = ADVANCED_FACE( '', ( #1470 ), #1471, .T. );
#613 = PRESENTATION_STYLE_ASSIGNMENT( ( #1472 ) );
#614 = ADVANCED_FACE( '', ( #1473 ), #1474, .F. );
#615 = PRESENTATION_STYLE_ASSIGNMENT( ( #1475 ) );
#616 = ADVANCED_FACE( '', ( #1476 ), #1477, .F. );
#617 = PRESENTATION_STYLE_ASSIGNMENT( ( #1478 ) );
#618 = ADVANCED_FACE( '', ( #1479 ), #1480, .F. );
#619 = PRESENTATION_STYLE_ASSIGNMENT( ( #1481 ) );
#620 = ADVANCED_FACE( '', ( #1482 ), #1483, .F. );
#621 = PRESENTATION_STYLE_ASSIGNMENT( ( #1484 ) );
#622 = ADVANCED_FACE( '', ( #1485 ), #1486, .F. );
#623 = PRESENTATION_STYLE_ASSIGNMENT( ( #1487 ) );
#624 = ADVANCED_FACE( '', ( #1488 ), #1489, .F. );
#625 = PRESENTATION_STYLE_ASSIGNMENT( ( #1490 ) );
#626 = ADVANCED_FACE( '', ( #1491 ), #1492, .F. );
#627 = PRESENTATION_STYLE_ASSIGNMENT( ( #1493 ) );
#628 = ADVANCED_FACE( '', ( #1494 ), #1495, .T. );
#629 = PRESENTATION_STYLE_ASSIGNMENT( ( #1496 ) );
#630 = ADVANCED_FACE( '', ( #1497 ), #1498, .F. );
#631 = PRESENTATION_STYLE_ASSIGNMENT( ( #1499 ) );
#632 = ADVANCED_FACE( '', ( #1500 ), #1501, .F. );
#633 = PRESENTATION_STYLE_ASSIGNMENT( ( #1502 ) );
#634 = ADVANCED_FACE( '', ( #1503 ), #1504, .F. );
#635 = PRESENTATION_STYLE_ASSIGNMENT( ( #1505 ) );
#636 = ADVANCED_FACE( '', ( #1506 ), #1507, .F. );
#637 = PRESENTATION_STYLE_ASSIGNMENT( ( #1508 ) );
#638 = ADVANCED_FACE( '', ( #1509 ), #1510, .F. );
#639 = PRESENTATION_STYLE_ASSIGNMENT( ( #1511 ) );
#640 = ADVANCED_FACE( '', ( #1512 ), #1513, .F. );
#641 = PRESENTATION_STYLE_ASSIGNMENT( ( #1514 ) );
#642 = ADVANCED_FACE( '', ( #1515 ), #1516, .F. );
#643 = PRESENTATION_STYLE_ASSIGNMENT( ( #1517 ) );
#644 = ADVANCED_FACE( '', ( #1518 ), #1519, .F. );
#645 = PRESENTATION_STYLE_ASSIGNMENT( ( #1520 ) );
#646 = ADVANCED_FACE( '', ( #1521 ), #1522, .F. );
#647 = PRESENTATION_STYLE_ASSIGNMENT( ( #1523 ) );
#648 = ADVANCED_FACE( '', ( #1524 ), #1525, .T. );
#649 = PRESENTATION_STYLE_ASSIGNMENT( ( #1526 ) );
#650 = ADVANCED_FACE( '', ( #1527 ), #1528, .F. );
#651 = PRESENTATION_STYLE_ASSIGNMENT( ( #1529 ) );
#652 = ADVANCED_FACE( '', ( #1530 ), #1531, .F. );
#653 = PRESENTATION_STYLE_ASSIGNMENT( ( #1532 ) );
#654 = ADVANCED_FACE( '', ( #1533 ), #1534, .F. );
#655 = PRESENTATION_STYLE_ASSIGNMENT( ( #1535 ) );
#656 = ADVANCED_FACE( '', ( #1536 ), #1537, .T. );
#657 = PRESENTATION_STYLE_ASSIGNMENT( ( #1538 ) );
#658 = ADVANCED_FACE( '', ( #1539 ), #1540, .T. );
#659 = PRESENTATION_STYLE_ASSIGNMENT( ( #1541 ) );
#660 = ADVANCED_FACE( '', ( #1542 ), #1543, .F. );
#661 = PRESENTATION_STYLE_ASSIGNMENT( ( #1544 ) );
#662 = ADVANCED_FACE( '', ( #1545 ), #1546, .F. );
#663 = PRESENTATION_STYLE_ASSIGNMENT( ( #1547 ) );
#664 = ADVANCED_FACE( '', ( #1548 ), #1549, .F. );
#665 = PRESENTATION_STYLE_ASSIGNMENT( ( #1550 ) );
#666 = ADVANCED_FACE( '', ( #1551 ), #1552, .F. );
#667 = PRESENTATION_STYLE_ASSIGNMENT( ( #1553 ) );
#668 = ADVANCED_FACE( '', ( #1554 ), #1555, .T. );
#669 = PRESENTATION_STYLE_ASSIGNMENT( ( #1556 ) );
#670 = ADVANCED_FACE( '', ( #1557 ), #1558, .F. );
#671 = PRESENTATION_STYLE_ASSIGNMENT( ( #1559 ) );
#672 = ADVANCED_FACE( '', ( #1560 ), #1561, .F. );
#673 = PRESENTATION_STYLE_ASSIGNMENT( ( #1562 ) );
#674 = ADVANCED_FACE( '', ( #1563 ), #1564, .F. );
#675 = PRESENTATION_STYLE_ASSIGNMENT( ( #1565 ) );
#676 = ADVANCED_FACE( '', ( #1566 ), #1567, .F. );
#677 = PRESENTATION_STYLE_ASSIGNMENT( ( #1568 ) );
#678 = ADVANCED_FACE( '', ( #1569 ), #1570, .F. );
#679 = PRESENTATION_STYLE_ASSIGNMENT( ( #1571 ) );
#680 = ADVANCED_FACE( '', ( #1572 ), #1573, .F. );
#681 = PRESENTATION_STYLE_ASSIGNMENT( ( #1574 ) );
#682 = ADVANCED_FACE( '', ( #1575 ), #1576, .T. );
#683 = PRESENTATION_STYLE_ASSIGNMENT( ( #1577 ) );
#684 = ADVANCED_FACE( '', ( #1578 ), #1579, .F. );
#685 = PRESENTATION_STYLE_ASSIGNMENT( ( #1580 ) );
#686 = ADVANCED_FACE( '', ( #1581 ), #1582, .F. );
#687 = PRESENTATION_STYLE_ASSIGNMENT( ( #1583 ) );
#688 = ADVANCED_FACE( '', ( #1584 ), #1585, .T. );
#689 = PRESENTATION_STYLE_ASSIGNMENT( ( #1586 ) );
#690 = ADVANCED_FACE( '', ( #1587 ), #1588, .F. );
#691 = PRESENTATION_STYLE_ASSIGNMENT( ( #1589 ) );
#692 = ADVANCED_FACE( '', ( #1590 ), #1591, .T. );
#693 = PRESENTATION_STYLE_ASSIGNMENT( ( #1592 ) );
#694 = ADVANCED_FACE( '', ( #1593 ), #1594, .F. );
#695 = PRESENTATION_STYLE_ASSIGNMENT( ( #1595 ) );
#696 = ADVANCED_FACE( '', ( #1596 ), #1597, .T. );
#697 = PRESENTATION_STYLE_ASSIGNMENT( ( #1598 ) );
#698 = ADVANCED_FACE( '', ( #1599 ), #1600, .F. );
#699 = PRESENTATION_STYLE_ASSIGNMENT( ( #1601 ) );
#700 = ADVANCED_FACE( '', ( #1602 ), #1603, .F. );
#701 = PRESENTATION_STYLE_ASSIGNMENT( ( #1604 ) );
#702 = ADVANCED_FACE( '', ( #1605 ), #1606, .T. );
#703 = PRESENTATION_STYLE_ASSIGNMENT( ( #1607 ) );
#704 = ADVANCED_FACE( '', ( #1608 ), #1609, .F. );
#705 = PRESENTATION_STYLE_ASSIGNMENT( ( #1610 ) );
#706 = ADVANCED_FACE( '', ( #1611 ), #1612, .F. );
#707 = PRESENTATION_STYLE_ASSIGNMENT( ( #1613 ) );
#708 = ADVANCED_FACE( '', ( #1614 ), #1615, .T. );
#709 = PRESENTATION_STYLE_ASSIGNMENT( ( #1616 ) );
#710 = ADVANCED_FACE( '', ( #1617 ), #1618, .F. );
#711 = PRESENTATION_STYLE_ASSIGNMENT( ( #1619 ) );
#712 = ADVANCED_FACE( '', ( #1620 ), #1621, .F. );
#713 = PRESENTATION_STYLE_ASSIGNMENT( ( #1622 ) );
#714 = ADVANCED_FACE( '', ( #1623 ), #1624, .T. );
#715 = PRESENTATION_STYLE_ASSIGNMENT( ( #1625 ) );
#716 = ADVANCED_FACE( '', ( #1626 ), #1627, .F. );
#717 = PRESENTATION_STYLE_ASSIGNMENT( ( #1628 ) );
#718 = ADVANCED_FACE( '', ( #1629 ), #1630, .F. );
#719 = PRESENTATION_STYLE_ASSIGNMENT( ( #1631 ) );
#720 = ADVANCED_FACE( '', ( #1632 ), #1633, .F. );
#721 = PRESENTATION_STYLE_ASSIGNMENT( ( #1634 ) );
#722 = ADVANCED_FACE( '', ( #1635 ), #1636, .F. );
#723 = PRESENTATION_STYLE_ASSIGNMENT( ( #1637 ) );
#724 = ADVANCED_FACE( '', ( #1638 ), #1639, .F. );
#725 = PRESENTATION_STYLE_ASSIGNMENT( ( #1640 ) );
#726 = ADVANCED_FACE( '', ( #1641 ), #1642, .T. );
#727 = PRESENTATION_STYLE_ASSIGNMENT( ( #1643 ) );
#728 = ADVANCED_FACE( '', ( #1644 ), #1645, .F. );
#729 = PRESENTATION_STYLE_ASSIGNMENT( ( #1646 ) );
#730 = ADVANCED_FACE( '', ( #1647 ), #1648, .F. );
#731 = PRESENTATION_STYLE_ASSIGNMENT( ( #1649 ) );
#732 = ADVANCED_FACE( '', ( #1650 ), #1651, .F. );
#733 = PRESENTATION_STYLE_ASSIGNMENT( ( #1652 ) );
#734 = ADVANCED_FACE( '', ( #1653 ), #1654, .F. );
#735 = PRESENTATION_STYLE_ASSIGNMENT( ( #1655 ) );
#736 = ADVANCED_FACE( '', ( #1656 ), #1657, .F. );
#737 = PRESENTATION_STYLE_ASSIGNMENT( ( #1658 ) );
#738 = ADVANCED_FACE( '', ( #1659 ), #1660, .T. );
#739 = PRESENTATION_STYLE_ASSIGNMENT( ( #1661 ) );
#740 = ADVANCED_FACE( '', ( #1662 ), #1663, .F. );
#741 = PRESENTATION_STYLE_ASSIGNMENT( ( #1664 ) );
#742 = ADVANCED_FACE( '', ( #1665 ), #1666, .T. );
#743 = PRESENTATION_STYLE_ASSIGNMENT( ( #1667 ) );
#744 = ADVANCED_FACE( '', ( #1668 ), #1669, .T. );
#745 = PRESENTATION_STYLE_ASSIGNMENT( ( #1670 ) );
#746 = ADVANCED_FACE( '', ( #1671 ), #1672, .T. );
#747 = PRESENTATION_STYLE_ASSIGNMENT( ( #1673 ) );
#748 = ADVANCED_FACE( '', ( #1674 ), #1675, .T. );
#749 = PRESENTATION_STYLE_ASSIGNMENT( ( #1676 ) );
#750 = ADVANCED_FACE( '', ( #1677 ), #1678, .F. );
#751 = PRESENTATION_STYLE_ASSIGNMENT( ( #1679 ) );
#752 = ADVANCED_FACE( '', ( #1680 ), #1681, .F. );
#753 = PRESENTATION_STYLE_ASSIGNMENT( ( #1682 ) );
#754 = ADVANCED_FACE( '', ( #1683 ), #1684, .T. );
#755 = PRESENTATION_STYLE_ASSIGNMENT( ( #1685 ) );
#756 = ADVANCED_FACE( '', ( #1686 ), #1687, .F. );
#757 = PRESENTATION_STYLE_ASSIGNMENT( ( #1688 ) );
#758 = ADVANCED_FACE( '', ( #1689 ), #1690, .F. );
#759 = PRESENTATION_STYLE_ASSIGNMENT( ( #1691 ) );
#760 = ADVANCED_FACE( '', ( #1692 ), #1693, .F. );
#761 = PRESENTATION_STYLE_ASSIGNMENT( ( #1694 ) );
#762 = ADVANCED_FACE( '', ( #1695 ), #1696, .F. );
#763 = PRESENTATION_STYLE_ASSIGNMENT( ( #1697 ) );
#764 = ADVANCED_FACE( '', ( #1698 ), #1699, .T. );
#765 = PRESENTATION_STYLE_ASSIGNMENT( ( #1700 ) );
#766 = ADVANCED_FACE( '', ( #1701 ), #1702, .T. );
#767 = PRESENTATION_STYLE_ASSIGNMENT( ( #1703 ) );
#768 = ADVANCED_FACE( '', ( #1704 ), #1705, .F. );
#769 = PRESENTATION_STYLE_ASSIGNMENT( ( #1706 ) );
#770 = ADVANCED_FACE( '', ( #1707 ), #1708, .F. );
#771 = PRESENTATION_STYLE_ASSIGNMENT( ( #1709 ) );
#772 = ADVANCED_FACE( '', ( #1710 ), #1711, .T. );
#773 = PRESENTATION_STYLE_ASSIGNMENT( ( #1712 ) );
#774 = ADVANCED_FACE( '', ( #1713 ), #1714, .F. );
#775 = PRESENTATION_STYLE_ASSIGNMENT( ( #1715 ) );
#776 = ADVANCED_FACE( '', ( #1716 ), #1717, .T. );
#777 = PRESENTATION_STYLE_ASSIGNMENT( ( #1718 ) );
#778 = ADVANCED_FACE( '', ( #1719 ), #1720, .T. );
#779 = PRESENTATION_STYLE_ASSIGNMENT( ( #1721 ) );
#780 = ADVANCED_FACE( '', ( #1722 ), #1723, .F. );
#781 = PRESENTATION_STYLE_ASSIGNMENT( ( #1724 ) );
#782 = ADVANCED_FACE( '', ( #1725 ), #1726, .F. );
#783 = PRESENTATION_STYLE_ASSIGNMENT( ( #1727 ) );
#784 = ADVANCED_FACE( '', ( #1728 ), #1729, .T. );
#785 = PRESENTATION_STYLE_ASSIGNMENT( ( #1730 ) );
#786 = ADVANCED_FACE( '', ( #1731 ), #1732, .F. );
#787 = PRESENTATION_STYLE_ASSIGNMENT( ( #1733 ) );
#788 = ADVANCED_FACE( '', ( #1734 ), #1735, .T. );
#789 = PRESENTATION_STYLE_ASSIGNMENT( ( #1736 ) );
#790 = ADVANCED_FACE( '', ( #1737 ), #1738, .F. );
#791 = PRESENTATION_STYLE_ASSIGNMENT( ( #1739 ) );
#792 = ADVANCED_FACE( '', ( #1740 ), #1741, .F. );
#793 = PRESENTATION_STYLE_ASSIGNMENT( ( #1742 ) );
#794 = ADVANCED_FACE( '', ( #1743 ), #1744, .F. );
#795 = PRESENTATION_STYLE_ASSIGNMENT( ( #1745 ) );
#796 = ADVANCED_FACE( '', ( #1746 ), #1747, .F. );
#797 = PRESENTATION_STYLE_ASSIGNMENT( ( #1748 ) );
#798 = ADVANCED_FACE( '', ( #1749 ), #1750, .F. );
#799 = PRESENTATION_STYLE_ASSIGNMENT( ( #1751 ) );
#800 = ADVANCED_FACE( '', ( #1752 ), #1753, .F. );
#801 = PRESENTATION_STYLE_ASSIGNMENT( ( #1754 ) );
#802 = ADVANCED_FACE( '', ( #1755 ), #1756, .F. );
#803 = PRESENTATION_STYLE_ASSIGNMENT( ( #1757 ) );
#804 = ADVANCED_FACE( '', ( #1758 ), #1759, .T. );
#805 = PRESENTATION_STYLE_ASSIGNMENT( ( #1760 ) );
#806 = ADVANCED_FACE( '', ( #1761 ), #1762, .T. );
#807 = PRESENTATION_STYLE_ASSIGNMENT( ( #1763 ) );
#808 = ADVANCED_FACE( '', ( #1764 ), #1765, .T. );
#809 = PRESENTATION_STYLE_ASSIGNMENT( ( #1766 ) );
#810 = ADVANCED_FACE( '', ( #1767 ), #1768, .T. );
#811 = PRESENTATION_STYLE_ASSIGNMENT( ( #1769 ) );
#812 = ADVANCED_FACE( '', ( #1770 ), #1771, .F. );
#813 = PRESENTATION_STYLE_ASSIGNMENT( ( #1772 ) );
#814 = ADVANCED_FACE( '', ( #1773 ), #1774, .T. );
#815 = PRESENTATION_STYLE_ASSIGNMENT( ( #1775 ) );
#816 = ADVANCED_FACE( '', ( #1776 ), #1777, .F. );
#817 = PRESENTATION_STYLE_ASSIGNMENT( ( #1778 ) );
#818 = ADVANCED_FACE( '', ( #1779 ), #1780, .F. );
#819 = PRESENTATION_STYLE_ASSIGNMENT( ( #1781 ) );
#820 = ADVANCED_FACE( '', ( #1782 ), #1783, .F. );
#821 = PRESENTATION_STYLE_ASSIGNMENT( ( #1784 ) );
#822 = ADVANCED_FACE( '', ( #1785 ), #1786, .T. );
#823 = PRESENTATION_STYLE_ASSIGNMENT( ( #1787 ) );
#824 = ADVANCED_FACE( '', ( #1788 ), #1789, .F. );
#825 = PRESENTATION_STYLE_ASSIGNMENT( ( #1790 ) );
#826 = ADVANCED_FACE( '', ( #1791 ), #1792, .F. );
#827 = PRESENTATION_STYLE_ASSIGNMENT( ( #1793 ) );
#828 = ADVANCED_FACE( '', ( #1794 ), #1795, .F. );
#829 = PRESENTATION_STYLE_ASSIGNMENT( ( #1796 ) );
#830 = ADVANCED_FACE( '', ( #1797 ), #1798, .T. );
#831 = PRESENTATION_STYLE_ASSIGNMENT( ( #1799 ) );
#832 = ADVANCED_FACE( '', ( #1800 ), #1801, .F. );
#833 = PRESENTATION_STYLE_ASSIGNMENT( ( #1802 ) );
#834 = ADVANCED_FACE( '', ( #1803 ), #1804, .T. );
#835 = PRESENTATION_STYLE_ASSIGNMENT( ( #1805 ) );
#836 = ADVANCED_FACE( '', ( #1806 ), #1807, .F. );
#837 = PRESENTATION_STYLE_ASSIGNMENT( ( #1808 ) );
#838 = ADVANCED_FACE( '', ( #1809 ), #1810, .F. );
#839 = PRESENTATION_STYLE_ASSIGNMENT( ( #1811 ) );
#840 = ADVANCED_FACE( '', ( #1812 ), #1813, .F. );
#841 = PRESENTATION_STYLE_ASSIGNMENT( ( #1814 ) );
#842 = ADVANCED_FACE( '', ( #1815 ), #1816, .F. );
#843 = PRESENTATION_STYLE_ASSIGNMENT( ( #1817 ) );
#844 = ADVANCED_FACE( '', ( #1818, #1819, #1820, #1821, #1822 ), #1823, .F. );
#845 = PRESENTATION_STYLE_ASSIGNMENT( ( #1824 ) );
#846 = ADVANCED_FACE( '', ( #1825 ), #1826, .F. );
#847 = PRESENTATION_STYLE_ASSIGNMENT( ( #1827 ) );
#848 = ADVANCED_FACE( '', ( #1828 ), #1829, .F. );
#849 = PRESENTATION_STYLE_ASSIGNMENT( ( #1830 ) );
#850 = ADVANCED_FACE( '', ( #1831 ), #1832, .F. );
#851 = PRESENTATION_STYLE_ASSIGNMENT( ( #1833 ) );
#852 = ADVANCED_FACE( '', ( #1834 ), #1835, .F. );
#853 = PRESENTATION_STYLE_ASSIGNMENT( ( #1836 ) );
#854 = ADVANCED_FACE( '', ( #1837 ), #1838, .F. );
#855 = PRESENTATION_STYLE_ASSIGNMENT( ( #1839 ) );
#856 = ADVANCED_FACE( '', ( #1840 ), #1841, .F. );
#857 = PRESENTATION_STYLE_ASSIGNMENT( ( #1842 ) );
#858 = ADVANCED_FACE( '', ( #1843 ), #1844, .F. );
#859 = PRESENTATION_STYLE_ASSIGNMENT( ( #1845 ) );
#860 = ADVANCED_FACE( '', ( #1846 ), #1847, .F. );
#861 = PRESENTATION_STYLE_ASSIGNMENT( ( #1848 ) );
#862 = ADVANCED_FACE( '', ( #1849 ), #1850, .F. );
#863 = PRESENTATION_STYLE_ASSIGNMENT( ( #1851 ) );
#864 = ADVANCED_FACE( '', ( #1852 ), #1853, .F. );
#865 = PRESENTATION_STYLE_ASSIGNMENT( ( #1854 ) );
#866 = ADVANCED_FACE( '', ( #1855 ), #1856, .F. );
#867 = PRESENTATION_STYLE_ASSIGNMENT( ( #1857 ) );
#868 = ADVANCED_FACE( '', ( #1858 ), #1859, .F. );
#869 = PRESENTATION_STYLE_ASSIGNMENT( ( #1860 ) );
#870 = ADVANCED_FACE( '', ( #1861 ), #1862, .T. );
#871 = PRESENTATION_STYLE_ASSIGNMENT( ( #1863 ) );
#872 = ADVANCED_FACE( '', ( #1864 ), #1865, .F. );
#873 = PRESENTATION_STYLE_ASSIGNMENT( ( #1866 ) );
#874 = ADVANCED_FACE( '', ( #1867 ), #1868, .T. );
#875 = PRESENTATION_STYLE_ASSIGNMENT( ( #1869 ) );
#876 = ADVANCED_FACE( '', ( #1870 ), #1871, .T. );
#877 = PRESENTATION_STYLE_ASSIGNMENT( ( #1872 ) );
#878 = ADVANCED_FACE( '', ( #1873 ), #1874, .F. );
#879 = PRESENTATION_STYLE_ASSIGNMENT( ( #1875 ) );
#880 = ADVANCED_FACE( '', ( #1876 ), #1877, .T. );
#881 = PRESENTATION_STYLE_ASSIGNMENT( ( #1878 ) );
#882 = ADVANCED_FACE( '', ( #1879 ), #1880, .T. );
#883 = PRESENTATION_STYLE_ASSIGNMENT( ( #1881 ) );
#884 = ADVANCED_FACE( '', ( #1882 ), #1883, .F. );
#885 = PRESENTATION_STYLE_ASSIGNMENT( ( #1884 ) );
#886 = ADVANCED_FACE( '', ( #1885 ), #1886, .F. );
#887 = PRESENTATION_STYLE_ASSIGNMENT( ( #1887 ) );
#888 = ADVANCED_FACE( '', ( #1888 ), #1889, .T. );
#889 = PRESENTATION_STYLE_ASSIGNMENT( ( #1890 ) );
#890 = ADVANCED_FACE( '', ( #1891 ), #1892, .F. );
#891 = PRESENTATION_STYLE_ASSIGNMENT( ( #1893 ) );
#892 = ADVANCED_FACE( '', ( #1894 ), #1895, .T. );
#893 = PRESENTATION_STYLE_ASSIGNMENT( ( #1896 ) );
#894 = ADVANCED_FACE( '', ( #1897 ), #1898, .T. );
#895 = PRESENTATION_STYLE_ASSIGNMENT( ( #1899 ) );
#896 = ADVANCED_FACE( '', ( #1900 ), #1901, .F. );
#897 = PRESENTATION_STYLE_ASSIGNMENT( ( #1902 ) );
#898 = ADVANCED_FACE( '', ( #1903 ), #1904, .T. );
#899 = PRESENTATION_STYLE_ASSIGNMENT( ( #1905 ) );
#900 = ADVANCED_FACE( '', ( #1906 ), #1907, .F. );
#901 = PRESENTATION_STYLE_ASSIGNMENT( ( #1908 ) );
#902 = ADVANCED_FACE( '', ( #1909 ), #1910, .F. );
#903 = PRESENTATION_STYLE_ASSIGNMENT( ( #1911 ) );
#904 = ADVANCED_FACE( '', ( #1912 ), #1913, .F. );
#905 = PRESENTATION_STYLE_ASSIGNMENT( ( #1914 ) );
#906 = ADVANCED_FACE( '', ( #1915 ), #1916, .F. );
#907 = PRESENTATION_STYLE_ASSIGNMENT( ( #1917 ) );
#908 = ADVANCED_FACE( '', ( #1918 ), #1919, .F. );
#909 = PRESENTATION_STYLE_ASSIGNMENT( ( #1920 ) );
#910 = ADVANCED_FACE( '', ( #1921 ), #1922, .T. );
#911 = PRESENTATION_STYLE_ASSIGNMENT( ( #1923 ) );
#912 = ADVANCED_FACE( '', ( #1924 ), #1925, .F. );
#913 = PRESENTATION_STYLE_ASSIGNMENT( ( #1926 ) );
#914 = ADVANCED_FACE( '', ( #1927 ), #1928, .T. );
#915 = PRESENTATION_STYLE_ASSIGNMENT( ( #1929 ) );
#916 = ADVANCED_FACE( '', ( #1930 ), #1931, .F. );
#917 = PRESENTATION_STYLE_ASSIGNMENT( ( #1932 ) );
#918 = ADVANCED_FACE( '', ( #1933 ), #1934, .F. );
#919 = PRESENTATION_STYLE_ASSIGNMENT( ( #1935 ) );
#920 = ADVANCED_FACE( '', ( #1936 ), #1937, .T. );
#921 = PRESENTATION_STYLE_ASSIGNMENT( ( #1938 ) );
#922 = ADVANCED_FACE( '', ( #1939 ), #1940, .F. );
#923 = PRESENTATION_STYLE_ASSIGNMENT( ( #1941 ) );
#924 = ADVANCED_FACE( '', ( #1942 ), #1943, .F. );
#925 = PRESENTATION_STYLE_ASSIGNMENT( ( #1944 ) );
#926 = ADVANCED_FACE( '', ( #1945 ), #1946, .F. );
#927 = PRESENTATION_STYLE_ASSIGNMENT( ( #1947 ) );
#928 = ADVANCED_FACE( '', ( #1948 ), #1949, .T. );
#929 = PRESENTATION_STYLE_ASSIGNMENT( ( #1950 ) );
#930 = ADVANCED_FACE( '', ( #1951 ), #1952, .F. );
#931 = PRESENTATION_STYLE_ASSIGNMENT( ( #1953 ) );
#932 = ADVANCED_FACE( '', ( #1954 ), #1955, .T. );
#933 = PRESENTATION_STYLE_ASSIGNMENT( ( #1956 ) );
#934 = ADVANCED_FACE( '', ( #1957 ), #1958, .F. );
#935 = PRESENTATION_STYLE_ASSIGNMENT( ( #1959 ) );
#936 = ADVANCED_FACE( '', ( #1960 ), #1961, .F. );
#937 = PRESENTATION_STYLE_ASSIGNMENT( ( #1962 ) );
#938 = ADVANCED_FACE( '', ( #1963 ), #1964, .F. );
#939 = PRESENTATION_STYLE_ASSIGNMENT( ( #1965 ) );
#940 = ADVANCED_FACE( '', ( #1966 ), #1967, .F. );
#941 = PRESENTATION_STYLE_ASSIGNMENT( ( #1968 ) );
#942 = ADVANCED_FACE( '', ( #1969 ), #1970, .F. );
#943 = PRESENTATION_STYLE_ASSIGNMENT( ( #1971 ) );
#944 = ADVANCED_FACE( '', ( #1972 ), #1973, .F. );
#945 = PRESENTATION_STYLE_ASSIGNMENT( ( #1974 ) );
#946 = ADVANCED_FACE( '', ( #1975 ), #1976, .F. );
#947 = PRESENTATION_STYLE_ASSIGNMENT( ( #1977 ) );
#948 = ADVANCED_FACE( '', ( #1978 ), #1979, .T. );
#949 = PRESENTATION_STYLE_ASSIGNMENT( ( #1980 ) );
#950 = ADVANCED_FACE( '', ( #1981 ), #1982, .F. );
#951 = PRESENTATION_STYLE_ASSIGNMENT( ( #1983 ) );
#952 = ADVANCED_FACE( '', ( #1984 ), #1985, .F. );
#953 = PRESENTATION_STYLE_ASSIGNMENT( ( #1986 ) );
#954 = ADVANCED_FACE( '', ( #1987 ), #1988, .F. );
#955 = PRESENTATION_STYLE_ASSIGNMENT( ( #1989 ) );
#956 = ADVANCED_FACE( '', ( #1990 ), #1991, .F. );
#957 = PRESENTATION_STYLE_ASSIGNMENT( ( #1992 ) );
#958 = ADVANCED_FACE( '', ( #1993 ), #1994, .T. );
#959 = PRESENTATION_STYLE_ASSIGNMENT( ( #1995 ) );
#960 = ADVANCED_FACE( '', ( #1996 ), #1997, .T. );
#961 = PRESENTATION_STYLE_ASSIGNMENT( ( #1998 ) );
#962 = ADVANCED_FACE( '', ( #1999 ), #2000, .T. );
#963 = PRESENTATION_STYLE_ASSIGNMENT( ( #2001 ) );
#964 = ADVANCED_FACE( '', ( #2002 ), #2003, .F. );
#965 = PRESENTATION_STYLE_ASSIGNMENT( ( #2004 ) );
#966 = ADVANCED_FACE( '', ( #2005 ), #2006, .F. );
#967 = PRESENTATION_STYLE_ASSIGNMENT( ( #2007 ) );
#968 = ADVANCED_FACE( '', ( #2008 ), #2009, .F. );
#969 = PRESENTATION_STYLE_ASSIGNMENT( ( #2010 ) );
#970 = ADVANCED_FACE( '', ( #2011 ), #2012, .T. );
#971 = PRESENTATION_STYLE_ASSIGNMENT( ( #2013 ) );
#972 = ADVANCED_FACE( '', ( #2014 ), #2015, .F. );
#973 = PRESENTATION_STYLE_ASSIGNMENT( ( #2016 ) );
#974 = ADVANCED_FACE( '', ( #2017 ), #2018, .F. );
#975 = PRESENTATION_STYLE_ASSIGNMENT( ( #2019 ) );
#976 = ADVANCED_FACE( '', ( #2020 ), #2021, .T. );
#977 = PRESENTATION_STYLE_ASSIGNMENT( ( #2022 ) );
#978 = ADVANCED_FACE( '', ( #2023 ), #2024, .F. );
#979 = PRESENTATION_STYLE_ASSIGNMENT( ( #2025 ) );
#980 = ADVANCED_FACE( '', ( #2026 ), #2027, .F. );
#981 = PRESENTATION_STYLE_ASSIGNMENT( ( #2028 ) );
#982 = ADVANCED_FACE( '', ( #2029 ), #2030, .T. );
#983 = PRESENTATION_STYLE_ASSIGNMENT( ( #2031 ) );
#984 = ADVANCED_FACE( '', ( #2032 ), #2033, .F. );
#985 = PRESENTATION_STYLE_ASSIGNMENT( ( #2034 ) );
#986 = ADVANCED_FACE( '', ( #2035 ), #2036, .F. );
#987 = PRESENTATION_STYLE_ASSIGNMENT( ( #2037 ) );
#988 = ADVANCED_FACE( '', ( #2038 ), #2039, .F. );
#989 = PRESENTATION_STYLE_ASSIGNMENT( ( #2040 ) );
#990 = ADVANCED_FACE( '', ( #2041 ), #2042, .T. );
#991 = PRESENTATION_STYLE_ASSIGNMENT( ( #2043 ) );
#992 = ADVANCED_FACE( '', ( #2044 ), #2045, .F. );
#993 = PRESENTATION_STYLE_ASSIGNMENT( ( #2046 ) );
#994 = ADVANCED_FACE( '', ( #2047 ), #2048, .F. );
#995 = PRESENTATION_STYLE_ASSIGNMENT( ( #2049 ) );
#996 = ADVANCED_FACE( '', ( #2050 ), #2051, .F. );
#997 = PRESENTATION_STYLE_ASSIGNMENT( ( #2052 ) );
#998 = ADVANCED_FACE( '', ( #2053 ), #2054, .F. );
#999 = PRESENTATION_STYLE_ASSIGNMENT( ( #2055 ) );
#1000 = ADVANCED_FACE( '', ( #2056 ), #2057, .F. );
#1001 = PRESENTATION_STYLE_ASSIGNMENT( ( #2058 ) );
#1002 = ADVANCED_FACE( '', ( #2059 ), #2060, .T. );
#1003 = PRESENTATION_STYLE_ASSIGNMENT( ( #2061 ) );
#1004 = ADVANCED_FACE( '', ( #2062 ), #2063, .T. );
#1005 = PRESENTATION_STYLE_ASSIGNMENT( ( #2064 ) );
#1006 = ADVANCED_FACE( '', ( #2065 ), #2066, .T. );
#1007 = PRESENTATION_STYLE_ASSIGNMENT( ( #2067 ) );
#1008 = ADVANCED_FACE( '', ( #2068 ), #2069, .T. );
#1009 = PRESENTATION_STYLE_ASSIGNMENT( ( #2070 ) );
#1010 = ADVANCED_FACE( '', ( #2071 ), #2072, .F. );
#1011 = PRESENTATION_STYLE_ASSIGNMENT( ( #2073 ) );
#1012 = ADVANCED_FACE( '', ( #2074 ), #2075, .T. );
#1013 = PRESENTATION_STYLE_ASSIGNMENT( ( #2076 ) );
#1014 = ADVANCED_FACE( '', ( #2077 ), #2078, .T. );
#1015 = PRESENTATION_STYLE_ASSIGNMENT( ( #2079 ) );
#1016 = ADVANCED_FACE( '', ( #2080 ), #2081, .F. );
#1017 = PRESENTATION_STYLE_ASSIGNMENT( ( #2082 ) );
#1018 = ADVANCED_FACE( '', ( #2083 ), #2084, .F. );
#1019 = PRESENTATION_STYLE_ASSIGNMENT( ( #2085 ) );
#1020 = ADVANCED_FACE( '', ( #2086 ), #2087, .F. );
#1021 = PRESENTATION_STYLE_ASSIGNMENT( ( #2088 ) );
#1022 = ADVANCED_FACE( '', ( #2089 ), #2090, .T. );
#1023 = PRESENTATION_STYLE_ASSIGNMENT( ( #2091 ) );
#1024 = ADVANCED_FACE( '', ( #2092 ), #2093, .T. );
#1025 = PRESENTATION_STYLE_ASSIGNMENT( ( #2094 ) );
#1026 = ADVANCED_FACE( '', ( #2095 ), #2096, .T. );
#1027 = PRESENTATION_STYLE_ASSIGNMENT( ( #2097 ) );
#1028 = ADVANCED_FACE( '', ( #2098 ), #2099, .T. );
#1029 = PRESENTATION_STYLE_ASSIGNMENT( ( #2100 ) );
#1030 = ADVANCED_FACE( '', ( #2101 ), #2102, .T. );
#1031 = PRESENTATION_STYLE_ASSIGNMENT( ( #2103 ) );
#1032 = ADVANCED_FACE( '', ( #2104 ), #2105, .F. );
#1033 = PRESENTATION_STYLE_ASSIGNMENT( ( #2106 ) );
#1034 = ADVANCED_FACE( '', ( #2107 ), #2108, .F. );
#1035 = PRESENTATION_STYLE_ASSIGNMENT( ( #2109 ) );
#1036 = ADVANCED_FACE( '', ( #2110 ), #2111, .F. );
#1037 = PRESENTATION_STYLE_ASSIGNMENT( ( #2112 ) );
#1038 = ADVANCED_FACE( '', ( #2113 ), #2114, .F. );
#1039 = PRESENTATION_STYLE_ASSIGNMENT( ( #2115 ) );
#1040 = ADVANCED_FACE( '', ( #2116 ), #2117, .F. );
#1041 = PRESENTATION_STYLE_ASSIGNMENT( ( #2118 ) );
#1042 = ADVANCED_FACE( '', ( #2119 ), #2120, .T. );
#1043 = PRESENTATION_STYLE_ASSIGNMENT( ( #2121 ) );
#1044 = ADVANCED_FACE( '', ( #2122 ), #2123, .F. );
#1045 = PRESENTATION_STYLE_ASSIGNMENT( ( #2124 ) );
#1046 = ADVANCED_FACE( '', ( #2125 ), #2126, .F. );
#1047 = PRESENTATION_STYLE_ASSIGNMENT( ( #2127 ) );
#1048 = ADVANCED_FACE( '', ( #2128 ), #2129, .F. );
#1049 = PRESENTATION_STYLE_ASSIGNMENT( ( #2130 ) );
#1050 = ADVANCED_FACE( '', ( #2131 ), #2132, .F. );
#1051 = PRESENTATION_STYLE_ASSIGNMENT( ( #2133 ) );
#1052 = ADVANCED_FACE( '', ( #2134 ), #2135, .F. );
#1053 = PRESENTATION_STYLE_ASSIGNMENT( ( #2136 ) );
#1054 = ADVANCED_FACE( '', ( #2137 ), #2138, .T. );
#1055 = PRESENTATION_STYLE_ASSIGNMENT( ( #2139 ) );
#1056 = ADVANCED_FACE( '', ( #2140 ), #2141, .F. );
#1057 = PRESENTATION_STYLE_ASSIGNMENT( ( #2142 ) );
#1058 = ADVANCED_FACE( '', ( #2143 ), #2144, .F. );
#1059 = PRESENTATION_STYLE_ASSIGNMENT( ( #2145 ) );
#1060 = ADVANCED_FACE( '', ( #2146 ), #2147, .F. );
#1061 = PRESENTATION_STYLE_ASSIGNMENT( ( #2148 ) );
#1062 = ADVANCED_FACE( '', ( #2149 ), #2150, .F. );
#1063 = PRESENTATION_STYLE_ASSIGNMENT( ( #2151 ) );
#1064 = ADVANCED_FACE( '', ( #2152 ), #2153, .T. );
#1065 = PRESENTATION_STYLE_ASSIGNMENT( ( #2154 ) );
#1066 = ADVANCED_FACE( '', ( #2155 ), #2156, .T. );
#1067 = PRESENTATION_STYLE_ASSIGNMENT( ( #2157 ) );
#1068 = ADVANCED_FACE( '', ( #2158 ), #2159, .F. );
#1069 = PRESENTATION_STYLE_ASSIGNMENT( ( #2160 ) );
#1070 = ADVANCED_FACE( '', ( #2161 ), #2162, .F. );
#1071 = PRESENTATION_STYLE_ASSIGNMENT( ( #2163 ) );
#1072 = ADVANCED_FACE( '', ( #2164 ), #2165, .F. );
#1073 = PRESENTATION_STYLE_ASSIGNMENT( ( #2166 ) );
#1074 = ADVANCED_FACE( '', ( #2167 ), #2168, .T. );
#1075 = PRESENTATION_STYLE_ASSIGNMENT( ( #2169 ) );
#1076 = ADVANCED_FACE( '', ( #2170 ), #2171, .T. );
#1077 = PRESENTATION_STYLE_ASSIGNMENT( ( #2172 ) );
#1078 = ADVANCED_FACE( '', ( #2173 ), #2174, .F. );
#1079 = PRESENTATION_STYLE_ASSIGNMENT( ( #2175 ) );
#1080 = ADVANCED_FACE( '', ( #2176 ), #2177, .F. );
#1081 = PRESENTATION_STYLE_ASSIGNMENT( ( #2178 ) );
#1082 = ADVANCED_FACE( '', ( #2179 ), #2180, .F. );
#1083 = PRESENTATION_STYLE_ASSIGNMENT( ( #2181 ) );
#1084 = ADVANCED_FACE( '', ( #2182 ), #2183, .F. );
#1085 = PRESENTATION_STYLE_ASSIGNMENT( ( #2184 ) );
#1086 = ADVANCED_FACE( '', ( #2185 ), #2186, .F. );
#1087 = PRESENTATION_STYLE_ASSIGNMENT( ( #2187 ) );
#1088 = ADVANCED_FACE( '', ( #2188 ), #2189, .F. );
#1089 = PRESENTATION_STYLE_ASSIGNMENT( ( #2190 ) );
#1090 = ADVANCED_FACE( '', ( #2191 ), #2192, .F. );
#1091 = PRESENTATION_STYLE_ASSIGNMENT( ( #2193 ) );
#1092 = ADVANCED_FACE( '', ( #2194 ), #2195, .F. );
#1093 = PRESENTATION_STYLE_ASSIGNMENT( ( #2196 ) );
#1094 = ADVANCED_FACE( '', ( #2197 ), #2198, .F. );
#1095 = PRESENTATION_STYLE_ASSIGNMENT( ( #2199 ) );
#1096 = ADVANCED_FACE( '', ( #2200 ), #2201, .F. );
#1097 = PRESENTATION_STYLE_ASSIGNMENT( ( #2202 ) );
#1098 = ADVANCED_FACE( '', ( #2203 ), #2204, .F. );
#1099 = PRESENTATION_STYLE_ASSIGNMENT( ( #2205 ) );
#1100 = ADVANCED_FACE( '', ( #2206 ), #2207, .T. );
#1101 = PRESENTATION_STYLE_ASSIGNMENT( ( #2208 ) );
#1102 = ADVANCED_FACE( '', ( #2209 ), #2210, .F. );
#1103 = PRESENTATION_STYLE_ASSIGNMENT( ( #2211 ) );
#1104 = ADVANCED_FACE( '', ( #2212 ), #2213, .T. );
#1105 = PRESENTATION_STYLE_ASSIGNMENT( ( #2214 ) );
#1106 = ADVANCED_FACE( '', ( #2215 ), #2216, .F. );
#1107 = PRESENTATION_STYLE_ASSIGNMENT( ( #2217 ) );
#1108 = ADVANCED_FACE( '', ( #2218 ), #2219, .T. );
#1109 = PRESENTATION_STYLE_ASSIGNMENT( ( #2220 ) );
#1110 = ADVANCED_FACE( '', ( #2221 ), #2222, .T. );
#1111 = PRESENTATION_STYLE_ASSIGNMENT( ( #2223 ) );
#1112 = ADVANCED_FACE( '', ( #2224 ), #2225, .F. );
#1113 = PRESENTATION_STYLE_ASSIGNMENT( ( #2226 ) );
#1114 = ADVANCED_FACE( '', ( #2227 ), #2228, .T. );
#1115 = PRESENTATION_STYLE_ASSIGNMENT( ( #2229 ) );
#1116 = ADVANCED_FACE( '', ( #2230 ), #2231, .F. );
#1117 = PRESENTATION_STYLE_ASSIGNMENT( ( #2232 ) );
#1118 = ADVANCED_FACE( '', ( #2233 ), #2234, .T. );
#1119 = PRESENTATION_STYLE_ASSIGNMENT( ( #2235 ) );
#1120 = ADVANCED_FACE( '', ( #2236 ), #2237, .F. );
#1121 = PRESENTATION_STYLE_ASSIGNMENT( ( #2238 ) );
#1122 = ADVANCED_FACE( '', ( #2239 ), #2240, .T. );
#1123 = PRESENTATION_STYLE_ASSIGNMENT( ( #2241 ) );
#1124 = ADVANCED_FACE( '', ( #2242 ), #2243, .F. );
#1125 = PRESENTATION_STYLE_ASSIGNMENT( ( #2244 ) );
#1126 = ADVANCED_FACE( '', ( #2245 ), #2246, .T. );
#1127 = PRESENTATION_STYLE_ASSIGNMENT( ( #2247 ) );
#1128 = ADVANCED_FACE( '', ( #2248 ), #2249, .F. );
#1129 = PRESENTATION_STYLE_ASSIGNMENT( ( #2250 ) );
#1130 = ADVANCED_FACE( '', ( #2251 ), #2252, .T. );
#1131 = PRESENTATION_STYLE_ASSIGNMENT( ( #2253 ) );
#1132 = ADVANCED_FACE( '', ( #2254 ), #2255, .F. );
#1133 = PRESENTATION_STYLE_ASSIGNMENT( ( #2256 ) );
#1134 = ADVANCED_FACE( '', ( #2257 ), #2258, .F. );
#1135 = PRESENTATION_STYLE_ASSIGNMENT( ( #2259 ) );
#1136 = ADVANCED_FACE( '', ( #2260 ), #2261, .T. );
#1137 = PRESENTATION_STYLE_ASSIGNMENT( ( #2262 ) );
#1138 = ADVANCED_FACE( '', ( #2263 ), #2264, .T. );
#1139 = PRESENTATION_STYLE_ASSIGNMENT( ( #2265 ) );
#1140 = ADVANCED_FACE( '', ( #2266 ), #2267, .F. );
#1141 = PRESENTATION_STYLE_ASSIGNMENT( ( #2268 ) );
#1142 = ADVANCED_FACE( '', ( #2269 ), #2270, .F. );
#1143 = PRESENTATION_STYLE_ASSIGNMENT( ( #2271 ) );
#1144 = ADVANCED_FACE( '', ( #2272 ), #2273, .T. );
#1145 = PRESENTATION_STYLE_ASSIGNMENT( ( #2274 ) );
#1146 = ADVANCED_FACE( '', ( #2275 ), #2276, .T. );
#1147 = PRESENTATION_STYLE_ASSIGNMENT( ( #2277 ) );
#1148 = ADVANCED_FACE( '', ( #2278 ), #2279, .T. );
#1149 = PRESENTATION_STYLE_ASSIGNMENT( ( #2280 ) );
#1150 = ADVANCED_FACE( '', ( #2281 ), #2282, .F. );
#1151 = PRESENTATION_STYLE_ASSIGNMENT( ( #2283 ) );
#1152 = ADVANCED_FACE( '', ( #2284 ), #2285, .F. );
#1153 = PRESENTATION_STYLE_ASSIGNMENT( ( #2286 ) );
#1154 = ADVANCED_FACE( '', ( #2287 ), #2288, .F. );
#1155 = PRESENTATION_STYLE_ASSIGNMENT( ( #2289 ) );
#1156 = ADVANCED_FACE( '', ( #2290 ), #2291, .T. );
#1157 = PRESENTATION_STYLE_ASSIGNMENT( ( #2292 ) );
#1158 = ADVANCED_FACE( '', ( #2293 ), #2294, .F. );
#1159 = PRESENTATION_STYLE_ASSIGNMENT( ( #2295 ) );
#1160 = ADVANCED_FACE( '', ( #2296 ), #2297, .T. );
#1161 = PRESENTATION_STYLE_ASSIGNMENT( ( #2298 ) );
#1162 = ADVANCED_FACE( '', ( #2299 ), #2300, .F. );
#1165 = LENGTH_MEASURE_WITH_UNIT( LENGTH_MEASURE( 25.4000000000000 ), #2301 );
#1168 = DIMENSIONAL_EXPONENTS( 1.00000000000000, 0.000000000000000, 0.000000000000000, 0.000000000000000, 0.000000000000000, 0.000000000000000, 0.000000000000000 );
#1170 = DIMENSIONAL_EXPONENTS( 0.000000000000000, 0.000000000000000, 0.000000000000000, 0.000000000000000, 0.000000000000000, 0.000000000000000, 0.000000000000000 );
#1176 = PRODUCT_CONTEXT( '', #18, 'mechanical' );
#1177 = PRODUCT_DEFINITION_FORMATION_WITH_SPECIFIED_SOURCE( ' ', 'NONE', #409, .NOT_KNOWN. );
#1178 = CARTESIAN_POINT( '', ( 0.000000000000000, 0.000000000000000, 0.000000000000000 ) );
#1179 = DIRECTION( '', ( 0.000000000000000, 0.000000000000000, 1.00000000000000 ) );
#1180 = DIRECTION( '', ( 1.00000000000000, 0.000000000000000, 0.000000000000000 ) );
#1181 = CARTESIAN_POINT( '', ( 0.000000000000000, 0.000000000000000, 0.000000000000000 ) );
#1182 = DIRECTION( '', ( 0.000000000000000, 0.000000000000000, 1.00000000000000 ) );
#1183 = DIRECTION( '', ( 1.00000000000000, 0.000000000000000, 0.000000000000000 ) );
#1184 = CARTESIAN_POINT( '', ( 0.000000000000000, 0.000000000000000, 0.000000000000000 ) );
#1185 = DIRECTION( '', ( 0.000000000000000, 0.000000000000000, 1.00000000000000 ) );
#1186 = DIRECTION( '', ( 1.00000000000000, 0.000000000000000, 0.000000000000000 ) );
#1189 = UNCERTAINTY_MEASURE_WITH_UNIT( LENGTH_MEASURE( 3.93701000000000E-05 ), #1191, '', '' );
#1191 =  ( CONVERSION_BASED_UNIT( 'INCH', #2304 )LENGTH_UNIT(  )NAMED_UNIT( #2307 ) );
#1192 =  ( NAMED_UNIT( #2309 )PLANE_ANGLE_UNIT(  )SI_UNIT( $, .RADIAN. ) );
#1193 =  ( NAMED_UNIT( #2309 )SI_UNIT( $, .STERADIAN. )SOLID_ANGLE_UNIT(  ) );
#1195 = PRODUCT_DEFINITION_FORMATION_WITH_SPECIFIED_SOURCE( ' ', 'NONE', #415, .NOT_KNOWN. );
#1196 = CLOSED_SHELL( '', ( #830, #528, #844, #730, #1138, #826, #432, #812, #856, #796, #960, #1102, #946, #1116, #710, #810, #938, #886, #606, #514, #692, #614, #446, #828, #600, #1002, #874, #1054, #882, #550, #566, #668, #894, #1022, #888, #658, #1076, #596, #670, #890, #504, #440, #838, #1070, #922, #1036, #556, #662, #438, #878, #1128, #1060, #928, #980, #1160, #892, #1042, #538, #932, #1074, #592, #1148, #1066, #948, #992, #458, #660, #632, #578, #1058, #930, #964, #530, #616, #944, #942, #1126, #1068, #448, #522, #848, #746, #952, #570, #884, #954, #454, #1150, #824, #622, #516, #1084, #696, #496, #512, #612, #1026, #738, #1006, #1004, #1008, #494, #788, #748, #1014, #804, #444, #1030, #1028, #766, #690, #1094, #590, #1130, #648, #478, #902, #506, #1038, #518, #608, #854, #1082, #920, #434, #1034, #988, #452, #1024, #726, #510, #1114, #1086, #720, #822, #462, #780, #468, #572, #552, #750, #734, #1072, #524, #562, #712, #752, #480, #618, #994, #602, #1140, #896, #818, #1000, #1120, #760, #666, #970, #784, #754, #814, #584, #1012, #1064, #508, #520, #910, #1122, #1104, #564, #768, #484, #672, #832, #1020 ) );
#1197 = PRODUCT_DEFINITION_FORMATION_WITH_SPECIFIED_SOURCE( ' ', 'NONE', #423, .NOT_KNOWN. );
#1198 = CLOSED_SHELL( '', ( #776, #456, #880, #502, #1162, #898, #794, #858, #998, #868, #568, #798, #924, #800, #1134, #688, #978, #582, #740, #532, #770, #540, #1032, #640, #850, #1016, #736, #926, #716, #722, #790, #1118, #574, #526, #982, #714, #772, #460, #976, #990, #1108, #778, #1156, #472, #834, #664, #684, #972, #442, #840, #624, #482, #694, #698, #686, #498, #872, #866, #604, #816, #1010, #786, #900, #1080, #950, #996, #500, #966, #674, #642, #728, #638, #644, #1040, #534, #652, #842, #802, #700, #646, #576, #936, #956, #634, #860, #488, #702, #554, #958, #708, #1158, #820, #1050, #968, #626, #1096, #782, #680, #492, #904, #906, #1098, #704, #1044, #464, #846, #1052, #1062, #610, #1132, #908, #654, #1112, #732, #1154, #620, #912, #864, #1046, #580, #436, #536, #934, #1018, #940, #676, #542, #1106, #586, #650, #466, #718, #774, #476, #756, #1048, #486, #1136, #1146, #490, #914, #876, #560, #806, #1100, #808, #742, #628, #744, #1144, #656, #962, #474, #758, #916, #548, #724, #636, #706, #762, #1152, #1092, #852, #792, #678, #862, #544, #1078, #1124, #974, #450, #1142, #1088, #630, #984, #594, #546, #558, #836, #1056, #918, #986, #1090, #1110, #870, #764, #598, #682, #588, #470 ) );
#1199 = SURFACE_STYLE_USAGE( .BOTH., #2315 );
#1200 = FACE_OUTER_BOUND( '', #2316, .T. );
#1201 = PLANE( '', #2317 );
#1202 = SURFACE_STYLE_USAGE( .BOTH., #2318 );
#1203 = FACE_OUTER_BOUND( '', #2319, .T. );
#1204 = PLANE( '', #2320 );
#1205 = SURFACE_STYLE_USAGE( .BOTH., #2321 );
#1206 = FACE_OUTER_BOUND( '', #2322, .T. );
#1207 = PLANE( '', #2323 );
#1208 = SURFACE_STYLE_USAGE( .BOTH., #2324 );
#1209 = FACE_OUTER_BOUND( '', #2325, .T. );
#1210 = PLANE( '', #2326 );
#1211 = SURFACE_STYLE_USAGE( .BOTH., #2327 );
#1212 = FACE_OUTER_BOUND( '', #2328, .T. );
#1213 = PLANE( '', #2329 );
#1214 = SURFACE_STYLE_USAGE( .BOTH., #2330 );
#1215 = FACE_OUTER_BOUND( '', #2331, .T. );
#1216 = PLANE( '', #2332 );
#1217 = SURFACE_STYLE_USAGE( .BOTH., #2333 );
#1218 = FACE_OUTER_BOUND( '', #2334, .T. );
#1219 = PLANE( '', #2335 );
#1220 = SURFACE_STYLE_USAGE( .BOTH., #2336 );
#1221 = FACE_OUTER_BOUND( '', #2337, .T. );
#1222 = PLANE( '', #2338 );
#1223 = SURFACE_STYLE_USAGE( .BOTH., #2339 );
#1224 = FACE_OUTER_BOUND( '', #2340, .T. );
#1225 = PLANE( '', #2341 );
#1226 = SURFACE_STYLE_USAGE( .BOTH., #2342 );
#1227 = FACE_OUTER_BOUND( '', #2343, .T. );
#1228 = PLANE( '', #2344 );
#1229 = SURFACE_STYLE_USAGE( .BOTH., #2345 );
#1230 = FACE_OUTER_BOUND( '', #2346, .T. );
#1231 = PLANE( '', #2347 );
#1232 = SURFACE_STYLE_USAGE( .BOTH., #2348 );
#1233 = FACE_OUTER_BOUND( '', #2349, .T. );
#1234 = PLANE( '', #2350 );
#1235 = SURFACE_STYLE_USAGE( .BOTH., #2351 );
#1236 = FACE_OUTER_BOUND( '', #2352, .T. );
#1237 = PLANE( '', #2353 );
#1238 = SURFACE_STYLE_USAGE( .BOTH., #2354 );
#1239 = FACE_OUTER_BOUND( '', #2355, .T. );
#1240 = PLANE( '', #2356 );
#1241 = SURFACE_STYLE_USAGE( .BOTH., #2357 );
#1242 = FACE_OUTER_BOUND( '', #2358, .T. );
#1243 = PLANE( '', #2359 );
#1244 = SURFACE_STYLE_USAGE( .BOTH., #2360 );
#1245 = FACE_OUTER_BOUND( '', #2361, .T. );
#1246 = PLANE( '', #2362 );
#1247 = SURFACE_STYLE_USAGE( .BOTH., #2363 );
#1248 = FACE_OUTER_BOUND( '', #2364, .T. );
#1249 = PLANE( '', #2365 );
#1250 = SURFACE_STYLE_USAGE( .BOTH., #2366 );
#1251 = FACE_OUTER_BOUND( '', #2367, .T. );
#1252 = PLANE( '', #2368 );
#1253 = SURFACE_STYLE_USAGE( .BOTH., #2369 );
#1254 = FACE_OUTER_BOUND( '', #2370, .T. );
#1255 = PLANE( '', #2371 );
#1256 = SURFACE_STYLE_USAGE( .BOTH., #2372 );
#1257 = FACE_OUTER_BOUND( '', #2373, .T. );
#1258 = PLANE( '', #2374 );
#1259 = SURFACE_STYLE_USAGE( .BOTH., #2375 );
#1260 = FACE_OUTER_BOUND( '', #2376, .T. );
#1261 = PLANE( '', #2377 );
#1262 = SURFACE_STYLE_USAGE( .BOTH., #2378 );
#1263 = FACE_OUTER_BOUND( '', #2379, .T. );
#1264 = CYLINDRICAL_SURFACE( '', #2380, 0.0500000000000000 );
#1265 = SURFACE_STYLE_USAGE( .BOTH., #2381 );
#1266 = FACE_OUTER_BOUND( '', #2382, .T. );
#1267 = PLANE( '', #2383 );
#1268 = SURFACE_STYLE_USAGE( .BOTH., #2384 );
#1269 = FACE_OUTER_BOUND( '', #2385, .T. );
#1270 = PLANE( '', #2386 );
#1271 = SURFACE_STYLE_USAGE( .BOTH., #2387 );
#1272 = FACE_OUTER_BOUND( '', #2388, .T. );
#1273 = PLANE( '', #2389 );
#1274 = SURFACE_STYLE_USAGE( .BOTH., #2390 );
#1275 = FACE_OUTER_BOUND( '', #2391, .T. );
#1276 = PLANE( '', #2392 );
#1277 = SURFACE_STYLE_USAGE( .BOTH., #2393 );
#1278 = FACE_OUTER_BOUND( '', #2394, .T. );
#1279 = PLANE( '', #2395 );
#1280 = SURFACE_STYLE_USAGE( .BOTH., #2396 );
#1281 = FACE_OUTER_BOUND( '', #2397, .T. );
#1282 = PLANE( '', #2398 );
#1283 = SURFACE_STYLE_USAGE( .BOTH., #2399 );
#1284 = FACE_OUTER_BOUND( '', #2400, .T. );
#1285 = CYLINDRICAL_SURFACE( '', #2401, 0.0500000000000000 );
#1286 = SURFACE_STYLE_USAGE( .BOTH., #2402 );
#1287 = FACE_OUTER_BOUND( '', #2403, .T. );
#1288 = PLANE( '', #2404 );
#1289 = SURFACE_STYLE_USAGE( .BOTH., #2405 );
#1290 = FACE_OUTER_BOUND( '', #2406, .T. );
#1291 = PLANE( '', #2407 );
#1292 = SURFACE_STYLE_USAGE( .BOTH., #2408 );
#1293 = FACE_OUTER_BOUND( '', #2409, .T. );
#1294 = PLANE( '', #2410 );
#1295 = SURFACE_STYLE_USAGE( .BOTH., #2411 );
#1296 = FACE_OUTER_BOUND( '', #2412, .T. );
#1297 = PLANE( '', #2413 );
#1298 = SURFACE_STYLE_USAGE( .BOTH., #2414 );
#1299 = FACE_OUTER_BOUND( '', #2415, .T. );
#1300 = CYLINDRICAL_SURFACE( '', #2416, 0.0250000000000000 );
#1301 = SURFACE_STYLE_USAGE( .BOTH., #2417 );
#1302 = FACE_OUTER_BOUND( '', #2418, .T. );
#1303 = PLANE( '', #2419 );
#1304 = SURFACE_STYLE_USAGE( .BOTH., #2420 );
#1305 = FACE_OUTER_BOUND( '', #2421, .T. );
#1306 = PLANE( '', #2422 );
#1307 = SURFACE_STYLE_USAGE( .BOTH., #2423 );
#1308 = FACE_OUTER_BOUND( '', #2424, .T. );
#1309 = PLANE( '', #2425 );
#1310 = SURFACE_STYLE_USAGE( .BOTH., #2426 );
#1311 = FACE_OUTER_BOUND( '', #2427, .T. );
#1312 = PLANE( '', #2428 );
#1313 = SURFACE_STYLE_USAGE( .BOTH., #2429 );
#1314 = FACE_OUTER_BOUND( '', #2430, .T. );
#1315 = PLANE( '', #2431 );
#1316 = SURFACE_STYLE_USAGE( .BOTH., #2432 );
#1317 = FACE_OUTER_BOUND( '', #2433, .T. );
#1318 = PLANE( '', #2434 );
#1319 = SURFACE_STYLE_USAGE( .BOTH., #2435 );
#1320 = FACE_OUTER_BOUND( '', #2436, .T. );
#1321 = PLANE( '', #2437 );
#1322 = SURFACE_STYLE_USAGE( .BOTH., #2438 );
#1323 = FACE_OUTER_BOUND( '', #2439, .T. );
#1324 = PLANE( '', #2440 );
#1325 = SURFACE_STYLE_USAGE( .BOTH., #2441 );
#1326 = FACE_OUTER_BOUND( '', #2442, .T. );
#1327 = PLANE( '', #2443 );
#1328 = SURFACE_STYLE_USAGE( .BOTH., #2444 );
#1329 = FACE_OUTER_BOUND( '', #2445, .T. );
#1330 = PLANE( '', #2446 );
#1331 = SURFACE_STYLE_USAGE( .BOTH., #2447 );
#1332 = FACE_OUTER_BOUND( '', #2448, .T. );
#1333 = PLANE( '', #2449 );
#1334 = SURFACE_STYLE_USAGE( .BOTH., #2450 );
#1335 = FACE_OUTER_BOUND( '', #2451, .T. );
#1336 = PLANE( '', #2452 );
#1337 = SURFACE_STYLE_USAGE( .BOTH., #2453 );
#1338 = FACE_OUTER_BOUND( '', #2454, .T. );
#1339 = PLANE( '', #2455 );
#1340 = SURFACE_STYLE_USAGE( .BOTH., #2456 );
#1341 = FACE_OUTER_BOUND( '', #2457, .T. );
#1342 = PLANE( '', #2458 );
#1343 = SURFACE_STYLE_USAGE( .BOTH., #2459 );
#1344 = FACE_OUTER_BOUND( '', #2460, .T. );
#1345 = PLANE( '', #2461 );
#1346 = SURFACE_STYLE_USAGE( .BOTH., #2462 );
#1347 = FACE_OUTER_BOUND( '', #2463, .T. );
#1348 = PLANE( '', #2464 );
#1349 = SURFACE_STYLE_USAGE( .BOTH., #2465 );
#1350 = FACE_OUTER_BOUND( '', #2466, .T. );
#1351 = PLANE( '', #2467 );
#1352 = SURFACE_STYLE_USAGE( .BOTH., #2468 );
#1353 = FACE_OUTER_BOUND( '', #2469, .T. );
#1354 = PLANE( '', #2470 );
#1355 = SURFACE_STYLE_USAGE( .BOTH., #2471 );
#1356 = FACE_OUTER_BOUND( '', #2472, .T. );
#1357 = PLANE( '', #2473 );
#1358 = SURFACE_STYLE_USAGE( .BOTH., #2474 );
#1359 = FACE_OUTER_BOUND( '', #2475, .T. );
#1360 = PLANE( '', #2476 );
#1361 = SURFACE_STYLE_USAGE( .BOTH., #2477 );
#1362 = FACE_OUTER_BOUND( '', #2478, .T. );
#1363 = CYLINDRICAL_SURFACE( '', #2479, 0.0250000000000000 );
#1364 = SURFACE_STYLE_USAGE( .BOTH., #2480 );
#1365 = FACE_OUTER_BOUND( '', #2481, .T. );
#1366 = PLANE( '', #2482 );
#1367 = SURFACE_STYLE_USAGE( .BOTH., #2483 );
#1368 = FACE_OUTER_BOUND( '', #2484, .T. );
#1369 = PLANE( '', #2485 );
#1370 = SURFACE_STYLE_USAGE( .BOTH., #2486 );
#1371 = FACE_OUTER_BOUND( '', #2487, .T. );
#1372 = PLANE( '', #2488 );
#1373 = SURFACE_STYLE_USAGE( .BOTH., #2489 );
#1374 = FACE_OUTER_BOUND( '', #2490, .T. );
#1375 = PLANE( '', #2491 );
#1376 = SURFACE_STYLE_USAGE( .BOTH., #2492 );
#1377 = FACE_OUTER_BOUND( '', #2493, .T. );
#1378 = PLANE( '', #2494 );
#1379 = SURFACE_STYLE_USAGE( .BOTH., #2495 );
#1380 = FACE_OUTER_BOUND( '', #2496, .T. );
#1381 = PLANE( '', #2497 );
#1382 = SURFACE_STYLE_USAGE( .BOTH., #2498 );
#1383 = FACE_OUTER_BOUND( '', #2499, .T. );
#1384 = CYLINDRICAL_SURFACE( '', #2500, 0.0500000000000000 );
#1385 = SURFACE_STYLE_USAGE( .BOTH., #2501 );
#1386 = FACE_OUTER_BOUND( '', #2502, .T. );
#1387 = PLANE( '', #2503 );
#1388 = SURFACE_STYLE_USAGE( .BOTH., #2504 );
#1389 = FACE_OUTER_BOUND( '', #2505, .T. );
#1390 = PLANE( '', #2506 );
#1391 = SURFACE_STYLE_USAGE( .BOTH., #2507 );
#1392 = FACE_OUTER_BOUND( '', #2508, .T. );
#1393 = PLANE( '', #2509 );
#1394 = SURFACE_STYLE_USAGE( .BOTH., #2510 );
#1395 = FACE_OUTER_BOUND( '', #2511, .T. );
#1396 = PLANE( '', #2512 );
#1397 = SURFACE_STYLE_USAGE( .BOTH., #2513 );
#1398 = FACE_OUTER_BOUND( '', #2514, .T. );
#1399 = PLANE( '', #2515 );
#1400 = SURFACE_STYLE_USAGE( .BOTH., #2516 );
#1401 = FACE_OUTER_BOUND( '', #2517, .T. );
#1402 = PLANE( '', #2518 );
#1403 = SURFACE_STYLE_USAGE( .BOTH., #2519 );
#1404 = FACE_OUTER_BOUND( '', #2520, .T. );
#1405 = PLANE( '', #2521 );
#1406 = SURFACE_STYLE_USAGE( .BOTH., #2522 );
#1407 = FACE_OUTER_BOUND( '', #2523, .T. );
#1408 = PLANE( '', #2524 );
#1409 = SURFACE_STYLE_USAGE( .BOTH., #2525 );
#1410 = FACE_OUTER_BOUND( '', #2526, .T. );
#1411 = PLANE( '', #2527 );
#1412 = SURFACE_STYLE_USAGE( .BOTH., #2528 );
#1413 = FACE_OUTER_BOUND( '', #2529, .T. );
#1414 = PLANE( '', #2530 );
#1415 = SURFACE_STYLE_USAGE( .BOTH., #2531 );
#1416 = FACE_OUTER_BOUND( '', #2532, .T. );
#1417 = PLANE( '', #2533 );
#1418 = SURFACE_STYLE_USAGE( .BOTH., #2534 );
#1419 = FACE_OUTER_BOUND( '', #2535, .T. );
#1420 = PLANE( '', #2536 );
#1421 = SURFACE_STYLE_USAGE( .BOTH., #2537 );
#1422 = FACE_OUTER_BOUND( '', #2538, .T. );
#1423 = PLANE( '', #2539 );
#1424 = SURFACE_STYLE_USAGE( .BOTH., #2540 );
#1425 = FACE_OUTER_BOUND( '', #2541, .T. );
#1426 = PLANE( '', #2542 );
#1427 = SURFACE_STYLE_USAGE( .BOTH., #2543 );
#1428 = FACE_OUTER_BOUND( '', #2544, .T. );
#1429 = PLANE( '', #2545 );
#1430 = SURFACE_STYLE_USAGE( .BOTH., #2546 );
#1431 = FACE_OUTER_BOUND( '', #2547, .T. );
#1432 = PLANE( '', #2548 );
#1433 = SURFACE_STYLE_USAGE( .BOTH., #2549 );
#1434 = FACE_OUTER_BOUND( '', #2550, .T. );
#1435 = PLANE( '', #2551 );
#1436 = SURFACE_STYLE_USAGE( .BOTH., #2552 );
#1437 = FACE_OUTER_BOUND( '', #2553, .T. );
#1438 = PLANE( '', #2554 );
#1439 = SURFACE_STYLE_USAGE( .BOTH., #2555 );
#1440 = FACE_OUTER_BOUND( '', #2556, .T. );
#1441 = PLANE( '', #2557 );
#1442 = SURFACE_STYLE_USAGE( .BOTH., #2558 );
#1443 = FACE_OUTER_BOUND( '', #2559, .T. );
#1444 = PLANE( '', #2560 );
#1445 = SURFACE_STYLE_USAGE( .BOTH., #2561 );
#1446 = FACE_OUTER_BOUND( '', #2562, .T. );
#1447 = PLANE( '', #2563 );
#1448 = SURFACE_STYLE_USAGE( .BOTH., #2564 );
#1449 = FACE_OUTER_BOUND( '', #2565, .T. );
#1450 = PLANE( '', #2566 );
#1451 = SURFACE_STYLE_USAGE( .BOTH., #2567 );
#1452 = FACE_OUTER_BOUND( '', #2568, .T. );
#1453 = PLANE( '', #2569 );
#1454 = SURFACE_STYLE_USAGE( .BOTH., #2570 );
#1455 = FACE_OUTER_BOUND( '', #2571, .T. );
#1456 = PLANE( '', #2572 );
#1457 = SURFACE_STYLE_USAGE( .BOTH., #2573 );
#1458 = FACE_OUTER_BOUND( '', #2574, .T. );
#1459 = CYLINDRICAL_SURFACE( '', #2575, 0.0250000000000000 );
#1460 = SURFACE_STYLE_USAGE( .BOTH., #2576 );
#1461 = FACE_OUTER_BOUND( '', #2577, .T. );
#1462 = PLANE( '', #2578 );
#1463 = SURFACE_STYLE_USAGE( .BOTH., #2579 );
#1464 = FACE_OUTER_BOUND( '', #2580, .T. );
#1465 = PLANE( '', #2581 );
#1466 = SURFACE_STYLE_USAGE( .BOTH., #2582 );
#1467 = FACE_OUTER_BOUND( '', #2583, .T. );
#1468 = PLANE( '', #2584 );
#1469 = SURFACE_STYLE_USAGE( .BOTH., #2585 );
#1470 = FACE_OUTER_BOUND( '', #2586, .T. );
#1471 = PLANE( '', #2587 );
#1472 = SURFACE_STYLE_USAGE( .BOTH., #2588 );
#1473 = FACE_OUTER_BOUND( '', #2589, .T. );
#1474 = PLANE( '', #2590 );
#1475 = SURFACE_STYLE_USAGE( .BOTH., #2591 );
#1476 = FACE_OUTER_BOUND( '', #2592, .T. );
#1477 = PLANE( '', #2593 );
#1478 = SURFACE_STYLE_USAGE( .BOTH., #2594 );
#1479 = FACE_OUTER_BOUND( '', #2595, .T. );
#1480 = PLANE( '', #2596 );
#1481 = SURFACE_STYLE_USAGE( .BOTH., #2597 );
#1482 = FACE_OUTER_BOUND( '', #2598, .T. );
#1483 = PLANE( '', #2599 );
#1484 = SURFACE_STYLE_USAGE( .BOTH., #2600 );
#1485 = FACE_OUTER_BOUND( '', #2601, .T. );
#1486 = PLANE( '', #2602 );
#1487 = SURFACE_STYLE_USAGE( .BOTH., #2603 );
#1488 = FACE_OUTER_BOUND( '', #2604, .T. );
#1489 = PLANE( '', #2605 );
#1490 = SURFACE_STYLE_USAGE( .BOTH., #2606 );
#1491 = FACE_OUTER_BOUND( '', #2607, .T. );
#1492 = PLANE( '', #2608 );
#1493 = SURFACE_STYLE_USAGE( .BOTH., #2609 );
#1494 = FACE_OUTER_BOUND( '', #2610, .T. );
#1495 = PLANE( '', #2611 );
#1496 = SURFACE_STYLE_USAGE( .BOTH., #2612 );
#1497 = FACE_OUTER_BOUND( '', #2613, .T. );
#1498 = PLANE( '', #2614 );
#1499 = SURFACE_STYLE_USAGE( .BOTH., #2615 );
#1500 = FACE_OUTER_BOUND( '', #2616, .T. );
#1501 = PLANE( '', #2617 );
#1502 = SURFACE_STYLE_USAGE( .BOTH., #2618 );
#1503 = FACE_OUTER_BOUND( '', #2619, .T. );
#1504 = PLANE( '', #2620 );
#1505 = SURFACE_STYLE_USAGE( .BOTH., #2621 );
#1506 = FACE_OUTER_BOUND( '', #2622, .T. );
#1507 = PLANE( '', #2623 );
#1508 = SURFACE_STYLE_USAGE( .BOTH., #2624 );
#1509 = FACE_OUTER_BOUND( '', #2625, .T. );
#1510 = PLANE( '', #2626 );
#1511 = SURFACE_STYLE_USAGE( .BOTH., #2627 );
#1512 = FACE_OUTER_BOUND( '', #2628, .T. );
#1513 = PLANE( '', #2629 );
#1514 = SURFACE_STYLE_USAGE( .BOTH., #2630 );
#1515 = FACE_OUTER_BOUND( '', #2631, .T. );
#1516 = PLANE( '', #2632 );
#1517 = SURFACE_STYLE_USAGE( .BOTH., #2633 );
#1518 = FACE_OUTER_BOUND( '', #2634, .T. );
#1519 = PLANE( '', #2635 );
#1520 = SURFACE_STYLE_USAGE( .BOTH., #2636 );
#1521 = FACE_OUTER_BOUND( '', #2637, .T. );
#1522 = PLANE( '', #2638 );
#1523 = SURFACE_STYLE_USAGE( .BOTH., #2639 );
#1524 = FACE_OUTER_BOUND( '', #2640, .T. );
#1525 = PLANE( '', #2641 );
#1526 = SURFACE_STYLE_USAGE( .BOTH., #2642 );
#1527 = FACE_OUTER_BOUND( '', #2643, .T. );
#1528 = PLANE( '', #2644 );
#1529 = SURFACE_STYLE_USAGE( .BOTH., #2645 );
#1530 = FACE_OUTER_BOUND( '', #2646, .T. );
#1531 = PLANE( '', #2647 );
#1532 = SURFACE_STYLE_USAGE( .BOTH., #2648 );
#1533 = FACE_OUTER_BOUND( '', #2649, .T. );
#1534 = PLANE( '', #2650 );
#1535 = SURFACE_STYLE_USAGE( .BOTH., #2651 );
#1536 = FACE_OUTER_BOUND( '', #2652, .T. );
#1537 = CYLINDRICAL_SURFACE( '', #2653, 0.0500000000000000 );
#1538 = SURFACE_STYLE_USAGE( .BOTH., #2654 );
#1539 = FACE_OUTER_BOUND( '', #2655, .T. );
#1540 = PLANE( '', #2656 );
#1541 = SURFACE_STYLE_USAGE( .BOTH., #2657 );
#1542 = FACE_OUTER_BOUND( '', #2658, .T. );
#1543 = PLANE( '', #2659 );
#1544 = SURFACE_STYLE_USAGE( .BOTH., #2660 );
#1545 = FACE_OUTER_BOUND( '', #2661, .T. );
#1546 = PLANE( '', #2662 );
#1547 = SURFACE_STYLE_USAGE( .BOTH., #2663 );
#1548 = FACE_OUTER_BOUND( '', #2664, .T. );
#1549 = PLANE( '', #2665 );
#1550 = SURFACE_STYLE_USAGE( .BOTH., #2666 );
#1551 = FACE_OUTER_BOUND( '', #2667, .T. );
#1552 = PLANE( '', #2668 );
#1553 = SURFACE_STYLE_USAGE( .BOTH., #2669 );
#1554 = FACE_OUTER_BOUND( '', #2670, .T. );
#1555 = PLANE( '', #2671 );
#1556 = SURFACE_STYLE_USAGE( .BOTH., #2672 );
#1557 = FACE_OUTER_BOUND( '', #2673, .T. );
#1558 = PLANE( '', #2674 );
#1559 = SURFACE_STYLE_USAGE( .BOTH., #2675 );
#1560 = FACE_OUTER_BOUND( '', #2676, .T. );
#1561 = PLANE( '', #2677 );
#1562 = SURFACE_STYLE_USAGE( .BOTH., #2678 );
#1563 = FACE_OUTER_BOUND( '', #2679, .T. );
#1564 = PLANE( '', #2680 );
#1565 = SURFACE_STYLE_USAGE( .BOTH., #2681 );
#1566 = FACE_OUTER_BOUND( '', #2682, .T. );
#1567 = PLANE( '', #2683 );
#1568 = SURFACE_STYLE_USAGE( .BOTH., #2684 );
#1569 = FACE_OUTER_BOUND( '', #2685, .T. );
#1570 = PLANE( '', #2686 );
#1571 = SURFACE_STYLE_USAGE( .BOTH., #2687 );
#1572 = FACE_OUTER_BOUND( '', #2688, .T. );
#1573 = PLANE( '', #2689 );
#1574 = SURFACE_STYLE_USAGE( .BOTH., #2690 );
#1575 = FACE_OUTER_BOUND( '', #2691, .T. );
#1576 = PLANE( '', #2692 );
#1577 = SURFACE_STYLE_USAGE( .BOTH., #2693 );
#1578 = FACE_OUTER_BOUND( '', #2694, .T. );
#1579 = PLANE( '', #2695 );
#1580 = SURFACE_STYLE_USAGE( .BOTH., #2696 );
#1581 = FACE_OUTER_BOUND( '', #2697, .T. );
#1582 = PLANE( '', #2698 );
#1583 = SURFACE_STYLE_USAGE( .BOTH., #2699 );
#1584 = FACE_OUTER_BOUND( '', #2700, .T. );
#1585 = CYLINDRICAL_SURFACE( '', #2701, 0.0500000000000000 );
#1586 = SURFACE_STYLE_USAGE( .BOTH., #2702 );
#1587 = FACE_OUTER_BOUND( '', #2703, .T. );
#1588 = PLANE( '', #2704 );
#1589 = SURFACE_STYLE_USAGE( .BOTH., #2705 );
#1590 = FACE_OUTER_BOUND( '', #2706, .T. );
#1591 = PLANE( '', #2707 );
#1592 = SURFACE_STYLE_USAGE( .BOTH., #2708 );
#1593 = FACE_OUTER_BOUND( '', #2709, .T. );
#1594 = PLANE( '', #2710 );
#1595 = SURFACE_STYLE_USAGE( .BOTH., #2711 );
#1596 = FACE_OUTER_BOUND( '', #2712, .T. );
#1597 = PLANE( '', #2713 );
#1598 = SURFACE_STYLE_USAGE( .BOTH., #2714 );
#1599 = FACE_OUTER_BOUND( '', #2715, .T. );
#1600 = PLANE( '', #2716 );
#1601 = SURFACE_STYLE_USAGE( .BOTH., #2717 );
#1602 = FACE_OUTER_BOUND( '', #2718, .T. );
#1603 = PLANE( '', #2719 );
#1604 = SURFACE_STYLE_USAGE( .BOTH., #2720 );
#1605 = FACE_OUTER_BOUND( '', #2721, .T. );
#1606 = CYLINDRICAL_SURFACE( '', #2722, 0.0500000000000000 );
#1607 = SURFACE_STYLE_USAGE( .BOTH., #2723 );
#1608 = FACE_OUTER_BOUND( '', #2724, .T. );
#1609 = PLANE( '', #2725 );
#1610 = SURFACE_STYLE_USAGE( .BOTH., #2726 );
#1611 = FACE_OUTER_BOUND( '', #2727, .T. );
#1612 = PLANE( '', #2728 );
#1613 = SURFACE_STYLE_USAGE( .BOTH., #2729 );
#1614 = FACE_OUTER_BOUND( '', #2730, .T. );
#1615 = CYLINDRICAL_SURFACE( '', #2731, 0.0500000000000000 );
#1616 = SURFACE_STYLE_USAGE( .BOTH., #2732 );
#1617 = FACE_OUTER_BOUND( '', #2733, .T. );
#1618 = PLANE( '', #2734 );
#1619 = SURFACE_STYLE_USAGE( .BOTH., #2735 );
#1620 = FACE_OUTER_BOUND( '', #2736, .T. );
#1621 = PLANE( '', #2737 );
#1622 = SURFACE_STYLE_USAGE( .BOTH., #2738 );
#1623 = FACE_OUTER_BOUND( '', #2739, .T. );
#1624 = PLANE( '', #2740 );
#1625 = SURFACE_STYLE_USAGE( .BOTH., #2741 );
#1626 = FACE_OUTER_BOUND( '', #2742, .T. );
#1627 = PLANE( '', #2743 );
#1628 = SURFACE_STYLE_USAGE( .BOTH., #2744 );
#1629 = FACE_OUTER_BOUND( '', #2745, .T. );
#1630 = PLANE( '', #2746 );
#1631 = SURFACE_STYLE_USAGE( .BOTH., #2747 );
#1632 = FACE_OUTER_BOUND( '', #2748, .T. );
#1633 = PLANE( '', #2749 );
#1634 = SURFACE_STYLE_USAGE( .BOTH., #2750 );
#1635 = FACE_OUTER_BOUND( '', #2751, .T. );
#1636 = PLANE( '', #2752 );
#1637 = SURFACE_STYLE_USAGE( .BOTH., #2753 );
#1638 = FACE_OUTER_BOUND( '', #2754, .T. );
#1639 = PLANE( '', #2755 );
#1640 = SURFACE_STYLE_USAGE( .BOTH., #2756 );
#1641 = FACE_OUTER_BOUND( '', #2757, .T. );
#1642 = PLANE( '', #2758 );
#1643 = SURFACE_STYLE_USAGE( .BOTH., #2759 );
#1644 = FACE_OUTER_BOUND( '', #2760, .T. );
#1645 = PLANE( '', #2761 );
#1646 = SURFACE_STYLE_USAGE( .BOTH., #2762 );
#1647 = FACE_OUTER_BOUND( '', #2763, .T. );
#1648 = PLANE( '', #2764 );
#1649 = SURFACE_STYLE_USAGE( .BOTH., #2765 );
#1650 = FACE_OUTER_BOUND( '', #2766, .T. );
#1651 = PLANE( '', #2767 );
#1652 = SURFACE_STYLE_USAGE( .BOTH., #2768 );
#1653 = FACE_OUTER_BOUND( '', #2769, .T. );
#1654 = PLANE( '', #2770 );
#1655 = SURFACE_STYLE_USAGE( .BOTH., #2771 );
#1656 = FACE_OUTER_BOUND( '', #2772, .T. );
#1657 = PLANE( '', #2773 );
#1658 = SURFACE_STYLE_USAGE( .BOTH., #2774 );
#1659 = FACE_OUTER_BOUND( '', #2775, .T. );
#1660 = PLANE( '', #2776 );
#1661 = SURFACE_STYLE_USAGE( .BOTH., #2777 );
#1662 = FACE_OUTER_BOUND( '', #2778, .T. );
#1663 = PLANE( '', #2779 );
#1664 = SURFACE_STYLE_USAGE( .BOTH., #2780 );
#1665 = FACE_OUTER_BOUND( '', #2781, .T. );
#1666 = PLANE( '', #2782 );
#1667 = SURFACE_STYLE_USAGE( .BOTH., #2783 );
#1668 = FACE_OUTER_BOUND( '', #2784, .T. );
#1669 = CYLINDRICAL_SURFACE( '', #2785, 0.0500000000000000 );
#1670 = SURFACE_STYLE_USAGE( .BOTH., #2786 );
#1671 = FACE_OUTER_BOUND( '', #2787, .T. );
#1672 = PLANE( '', #2788 );
#1673 = SURFACE_STYLE_USAGE( .BOTH., #2789 );
#1674 = FACE_OUTER_BOUND( '', #2790, .T. );
#1675 = PLANE( '', #2791 );
#1676 = SURFACE_STYLE_USAGE( .BOTH., #2792 );
#1677 = FACE_OUTER_BOUND( '', #2793, .T. );
#1678 = PLANE( '', #2794 );
#1679 = SURFACE_STYLE_USAGE( .BOTH., #2795 );
#1680 = FACE_OUTER_BOUND( '', #2796, .T. );
#1681 = PLANE( '', #2797 );
#1682 = SURFACE_STYLE_USAGE( .BOTH., #2798 );
#1683 = FACE_OUTER_BOUND( '', #2799, .T. );
#1684 = PLANE( '', #2800 );
#1685 = SURFACE_STYLE_USAGE( .BOTH., #2801 );
#1686 = FACE_OUTER_BOUND( '', #2802, .T. );
#1687 = PLANE( '', #2803 );
#1688 = SURFACE_STYLE_USAGE( .BOTH., #2804 );
#1689 = FACE_OUTER_BOUND( '', #2805, .T. );
#1690 = PLANE( '', #2806 );
#1691 = SURFACE_STYLE_USAGE( .BOTH., #2807 );
#1692 = FACE_OUTER_BOUND( '', #2808, .T. );
#1693 = PLANE( '', #2809 );
#1694 = SURFACE_STYLE_USAGE( .BOTH., #2810 );
#1695 = FACE_OUTER_BOUND( '', #2811, .T. );
#1696 = PLANE( '', #2812 );
#1697 = SURFACE_STYLE_USAGE( .BOTH., #2813 );
#1698 = FACE_OUTER_BOUND( '', #2814, .T. );
#1699 = PLANE( '', #2815 );
#1700 = SURFACE_STYLE_USAGE( .BOTH., #2816 );
#1701 = FACE_OUTER_BOUND( '', #2817, .T. );
#1702 = PLANE( '', #2818 );
#1703 = SURFACE_STYLE_USAGE( .BOTH., #2819 );
#1704 = FACE_OUTER_BOUND( '', #2820, .T. );
#1705 = PLANE( '', #2821 );
#1706 = SURFACE_STYLE_USAGE( .BOTH., #2822 );
#1707 = FACE_OUTER_BOUND( '', #2823, .T. );
#1708 = PLANE( '', #2824 );
#1709 = SURFACE_STYLE_USAGE( .BOTH., #2825 );
#1710 = FACE_OUTER_BOUND( '', #2826, .T. );
#1711 = PLANE( '', #2827 );
#1712 = SURFACE_STYLE_USAGE( .BOTH., #2828 );
#1713 = FACE_OUTER_BOUND( '', #2829, .T. );
#1714 = PLANE( '', #2830 );
#1715 = SURFACE_STYLE_USAGE( .BOTH., #2831 );
#1716 = FACE_OUTER_BOUND( '', #2832, .T. );
#1717 = PLANE( '', #2833 );
#1718 = SURFACE_STYLE_USAGE( .BOTH., #2834 );
#1719 = FACE_OUTER_BOUND( '', #2835, .T. );
#1720 = PLANE( '', #2836 );
#1721 = SURFACE_STYLE_USAGE( .BOTH., #2837 );
#1722 = FACE_OUTER_BOUND( '', #2838, .T. );
#1723 = PLANE( '', #2839 );
#1724 = SURFACE_STYLE_USAGE( .BOTH., #2840 );
#1725 = FACE_OUTER_BOUND( '', #2841, .T. );
#1726 = PLANE( '', #2842 );
#1727 = SURFACE_STYLE_USAGE( .BOTH., #2843 );
#1728 = FACE_OUTER_BOUND( '', #2844, .T. );
#1729 = PLANE( '', #2845 );
#1730 = SURFACE_STYLE_USAGE( .BOTH., #2846 );
#1731 = FACE_OUTER_BOUND( '', #2847, .T. );
#1732 = PLANE( '', #2848 );
#1733 = SURFACE_STYLE_USAGE( .BOTH., #2849 );
#1734 = FACE_OUTER_BOUND( '', #2850, .T. );
#1735 = PLANE( '', #2851 );
#1736 = SURFACE_STYLE_USAGE( .BOTH., #2852 );
#1737 = FACE_OUTER_BOUND( '', #2853, .T. );
#1738 = PLANE( '', #2854 );
#1739 = SURFACE_STYLE_USAGE( .BOTH., #2855 );
#1740 = FACE_OUTER_BOUND( '', #2856, .T. );
#1741 = PLANE( '', #2857 );
#1742 = SURFACE_STYLE_USAGE( .BOTH., #2858 );
#1743 = FACE_OUTER_BOUND( '', #2859, .T. );
#1744 = PLANE( '', #2860 );
#1745 = SURFACE_STYLE_USAGE( .BOTH., #2861 );
#1746 = FACE_OUTER_BOUND( '', #2862, .T. );
#1747 = PLANE( '', #2863 );
#1748 = SURFACE_STYLE_USAGE( .BOTH., #2864 );
#1749 = FACE_OUTER_BOUND( '', #2865, .T. );
#1750 = CYLINDRICAL_SURFACE( '', #2866, 0.0250000000000000 );
#1751 = SURFACE_STYLE_USAGE( .BOTH., #2867 );
#1752 = FACE_OUTER_BOUND( '', #2868, .T. );
#1753 = PLANE( '', #2869 );
#1754 = SURFACE_STYLE_USAGE( .BOTH., #2870 );
#1755 = FACE_OUTER_BOUND( '', #2871, .T. );
#1756 = PLANE( '', #2872 );
#1757 = SURFACE_STYLE_USAGE( .BOTH., #2873 );
#1758 = FACE_OUTER_BOUND( '', #2874, .T. );
#1759 = PLANE( '', #2875 );
#1760 = SURFACE_STYLE_USAGE( .BOTH., #2876 );
#1761 = FACE_OUTER_BOUND( '', #2877, .T. );
#1762 = PLANE( '', #2878 );
#1763 = SURFACE_STYLE_USAGE( .BOTH., #2879 );
#1764 = FACE_OUTER_BOUND( '', #2880, .T. );
#1765 = PLANE( '', #2881 );
#1766 = SURFACE_STYLE_USAGE( .BOTH., #2882 );
#1767 = FACE_OUTER_BOUND( '', #2883, .T. );
#1768 = PLANE( '', #2884 );
#1769 = SURFACE_STYLE_USAGE( .BOTH., #2885 );
#1770 = FACE_OUTER_BOUND( '', #2886, .T. );
#1771 = PLANE( '', #2887 );
#1772 = SURFACE_STYLE_USAGE( .BOTH., #2888 );
#1773 = FACE_OUTER_BOUND( '', #2889, .T. );
#1774 = PLANE( '', #2890 );
#1775 = SURFACE_STYLE_USAGE( .BOTH., #2891 );
#1776 = FACE_OUTER_BOUND( '', #2892, .T. );
#1777 = CYLINDRICAL_SURFACE( '', #2893, 0.0250000000000000 );
#1778 = SURFACE_STYLE_USAGE( .BOTH., #2894 );
#1779 = FACE_OUTER_BOUND( '', #2895, .T. );
#1780 = PLANE( '', #2896 );
#1781 = SURFACE_STYLE_USAGE( .BOTH., #2897 );
#1782 = FACE_OUTER_BOUND( '', #2898, .T. );
#1783 = PLANE( '', #2899 );
#1784 = SURFACE_STYLE_USAGE( .BOTH., #2900 );
#1785 = FACE_OUTER_BOUND( '', #2901, .T. );
#1786 = PLANE( '', #2902 );
#1787 = SURFACE_STYLE_USAGE( .BOTH., #2903 );
#1788 = FACE_OUTER_BOUND( '', #2904, .T. );
#1789 = PLANE( '', #2905 );
#1790 = SURFACE_STYLE_USAGE( .BOTH., #2906 );
#1791 = FACE_OUTER_BOUND( '', #2907, .T. );
#1792 = PLANE( '', #2908 );
#1793 = SURFACE_STYLE_USAGE( .BOTH., #2909 );
#1794 = FACE_OUTER_BOUND( '', #2910, .T. );
#1795 = PLANE( '', #2911 );
#1796 = SURFACE_STYLE_USAGE( .BOTH., #2912 );
#1797 = FACE_OUTER_BOUND( '', #2913, .T. );
#1798 = PLANE( '', #2914 );
#1799 = SURFACE_STYLE_USAGE( .BOTH., #2915 );
#1800 = FACE_OUTER_BOUND( '', #2916, .T. );
#1801 = PLANE( '', #2917 );
#1802 = SURFACE_STYLE_USAGE( .BOTH., #2918 );
#1803 = FACE_OUTER_BOUND( '', #2919, .T. );
#1804 = PLANE( '', #2920 );
#1805 = SURFACE_STYLE_USAGE( .BOTH., #2921 );
#1806 = FACE_OUTER_BOUND( '', #2922, .T. );
#1807 = CYLINDRICAL_SURFACE( '', #2923, 0.0250000000000000 );
#1808 = SURFACE_STYLE_USAGE( .BOTH., #2924 );
#1809 = FACE_OUTER_BOUND( '', #2925, .T. );
#1810 = PLANE( '', #2926 );
#1811 = SURFACE_STYLE_USAGE( .BOTH., #2927 );
#1812 = FACE_OUTER_BOUND( '', #2928, .T. );
#1813 = PLANE( '', #2929 );
#1814 = SURFACE_STYLE_USAGE( .BOTH., #2930 );
#1815 = FACE_OUTER_BOUND( '', #2931, .T. );
#1816 = PLANE( '', #2932 );
#1817 = SURFACE_STYLE_USAGE( .BOTH., #2933 );
#1818 = FACE_BOUND( '', #2934, .T. );
#1819 = FACE_BOUND( '', #2935, .T. );
#1820 = FACE_BOUND( '', #2936, .T. );
#1821 = FACE_BOUND( '', #2937, .T. );
#1822 = FACE_OUTER_BOUND( '', #2938, .T. );
#1823 = PLANE( '', #2939 );
#1824 = SURFACE_STYLE_USAGE( .BOTH., #2940 );
#1825 = FACE_OUTER_BOUND( '', #2941, .T. );
#1826 = PLANE( '', #2942 );
#1827 = SURFACE_STYLE_USAGE( .BOTH., #2943 );
#1828 = FACE_OUTER_BOUND( '', #2944, .T. );
#1829 = PLANE( '', #2945 );
#1830 = SURFACE_STYLE_USAGE( .BOTH., #2946 );
#1831 = FACE_OUTER_BOUND( '', #2947, .T. );
#1832 = PLANE( '', #2948 );
#1833 = SURFACE_STYLE_USAGE( .BOTH., #2949 );
#1834 = FACE_OUTER_BOUND( '', #2950, .T. );
#1835 = PLANE( '', #2951 );
#1836 = SURFACE_STYLE_USAGE( .BOTH., #2952 );
#1837 = FACE_OUTER_BOUND( '', #2953, .T. );
#1838 = PLANE( '', #2954 );
#1839 = SURFACE_STYLE_USAGE( .BOTH., #2955 );
#1840 = FACE_OUTER_BOUND( '', #2956, .T. );
#1841 = PLANE( '', #2957 );
#1842 = SURFACE_STYLE_USAGE( .BOTH., #2958 );
#1843 = FACE_OUTER_BOUND( '', #2959, .T. );
#1844 = PLANE( '', #2960 );
#1845 = SURFACE_STYLE_USAGE( .BOTH., #2961 );
#1846 = FACE_OUTER_BOUND( '', #2962, .T. );
#1847 = PLANE( '', #2963 );
#1848 = SURFACE_STYLE_USAGE( .BOTH., #2964 );
#1849 = FACE_OUTER_BOUND( '', #2965, .T. );
#1850 = PLANE( '', #2966 );
#1851 = SURFACE_STYLE_USAGE( .BOTH., #2967 );
#1852 = FACE_OUTER_BOUND( '', #2968, .T. );
#1853 = PLANE( '', #2969 );
#1854 = SURFACE_STYLE_USAGE( .BOTH., #2970 );
#1855 = FACE_OUTER_BOUND( '', #2971, .T. );
#1856 = CYLINDRICAL_SURFACE( '', #2972, 0.0250000000000000 );
#1857 = SURFACE_STYLE_USAGE( .BOTH., #2973 );
#1858 = FACE_OUTER_BOUND( '', #2974, .T. );
#1859 = PLANE( '', #2975 );
#1860 = SURFACE_STYLE_USAGE( .BOTH., #2976 );
#1861 = FACE_OUTER_BOUND( '', #2977, .T. );
#1862 = PLANE( '', #2978 );
#1863 = SURFACE_STYLE_USAGE( .BOTH., #2979 );
#1864 = FACE_OUTER_BOUND( '', #2980, .T. );
#1865 = CYLINDRICAL_SURFACE( '', #2981, 0.0250000000000000 );
#1866 = SURFACE_STYLE_USAGE( .BOTH., #2982 );
#1867 = FACE_OUTER_BOUND( '', #2983, .T. );
#1868 = PLANE( '', #2984 );
#1869 = SURFACE_STYLE_USAGE( .BOTH., #2985 );
#1870 = FACE_OUTER_BOUND( '', #2986, .T. );
#1871 = PLANE( '', #2987 );
#1872 = SURFACE_STYLE_USAGE( .BOTH., #2988 );
#1873 = FACE_OUTER_BOUND( '', #2989, .T. );
#1874 = PLANE( '', #2990 );
#1875 = SURFACE_STYLE_USAGE( .BOTH., #2991 );
#1876 = FACE_OUTER_BOUND( '', #2992, .T. );
#1877 = PLANE( '', #2993 );
#1878 = SURFACE_STYLE_USAGE( .BOTH., #2994 );
#1879 = FACE_OUTER_BOUND( '', #2995, .T. );
#1880 = PLANE( '', #2996 );
#1881 = SURFACE_STYLE_USAGE( .BOTH., #2997 );
#1882 = FACE_OUTER_BOUND( '', #2998, .T. );
#1883 = PLANE( '', #2999 );
#1884 = SURFACE_STYLE_USAGE( .BOTH., #3000 );
#1885 = FACE_OUTER_BOUND( '', #3001, .T. );
#1886 = PLANE( '', #3002 );
#1887 = SURFACE_STYLE_USAGE( .BOTH., #3003 );
#1888 = FACE_OUTER_BOUND( '', #3004, .T. );
#1889 = PLANE( '', #3005 );
#1890 = SURFACE_STYLE_USAGE( .BOTH., #3006 );
#1891 = FACE_OUTER_BOUND( '', #3007, .T. );
#1892 = PLANE( '', #3008 );
#1893 = SURFACE_STYLE_USAGE( .BOTH., #3009 );
#1894 = FACE_OUTER_BOUND( '', #3010, .T. );
#1895 = PLANE( '', #3011 );
#1896 = SURFACE_STYLE_USAGE( .BOTH., #3012 );
#1897 = FACE_OUTER_BOUND( '', #3013, .T. );
#1898 = PLANE( '', #3014 );
#1899 = SURFACE_STYLE_USAGE( .BOTH., #3015 );
#1900 = FACE_OUTER_BOUND( '', #3016, .T. );
#1901 = PLANE( '', #3017 );
#1902 = SURFACE_STYLE_USAGE( .BOTH., #3018 );
#1903 = FACE_OUTER_BOUND( '', #3019, .T. );
#1904 = CYLINDRICAL_SURFACE( '', #3020, 0.0500000000000000 );
#1905 = SURFACE_STYLE_USAGE( .BOTH., #3021 );
#1906 = FACE_OUTER_BOUND( '', #3022, .T. );
#1907 = PLANE( '', #3023 );
#1908 = SURFACE_STYLE_USAGE( .BOTH., #3024 );
#1909 = FACE_OUTER_BOUND( '', #3025, .T. );
#1910 = PLANE( '', #3026 );
#1911 = SURFACE_STYLE_USAGE( .BOTH., #3027 );
#1912 = FACE_OUTER_BOUND( '', #3028, .T. );
#1913 = PLANE( '', #3029 );
#1914 = SURFACE_STYLE_USAGE( .BOTH., #3030 );
#1915 = FACE_OUTER_BOUND( '', #3031, .T. );
#1916 = PLANE( '', #3032 );
#1917 = SURFACE_STYLE_USAGE( .BOTH., #3033 );
#1918 = FACE_OUTER_BOUND( '', #3034, .T. );
#1919 = PLANE( '', #3035 );
#1920 = SURFACE_STYLE_USAGE( .BOTH., #3036 );
#1921 = FACE_OUTER_BOUND( '', #3037, .T. );
#1922 = PLANE( '', #3038 );
#1923 = SURFACE_STYLE_USAGE( .BOTH., #3039 );
#1924 = FACE_OUTER_BOUND( '', #3040, .T. );
#1925 = PLANE( '', #3041 );
#1926 = SURFACE_STYLE_USAGE( .BOTH., #3042 );
#1927 = FACE_OUTER_BOUND( '', #3043, .T. );
#1928 = PLANE( '', #3044 );
#1929 = SURFACE_STYLE_USAGE( .BOTH., #3045 );
#1930 = FACE_OUTER_BOUND( '', #3046, .T. );
#1931 = PLANE( '', #3047 );
#1932 = SURFACE_STYLE_USAGE( .BOTH., #3048 );
#1933 = FACE_OUTER_BOUND( '', #3049, .T. );
#1934 = CYLINDRICAL_SURFACE( '', #3050, 0.0250000000000000 );
#1935 = SURFACE_STYLE_USAGE( .BOTH., #3051 );
#1936 = FACE_OUTER_BOUND( '', #3052, .T. );
#1937 = PLANE( '', #3053 );
#1938 = SURFACE_STYLE_USAGE( .BOTH., #3054 );
#1939 = FACE_OUTER_BOUND( '', #3055, .T. );
#1940 = PLANE( '', #3056 );
#1941 = SURFACE_STYLE_USAGE( .BOTH., #3057 );
#1942 = FACE_OUTER_BOUND( '', #3058, .T. );
#1943 = PLANE( '', #3059 );
#1944 = SURFACE_STYLE_USAGE( .BOTH., #3060 );
#1945 = FACE_OUTER_BOUND( '', #3061, .T. );
#1946 = PLANE( '', #3062 );
#1947 = SURFACE_STYLE_USAGE( .BOTH., #3063 );
#1948 = FACE_OUTER_BOUND( '', #3064, .T. );
#1949 = PLANE( '', #3065 );
#1950 = SURFACE_STYLE_USAGE( .BOTH., #3066 );
#1951 = FACE_OUTER_BOUND( '', #3067, .T. );
#1952 = PLANE( '', #3068 );
#1953 = SURFACE_STYLE_USAGE( .BOTH., #3069 );
#1954 = FACE_OUTER_BOUND( '', #3070, .T. );
#1955 = PLANE( '', #3071 );
#1956 = SURFACE_STYLE_USAGE( .BOTH., #3072 );
#1957 = FACE_OUTER_BOUND( '', #3073, .T. );
#1958 = PLANE( '', #3074 );
#1959 = SURFACE_STYLE_USAGE( .BOTH., #3075 );
#1960 = FACE_OUTER_BOUND( '', #3076, .T. );
#1961 = PLANE( '', #3077 );
#1962 = SURFACE_STYLE_USAGE( .BOTH., #3078 );
#1963 = FACE_OUTER_BOUND( '', #3079, .T. );
#1964 = PLANE( '', #3080 );
#1965 = SURFACE_STYLE_USAGE( .BOTH., #3081 );
#1966 = FACE_OUTER_BOUND( '', #3082, .T. );
#1967 = PLANE( '', #3083 );
#1968 = SURFACE_STYLE_USAGE( .BOTH., #3084 );
#1969 = FACE_OUTER_BOUND( '', #3085, .T. );
#1970 = PLANE( '', #3086 );
#1971 = SURFACE_STYLE_USAGE( .BOTH., #3087 );
#1972 = FACE_OUTER_BOUND( '', #3088, .T. );
#1973 = PLANE( '', #3089 );
#1974 = SURFACE_STYLE_USAGE( .BOTH., #3090 );
#1975 = FACE_OUTER_BOUND( '', #3091, .T. );
#1976 = PLANE( '', #3092 );
#1977 = SURFACE_STYLE_USAGE( .BOTH., #3093 );
#1978 = FACE_OUTER_BOUND( '', #3094, .T. );
#1979 = PLANE( '', #3095 );
#1980 = SURFACE_STYLE_USAGE( .BOTH., #3096 );
#1981 = FACE_OUTER_BOUND( '', #3097, .T. );
#1982 = PLANE( '', #3098 );
#1983 = SURFACE_STYLE_USAGE( .BOTH., #3099 );
#1984 = FACE_OUTER_BOUND( '', #3100, .T. );
#1985 = PLANE( '', #3101 );
#1986 = SURFACE_STYLE_USAGE( .BOTH., #3102 );
#1987 = FACE_OUTER_BOUND( '', #3103, .T. );
#1988 = PLANE( '', #3104 );
#1989 = SURFACE_STYLE_USAGE( .BOTH., #3105 );
#1990 = FACE_OUTER_BOUND( '', #3106, .T. );
#1991 = PLANE( '', #3107 );
#1992 = SURFACE_STYLE_USAGE( .BOTH., #3108 );
#1993 = FACE_OUTER_BOUND( '', #3109, .T. );
#1994 = CYLINDRICAL_SURFACE( '', #3110, 0.0500000000000000 );
#1995 = SURFACE_STYLE_USAGE( .BOTH., #3111 );
#1996 = FACE_OUTER_BOUND( '', #3112, .T. );
#1997 = PLANE( '', #3113 );
#1998 = SURFACE_STYLE_USAGE( .BOTH., #3114 );
#1999 = FACE_OUTER_BOUND( '', #3115, .T. );
#2000 = CYLINDRICAL_SURFACE( '', #3116, 0.0500000000000000 );
#2001 = SURFACE_STYLE_USAGE( .BOTH., #3117 );
#2002 = FACE_OUTER_BOUND( '', #3118, .T. );
#2003 = PLANE( '', #3119 );
#2004 = SURFACE_STYLE_USAGE( .BOTH., #3120 );
#2005 = FACE_OUTER_BOUND( '', #3121, .T. );
#2006 = PLANE( '', #3122 );
#2007 = SURFACE_STYLE_USAGE( .BOTH., #3123 );
#2008 = FACE_OUTER_BOUND( '', #3124, .T. );
#2009 = PLANE( '', #3125 );
#2010 = SURFACE_STYLE_USAGE( .BOTH., #3126 );
#2011 = FACE_OUTER_BOUND( '', #3127, .T. );
#2012 = PLANE( '', #3128 );
#2013 = SURFACE_STYLE_USAGE( .BOTH., #3129 );
#2014 = FACE_OUTER_BOUND( '', #3130, .T. );
#2015 = PLANE( '', #3131 );
#2016 = SURFACE_STYLE_USAGE( .BOTH., #3132 );
#2017 = FACE_OUTER_BOUND( '', #3133, .T. );
#2018 = PLANE( '', #3134 );
#2019 = SURFACE_STYLE_USAGE( .BOTH., #3135 );
#2020 = FACE_OUTER_BOUND( '', #3136, .T. );
#2021 = PLANE( '', #3137 );
#2022 = SURFACE_STYLE_USAGE( .BOTH., #3138 );
#2023 = FACE_OUTER_BOUND( '', #3139, .T. );
#2024 = PLANE( '', #3140 );
#2025 = SURFACE_STYLE_USAGE( .BOTH., #3141 );
#2026 = FACE_OUTER_BOUND( '', #3142, .T. );
#2027 = PLANE( '', #3143 );
#2028 = SURFACE_STYLE_USAGE( .BOTH., #3144 );
#2029 = FACE_OUTER_BOUND( '', #3145, .T. );
#2030 = PLANE( '', #3146 );
#2031 = SURFACE_STYLE_USAGE( .BOTH., #3147 );
#2032 = FACE_OUTER_BOUND( '', #3148, .T. );
#2033 = PLANE( '', #3149 );
#2034 = SURFACE_STYLE_USAGE( .BOTH., #3150 );
#2035 = FACE_OUTER_BOUND( '', #3151, .T. );
#2036 = CYLINDRICAL_SURFACE( '', #3152, 0.0250000000000000 );
#2037 = SURFACE_STYLE_USAGE( .BOTH., #3153 );
#2038 = FACE_OUTER_BOUND( '', #3154, .T. );
#2039 = PLANE( '', #3155 );
#2040 = SURFACE_STYLE_USAGE( .BOTH., #3156 );
#2041 = FACE_OUTER_BOUND( '', #3157, .T. );
#2042 = PLANE( '', #3158 );
#2043 = SURFACE_STYLE_USAGE( .BOTH., #3159 );
#2044 = FACE_OUTER_BOUND( '', #3160, .T. );
#2045 = PLANE( '', #3161 );
#2046 = SURFACE_STYLE_USAGE( .BOTH., #3162 );
#2047 = FACE_OUTER_BOUND( '', #3163, .T. );
#2048 = PLANE( '', #3164 );
#2049 = SURFACE_STYLE_USAGE( .BOTH., #3165 );
#2050 = FACE_OUTER_BOUND( '', #3166, .T. );
#2051 = PLANE( '', #3167 );
#2052 = SURFACE_STYLE_USAGE( .BOTH., #3168 );
#2053 = FACE_OUTER_BOUND( '', #3169, .T. );
#2054 = PLANE( '', #3170 );
#2055 = SURFACE_STYLE_USAGE( .BOTH., #3171 );
#2056 = FACE_OUTER_BOUND( '', #3172, .T. );
#2057 = PLANE( '', #3173 );
#2058 = SURFACE_STYLE_USAGE( .BOTH., #3174 );
#2059 = FACE_OUTER_BOUND( '', #3175, .T. );
#2060 = PLANE( '', #3176 );
#2061 = SURFACE_STYLE_USAGE( .BOTH., #3177 );
#2062 = FACE_OUTER_BOUND( '', #3178, .T. );
#2063 = PLANE( '', #3179 );
#2064 = SURFACE_STYLE_USAGE( .BOTH., #3180 );
#2065 = FACE_OUTER_BOUND( '', #3181, .T. );
#2066 = PLANE( '', #3182 );
#2067 = SURFACE_STYLE_USAGE( .BOTH., #3183 );
#2068 = FACE_OUTER_BOUND( '', #3184, .T. );
#2069 = PLANE( '', #3185 );
#2070 = SURFACE_STYLE_USAGE( .BOTH., #3186 );
#2071 = FACE_OUTER_BOUND( '', #3187, .T. );
#2072 = PLANE( '', #3188 );
#2073 = SURFACE_STYLE_USAGE( .BOTH., #3189 );
#2074 = FACE_OUTER_BOUND( '', #3190, .T. );
#2075 = PLANE( '', #3191 );
#2076 = SURFACE_STYLE_USAGE( .BOTH., #3192 );
#2077 = FACE_OUTER_BOUND( '', #3193, .T. );
#2078 = PLANE( '', #3194 );
#2079 = SURFACE_STYLE_USAGE( .BOTH., #3195 );
#2080 = FACE_OUTER_BOUND( '', #3196, .T. );
#2081 = PLANE( '', #3197 );
#2082 = SURFACE_STYLE_USAGE( .BOTH., #3198 );
#2083 = FACE_OUTER_BOUND( '', #3199, .T. );
#2084 = PLANE( '', #3200 );
#2085 = SURFACE_STYLE_USAGE( .BOTH., #3201 );
#2086 = FACE_OUTER_BOUND( '', #3202, .T. );
#2087 = PLANE( '', #3203 );
#2088 = SURFACE_STYLE_USAGE( .BOTH., #3204 );
#2089 = FACE_OUTER_BOUND( '', #3205, .T. );
#2090 = PLANE( '', #3206 );
#2091 = SURFACE_STYLE_USAGE( .BOTH., #3207 );
#2092 = FACE_OUTER_BOUND( '', #3208, .T. );
#2093 = PLANE( '', #3209 );
#2094 = SURFACE_STYLE_USAGE( .BOTH., #3210 );
#2095 = FACE_OUTER_BOUND( '', #3211, .T. );
#2096 = PLANE( '', #3212 );
#2097 = SURFACE_STYLE_USAGE( .BOTH., #3213 );
#2098 = FACE_OUTER_BOUND( '', #3214, .T. );
#2099 = PLANE( '', #3215 );
#2100 = SURFACE_STYLE_USAGE( .BOTH., #3216 );
#2101 = FACE_OUTER_BOUND( '', #3217, .T. );
#2102 = PLANE( '', #3218 );
#2103 = SURFACE_STYLE_USAGE( .BOTH., #3219 );
#2104 = FACE_OUTER_BOUND( '', #3220, .T. );
#2105 = PLANE( '', #3221 );
#2106 = SURFACE_STYLE_USAGE( .BOTH., #3222 );
#2107 = FACE_OUTER_BOUND( '', #3223, .T. );
#2108 = PLANE( '', #3224 );
#2109 = SURFACE_STYLE_USAGE( .BOTH., #3225 );
#2110 = FACE_OUTER_BOUND( '', #3226, .T. );
#2111 = PLANE( '', #3227 );
#2112 = SURFACE_STYLE_USAGE( .BOTH., #3228 );
#2113 = FACE_OUTER_BOUND( '', #3229, .T. );
#2114 = PLANE( '', #3230 );
#2115 = SURFACE_STYLE_USAGE( .BOTH., #3231 );
#2116 = FACE_OUTER_BOUND( '', #3232, .T. );
#2117 = PLANE( '', #3233 );
#2118 = SURFACE_STYLE_USAGE( .BOTH., #3234 );
#2119 = FACE_OUTER_BOUND( '', #3235, .T. );
#2120 = PLANE( '', #3236 );
#2121 = SURFACE_STYLE_USAGE( .BOTH., #3237 );
#2122 = FACE_OUTER_BOUND( '', #3238, .T. );
#2123 = PLANE( '', #3239 );
#2124 = SURFACE_STYLE_USAGE( .BOTH., #3240 );
#2125 = FACE_OUTER_BOUND( '', #3241, .T. );
#2126 = PLANE( '', #3242 );
#2127 = SURFACE_STYLE_USAGE( .BOTH., #3243 );
#2128 = FACE_OUTER_BOUND( '', #3244, .T. );
#2129 = PLANE( '', #3245 );
#2130 = SURFACE_STYLE_USAGE( .BOTH., #3246 );
#2131 = FACE_OUTER_BOUND( '', #3247, .T. );
#2132 = PLANE( '', #3248 );
#2133 = SURFACE_STYLE_USAGE( .BOTH., #3249 );
#2134 = FACE_OUTER_BOUND( '', #3250, .T. );
#2135 = PLANE( '', #3251 );
#2136 = SURFACE_STYLE_USAGE( .BOTH., #3252 );
#2137 = FACE_OUTER_BOUND( '', #3253, .T. );
#2138 = PLANE( '', #3254 );
#2139 = SURFACE_STYLE_USAGE( .BOTH., #3255 );
#2140 = FACE_OUTER_BOUND( '', #3256, .T. );
#2141 = CYLINDRICAL_SURFACE( '', #3257, 0.0250000000000000 );
#2142 = SURFACE_STYLE_USAGE( .BOTH., #3258 );
#2143 = FACE_OUTER_BOUND( '', #3259, .T. );
#2144 = PLANE( '', #3260 );
#2145 = SURFACE_STYLE_USAGE( .BOTH., #3261 );
#2146 = FACE_OUTER_BOUND( '', #3262, .T. );
#2147 = PLANE( '', #3263 );
#2148 = SURFACE_STYLE_USAGE( .BOTH., #3264 );
#2149 = FACE_OUTER_BOUND( '', #3265, .T. );
#2150 = PLANE( '', #3266 );
#2151 = SURFACE_STYLE_USAGE( .BOTH., #3267 );
#2152 = FACE_OUTER_BOUND( '', #3268, .T. );
#2153 = PLANE( '', #3269 );
#2154 = SURFACE_STYLE_USAGE( .BOTH., #3270 );
#2155 = FACE_OUTER_BOUND( '', #3271, .T. );
#2156 = PLANE( '', #3272 );
#2157 = SURFACE_STYLE_USAGE( .BOTH., #3273 );
#2158 = FACE_OUTER_BOUND( '', #3274, .T. );
#2159 = PLANE( '', #3275 );
#2160 = SURFACE_STYLE_USAGE( .BOTH., #3276 );
#2161 = FACE_OUTER_BOUND( '', #3277, .T. );
#2162 = PLANE( '', #3278 );
#2163 = SURFACE_STYLE_USAGE( .BOTH., #3279 );
#2164 = FACE_OUTER_BOUND( '', #3280, .T. );
#2165 = PLANE( '', #3281 );
#2166 = SURFACE_STYLE_USAGE( .BOTH., #3282 );
#2167 = FACE_OUTER_BOUND( '', #3283, .T. );
#2168 = PLANE( '', #3284 );
#2169 = SURFACE_STYLE_USAGE( .BOTH., #3285 );
#2170 = FACE_OUTER_BOUND( '', #3286, .T. );
#2171 = PLANE( '', #3287 );
#2172 = SURFACE_STYLE_USAGE( .BOTH., #3288 );
#2173 = FACE_OUTER_BOUND( '', #3289, .T. );
#2174 = PLANE( '', #3290 );
#2175 = SURFACE_STYLE_USAGE( .BOTH., #3291 );
#2176 = FACE_OUTER_BOUND( '', #3292, .T. );
#2177 = PLANE( '', #3293 );
#2178 = SURFACE_STYLE_USAGE( .BOTH., #3294 );
#2179 = FACE_OUTER_BOUND( '', #3295, .T. );
#2180 = PLANE( '', #3296 );
#2181 = SURFACE_STYLE_USAGE( .BOTH., #3297 );
#2182 = FACE_OUTER_BOUND( '', #3298, .T. );
#2183 = PLANE( '', #3299 );
#2184 = SURFACE_STYLE_USAGE( .BOTH., #3300 );
#2185 = FACE_OUTER_BOUND( '', #3301, .T. );
#2186 = PLANE( '', #3302 );
#2187 = SURFACE_STYLE_USAGE( .BOTH., #3303 );
#2188 = FACE_OUTER_BOUND( '', #3304, .T. );
#2189 = PLANE( '', #3305 );
#2190 = SURFACE_STYLE_USAGE( .BOTH., #3306 );
#2191 = FACE_OUTER_BOUND( '', #3307, .T. );
#2192 = CYLINDRICAL_SURFACE( '', #3308, 0.0250000000000000 );
#2193 = SURFACE_STYLE_USAGE( .BOTH., #3309 );
#2194 = FACE_OUTER_BOUND( '', #3310, .T. );
#2195 = PLANE( '', #3311 );
#2196 = SURFACE_STYLE_USAGE( .BOTH., #3312 );
#2197 = FACE_OUTER_BOUND( '', #3313, .T. );
#2198 = PLANE( '', #3314 );
#2199 = SURFACE_STYLE_USAGE( .BOTH., #3315 );
#2200 = FACE_OUTER_BOUND( '', #3316, .T. );
#2201 = PLANE( '', #3317 );
#2202 = SURFACE_STYLE_USAGE( .BOTH., #3318 );
#2203 = FACE_OUTER_BOUND( '', #3319, .T. );
#2204 = PLANE( '', #3320 );
#2205 = SURFACE_STYLE_USAGE( .BOTH., #3321 );
#2206 = FACE_OUTER_BOUND( '', #3322, .T. );
#2207 = PLANE( '', #3323 );
#2208 = SURFACE_STYLE_USAGE( .BOTH., #3324 );
#2209 = FACE_OUTER_BOUND( '', #3325, .T. );
#2210 = PLANE( '', #3326 );
#2211 = SURFACE_STYLE_USAGE( .BOTH., #3327 );
#2212 = FACE_OUTER_BOUND( '', #3328, .T. );
#2213 = PLANE( '', #3329 );
#2214 = SURFACE_STYLE_USAGE( .BOTH., #3330 );
#2215 = FACE_OUTER_BOUND( '', #3331, .T. );
#2216 = PLANE( '', #3332 );
#2217 = SURFACE_STYLE_USAGE( .BOTH., #3333 );
#2218 = FACE_OUTER_BOUND( '', #3334, .T. );
#2219 = PLANE( '', #3335 );
#2220 = SURFACE_STYLE_USAGE( .BOTH., #3336 );
#2221 = FACE_OUTER_BOUND( '', #3337, .T. );
#2222 = PLANE( '', #3338 );
#2223 = SURFACE_STYLE_USAGE( .BOTH., #3339 );
#2224 = FACE_OUTER_BOUND( '', #3340, .T. );
#2225 = PLANE( '', #3341 );
#2226 = SURFACE_STYLE_USAGE( .BOTH., #3342 );
#2227 = FACE_OUTER_BOUND( '', #3343, .T. );
#2228 = PLANE( '', #3344 );
#2229 = SURFACE_STYLE_USAGE( .BOTH., #3345 );
#2230 = FACE_OUTER_BOUND( '', #3346, .T. );
#2231 = PLANE( '', #3347 );
#2232 = SURFACE_STYLE_USAGE( .BOTH., #3348 );
#2233 = FACE_OUTER_BOUND( '', #3349, .T. );
#2234 = PLANE( '', #3350 );
#2235 = SURFACE_STYLE_USAGE( .BOTH., #3351 );
#2236 = FACE_OUTER_BOUND( '', #3352, .T. );
#2237 = PLANE( '', #3353 );
#2238 = SURFACE_STYLE_USAGE( .BOTH., #3354 );
#2239 = FACE_OUTER_BOUND( '', #3355, .T. );
#2240 = PLANE( '', #3356 );
#2241 = SURFACE_STYLE_USAGE( .BOTH., #3357 );
#2242 = FACE_OUTER_BOUND( '', #3358, .T. );
#2243 = PLANE( '', #3359 );
#2244 = SURFACE_STYLE_USAGE( .BOTH., #3360 );
#2245 = FACE_OUTER_BOUND( '', #3361, .T. );
#2246 = PLANE( '', #3362 );
#2247 = SURFACE_STYLE_USAGE( .BOTH., #3363 );
#2248 = FACE_OUTER_BOUND( '', #3364, .T. );
#2249 = PLANE( '', #3365 );
#2250 = SURFACE_STYLE_USAGE( .BOTH., #3366 );
#2251 = FACE_OUTER_BOUND( '', #3367, .T. );
#2252 = PLANE( '', #3368 );
#2253 = SURFACE_STYLE_USAGE( .BOTH., #3369 );
#2254 = FACE_OUTER_BOUND( '', #3370, .T. );
#2255 = PLANE( '', #3371 );
#2256 = SURFACE_STYLE_USAGE( .BOTH., #3372 );
#2257 = FACE_OUTER_BOUND( '', #3373, .T. );
#2258 = PLANE( '', #3374 );
#2259 = SURFACE_STYLE_USAGE( .BOTH., #3375 );
#2260 = FACE_OUTER_BOUND( '', #3376, .T. );
#2261 = PLANE( '', #3377 );
#2262 = SURFACE_STYLE_USAGE( .BOTH., #3378 );
#2263 = FACE_OUTER_BOUND( '', #3379, .T. );
#2264 = PLANE( '', #3380 );
#2265 = SURFACE_STYLE_USAGE( .BOTH., #3381 );
#2266 = FACE_OUTER_BOUND( '', #3382, .T. );
#2267 = PLANE( '', #3383 );
#2268 = SURFACE_STYLE_USAGE( .BOTH., #3384 );
#2269 = FACE_OUTER_BOUND( '', #3385, .T. );
#2270 = PLANE( '', #3386 );
#2271 = SURFACE_STYLE_USAGE( .BOTH., #3387 );
#2272 = FACE_OUTER_BOUND( '', #3388, .T. );
#2273 = CYLINDRICAL_SURFACE( '', #3389, 0.0500000000000000 );
#2274 = SURFACE_STYLE_USAGE( .BOTH., #3390 );
#2275 = FACE_OUTER_BOUND( '', #3391, .T. );
#2276 = PLANE( '', #3392 );
#2277 = SURFACE_STYLE_USAGE( .BOTH., #3393 );
#2278 = FACE_OUTER_BOUND( '', #3394, .T. );
#2279 = PLANE( '', #3395 );
#2280 = SURFACE_STYLE_USAGE( .BOTH., #3396 );
#2281 = FACE_OUTER_BOUND( '', #3397, .T. );
#2282 = PLANE( '', #3398 );
#2283 = SURFACE_STYLE_USAGE( .BOTH., #3399 );
#2284 = FACE_OUTER_BOUND( '', #3400, .T. );
#2285 = PLANE( '', #3401 );
#2286 = SURFACE_STYLE_USAGE( .BOTH., #3402 );
#2287 = FACE_OUTER_BOUND( '', #3403, .T. );
#2288 = PLANE( '', #3404 );
#2289 = SURFACE_STYLE_USAGE( .BOTH., #3405 );
#2290 = FACE_OUTER_BOUND( '', #3406, .T. );
#2291 = PLANE( '', #3407 );
#2292 = SURFACE_STYLE_USAGE( .BOTH., #3408 );
#2293 = FACE_OUTER_BOUND( '', #3409, .T. );
#2294 = PLANE( '', #3410 );
#2295 = SURFACE_STYLE_USAGE( .BOTH., #3411 );
#2296 = FACE_OUTER_BOUND( '', #3412, .T. );
#2297 = PLANE( '', #3413 );
#2298 = SURFACE_STYLE_USAGE( .BOTH., #3414 );
#2299 = FACE_OUTER_BOUND( '', #3415, .T. );
#2300 = PLANE( '', #3416 );
#2301 =  ( LENGTH_UNIT(  )NAMED_UNIT( #1168 )SI_UNIT( .MILLI., .METRE. ) );
#2304 = LENGTH_MEASURE_WITH_UNIT( LENGTH_MEASURE( 25.4000000000000 ), #3418 );
#2307 = DIMENSIONAL_EXPONENTS( 1.00000000000000, 0.000000000000000, 0.000000000000000, 0.000000000000000, 0.000000000000000, 0.000000000000000, 0.000000000000000 );
#2309 = DIMENSIONAL_EXPONENTS( 0.000000000000000, 0.000000000000000, 0.000000000000000, 0.000000000000000, 0.000000000000000, 0.000000000000000, 0.000000000000000 );
#2315 = SURFACE_SIDE_STYLE( '', ( #3419 ) );
#2316 = EDGE_LOOP( '', ( #3420, #3421, #3422, #3423 ) );
#2317 = AXIS2_PLACEMENT_3D( '', #3424, #3425, #3426 );
#2318 = SURFACE_SIDE_STYLE( '', ( #3427 ) );
#2319 = EDGE_LOOP( '', ( #3428, #3429, #3430, #3431 ) );
#2320 = AXIS2_PLACEMENT_3D( '', #3432, #3433, #3434 );
#2321 = SURFACE_SIDE_STYLE( '', ( #3435 ) );
#2322 = EDGE_LOOP( '', ( #3436, #3437, #3438, #3439 ) );
#2323 = AXIS2_PLACEMENT_3D( '', #3440, #3441, #3442 );
#2324 = SURFACE_SIDE_STYLE( '', ( #3443 ) );
#2325 = EDGE_LOOP( '', ( #3444, #3445, #3446, #3447 ) );
#2326 = AXIS2_PLACEMENT_3D( '', #3448, #3449, #3450 );
#2327 = SURFACE_SIDE_STYLE( '', ( #3451 ) );
#2328 = EDGE_LOOP( '', ( #3452, #3453, #3454, #3455 ) );
#2329 = AXIS2_PLACEMENT_3D( '', #3456, #3457, #3458 );
#2330 = SURFACE_SIDE_STYLE( '', ( #3459 ) );
#2331 = EDGE_LOOP( '', ( #3460, #3461, #3462, #3463 ) );
#2332 = AXIS2_PLACEMENT_3D( '', #3464, #3465, #3466 );
#2333 = SURFACE_SIDE_STYLE( '', ( #3467 ) );
#2334 = EDGE_LOOP( '', ( #3468, #3469, #3470, #3471 ) );
#2335 = AXIS2_PLACEMENT_3D( '', #3472, #3473, #3474 );
#2336 = SURFACE_SIDE_STYLE( '', ( #3475 ) );
#2337 = EDGE_LOOP( '', ( #3476, #3477, #3478, #3479 ) );
#2338 = AXIS2_PLACEMENT_3D( '', #3480, #3481, #3482 );
#2339 = SURFACE_SIDE_STYLE( '', ( #3483 ) );
#2340 = EDGE_LOOP( '', ( #3484, #3485, #3486, #3487 ) );
#2341 = AXIS2_PLACEMENT_3D( '', #3488, #3489, #3490 );
#2342 = SURFACE_SIDE_STYLE( '', ( #3491 ) );
#2343 = EDGE_LOOP( '', ( #3492, #3493, #3494, #3495 ) );
#2344 = AXIS2_PLACEMENT_3D( '', #3496, #3497, #3498 );
#2345 = SURFACE_SIDE_STYLE( '', ( #3499 ) );
#2346 = EDGE_LOOP( '', ( #3500, #3501, #3502, #3503 ) );
#2347 = AXIS2_PLACEMENT_3D( '', #3504, #3505, #3506 );
#2348 = SURFACE_SIDE_STYLE( '', ( #3507 ) );
#2349 = EDGE_LOOP( '', ( #3508, #3509, #3510, #3511 ) );
#2350 = AXIS2_PLACEMENT_3D( '', #3512, #3513, #3514 );
#2351 = SURFACE_SIDE_STYLE( '', ( #3515 ) );
#2352 = EDGE_LOOP( '', ( #3516, #3517, #3518, #3519, #3520, #3521, #3522, #3523, #3524, #3525, #3526, #3527 ) );
#2353 = AXIS2_PLACEMENT_3D( '', #3528, #3529, #3530 );
#2354 = SURFACE_SIDE_STYLE( '', ( #3531 ) );
#2355 = EDGE_LOOP( '', ( #3532, #3533, #3534, #3535, #3536, #3537, #3538, #3539, #3540, #3541 ) );
#2356 = AXIS2_PLACEMENT_3D( '', #3542, #3543, #3544 );
#2357 = SURFACE_SIDE_STYLE( '', ( #3545 ) );
#2358 = EDGE_LOOP( '', ( #3546, #3547, #3548, #3549, #3550, #3551, #3552, #3553, #3554, #3555 ) );
#2359 = AXIS2_PLACEMENT_3D( '', #3556, #3557, #3558 );
#2360 = SURFACE_SIDE_STYLE( '', ( #3559 ) );
#2361 = EDGE_LOOP( '', ( #3560, #3561, #3562, #3563, #3564, #3565 ) );
#2362 = AXIS2_PLACEMENT_3D( '', #3566, #3567, #3568 );
#2363 = SURFACE_SIDE_STYLE( '', ( #3569 ) );
#2364 = EDGE_LOOP( '', ( #3570, #3571, #3572, #3573 ) );
#2365 = AXIS2_PLACEMENT_3D( '', #3574, #3575, #3576 );
#2366 = SURFACE_SIDE_STYLE( '', ( #3577 ) );
#2367 = EDGE_LOOP( '', ( #3578, #3579, #3580, #3581 ) );
#2368 = AXIS2_PLACEMENT_3D( '', #3582, #3583, #3584 );
#2369 = SURFACE_SIDE_STYLE( '', ( #3585 ) );
#2370 = EDGE_LOOP( '', ( #3586, #3587, #3588, #3589 ) );
#2371 = AXIS2_PLACEMENT_3D( '', #3590, #3591, #3592 );
#2372 = SURFACE_SIDE_STYLE( '', ( #3593 ) );
#2373 = EDGE_LOOP( '', ( #3594, #3595, #3596, #3597, #3598, #3599, #3600, #3601, #3602, #3603 ) );
#2374 = AXIS2_PLACEMENT_3D( '', #3604, #3605, #3606 );
#2375 = SURFACE_SIDE_STYLE( '', ( #3607 ) );
#2376 = EDGE_LOOP( '', ( #3608, #3609, #3610, #3611, #3612, #3613, #3614, #3615, #3616, #3617 ) );
#2377 = AXIS2_PLACEMENT_3D( '', #3618, #3619, #3620 );
#2378 = SURFACE_SIDE_STYLE( '', ( #3621 ) );
#2379 = EDGE_LOOP( '', ( #3622, #3623, #3624, #3625 ) );
#2380 = AXIS2_PLACEMENT_3D( '', #3626, #3627, #3628 );
#2381 = SURFACE_SIDE_STYLE( '', ( #3629 ) );
#2382 = EDGE_LOOP( '', ( #3630, #3631, #3632, #3633 ) );
#2383 = AXIS2_PLACEMENT_3D( '', #3634, #3635, #3636 );
#2384 = SURFACE_SIDE_STYLE( '', ( #3637 ) );
#2385 = EDGE_LOOP( '', ( #3638, #3639, #3640, #3641 ) );
#2386 = AXIS2_PLACEMENT_3D( '', #3642, #3643, #3644 );
#2387 = SURFACE_SIDE_STYLE( '', ( #3645 ) );
#2388 = EDGE_LOOP( '', ( #3646, #3647, #3648, #3649 ) );
#2389 = AXIS2_PLACEMENT_3D( '', #3650, #3651, #3652 );
#2390 = SURFACE_SIDE_STYLE( '', ( #3653 ) );
#2391 = EDGE_LOOP( '', ( #3654, #3655, #3656, #3657 ) );
#2392 = AXIS2_PLACEMENT_3D( '', #3658, #3659, #3660 );
#2393 = SURFACE_SIDE_STYLE( '', ( #3661 ) );
#2394 = EDGE_LOOP( '', ( #3662, #3663, #3664, #3665, #3666, #3667, #3668, #3669, #3670, #3671 ) );
#2395 = AXIS2_PLACEMENT_3D( '', #3672, #3673, #3674 );
#2396 = SURFACE_SIDE_STYLE( '', ( #3675 ) );
#2397 = EDGE_LOOP( '', ( #3676, #3677, #3678, #3679, #3680, #3681, #3682, #3683, #3684, #3685, #3686, #3687 ) );
#2398 = AXIS2_PLACEMENT_3D( '', #3688, #3689, #3690 );
#2399 = SURFACE_SIDE_STYLE( '', ( #3691 ) );
#2400 = EDGE_LOOP( '', ( #3692, #3693, #3694, #3695 ) );
#2401 = AXIS2_PLACEMENT_3D( '', #3696, #3697, #3698 );
#2402 = SURFACE_SIDE_STYLE( '', ( #3699 ) );
#2403 = EDGE_LOOP( '', ( #3700, #3701, #3702, #3703 ) );
#2404 = AXIS2_PLACEMENT_3D( '', #3704, #3705, #3706 );
#2405 = SURFACE_SIDE_STYLE( '', ( #3707 ) );
#2406 = EDGE_LOOP( '', ( #3708, #3709, #3710, #3711 ) );
#2407 = AXIS2_PLACEMENT_3D( '', #3712, #3713, #3714 );
#2408 = SURFACE_SIDE_STYLE( '', ( #3715 ) );
#2409 = EDGE_LOOP( '', ( #3716, #3717, #3718, #3719 ) );
#2410 = AXIS2_PLACEMENT_3D( '', #3720, #3721, #3722 );
#2411 = SURFACE_SIDE_STYLE( '', ( #3723 ) );
#2412 = EDGE_LOOP( '', ( #3724, #3725, #3726, #3727 ) );
#2413 = AXIS2_PLACEMENT_3D( '', #3728, #3729, #3730 );
#2414 = SURFACE_SIDE_STYLE( '', ( #3731 ) );
#2415 = EDGE_LOOP( '', ( #3732, #3733, #3734, #3735 ) );
#2416 = AXIS2_PLACEMENT_3D( '', #3736, #3737, #3738 );
#2417 = SURFACE_SIDE_STYLE( '', ( #3739 ) );
#2418 = EDGE_LOOP( '', ( #3740, #3741, #3742, #3743 ) );
#2419 = AXIS2_PLACEMENT_3D( '', #3744, #3745, #3746 );
#2420 = SURFACE_SIDE_STYLE( '', ( #3747 ) );
#2421 = EDGE_LOOP( '', ( #3748, #3749, #3750, #3751, #3752, #3753, #3754, #3755, #3756, #3757, #3758, #3759, #3760, #3761, #3762, #3763, #3764, #3765, #3766, #3767, #3768, #3769, #3770, #3771, #3772, #3773, #3774, #3775, #3776, #3777, #3778, #3779, #3780, #3781, #3782, #3783, #3784, #3785, #3786, #3787, #3788, #3789, #3790, #3791 ) );
#2422 = AXIS2_PLACEMENT_3D( '', #3792, #3793, #3794 );
#2423 = SURFACE_SIDE_STYLE( '', ( #3795 ) );
#2424 = EDGE_LOOP( '', ( #3796, #3797, #3798, #3799 ) );
#2425 = AXIS2_PLACEMENT_3D( '', #3800, #3801, #3802 );
#2426 = SURFACE_SIDE_STYLE( '', ( #3803 ) );
#2427 = EDGE_LOOP( '', ( #3804, #3805, #3806, #3807, #3808, #3809, #3810, #3811, #3812, #3813, #3814, #3815 ) );
#2428 = AXIS2_PLACEMENT_3D( '', #3816, #3817, #3818 );
#2429 = SURFACE_SIDE_STYLE( '', ( #3819 ) );
#2430 = EDGE_LOOP( '', ( #3820, #3821, #3822, #3823, #3824, #3825 ) );
#2431 = AXIS2_PLACEMENT_3D( '', #3826, #3827, #3828 );
#2432 = SURFACE_SIDE_STYLE( '', ( #3829 ) );
#2433 = EDGE_LOOP( '', ( #3830, #3831, #3832, #3833 ) );
#2434 = AXIS2_PLACEMENT_3D( '', #3834, #3835, #3836 );
#2435 = SURFACE_SIDE_STYLE( '', ( #3837 ) );
#2436 = EDGE_LOOP( '', ( #3838, #3839, #3840, #3841 ) );
#2437 = AXIS2_PLACEMENT_3D( '', #3842, #3843, #3844 );
#2438 = SURFACE_SIDE_STYLE( '', ( #3845 ) );
#2439 = EDGE_LOOP( '', ( #3846, #3847, #3848, #3849, #3850, #3851, #3852, #3853, #3854, #3855 ) );
#2440 = AXIS2_PLACEMENT_3D( '', #3856, #3857, #3858 );
#2441 = SURFACE_SIDE_STYLE( '', ( #3859 ) );
#2442 = EDGE_LOOP( '', ( #3860, #3861, #3862, #3863, #3864, #3865, #3866, #3867, #3868, #3869 ) );
#2443 = AXIS2_PLACEMENT_3D( '', #3870, #3871, #3872 );
#2444 = SURFACE_SIDE_STYLE( '', ( #3873 ) );
#2445 = EDGE_LOOP( '', ( #3874, #3875, #3876, #3877 ) );
#2446 = AXIS2_PLACEMENT_3D( '', #3878, #3879, #3880 );
#2447 = SURFACE_SIDE_STYLE( '', ( #3881 ) );
#2448 = EDGE_LOOP( '', ( #3882, #3883, #3884, #3885 ) );
#2449 = AXIS2_PLACEMENT_3D( '', #3886, #3887, #3888 );
#2450 = SURFACE_SIDE_STYLE( '', ( #3889 ) );
#2451 = EDGE_LOOP( '', ( #3890, #3891, #3892, #3893 ) );
#2452 = AXIS2_PLACEMENT_3D( '', #3894, #3895, #3896 );
#2453 = SURFACE_SIDE_STYLE( '', ( #3897 ) );
#2454 = EDGE_LOOP( '', ( #3898, #3899, #3900, #3901 ) );
#2455 = AXIS2_PLACEMENT_3D( '', #3902, #3903, #3904 );
#2456 = SURFACE_SIDE_STYLE( '', ( #3905 ) );
#2457 = EDGE_LOOP( '', ( #3906, #3907, #3908, #3909, #3910, #3911, #3912, #3913, #3914, #3915 ) );
#2458 = AXIS2_PLACEMENT_3D( '', #3916, #3917, #3918 );
#2459 = SURFACE_SIDE_STYLE( '', ( #3919 ) );
#2460 = EDGE_LOOP( '', ( #3920, #3921, #3922, #3923 ) );
#2461 = AXIS2_PLACEMENT_3D( '', #3924, #3925, #3926 );
#2462 = SURFACE_SIDE_STYLE( '', ( #3927 ) );
#2463 = EDGE_LOOP( '', ( #3928, #3929, #3930, #3931 ) );
#2464 = AXIS2_PLACEMENT_3D( '', #3932, #3933, #3934 );
#2465 = SURFACE_SIDE_STYLE( '', ( #3935 ) );
#2466 = EDGE_LOOP( '', ( #3936, #3937, #3938, #3939 ) );
#2467 = AXIS2_PLACEMENT_3D( '', #3940, #3941, #3942 );
#2468 = SURFACE_SIDE_STYLE( '', ( #3943 ) );
#2469 = EDGE_LOOP( '', ( #3944, #3945, #3946, #3947 ) );
#2470 = AXIS2_PLACEMENT_3D( '', #3948, #3949, #3950 );
#2471 = SURFACE_SIDE_STYLE( '', ( #3951 ) );
#2472 = EDGE_LOOP( '', ( #3952, #3953, #3954, #3955 ) );
#2473 = AXIS2_PLACEMENT_3D( '', #3956, #3957, #3958 );
#2474 = SURFACE_SIDE_STYLE( '', ( #3959 ) );
#2475 = EDGE_LOOP( '', ( #3960, #3961, #3962, #3963 ) );
#2476 = AXIS2_PLACEMENT_3D( '', #3964, #3965, #3966 );
#2477 = SURFACE_SIDE_STYLE( '', ( #3967 ) );
#2478 = EDGE_LOOP( '', ( #3968, #3969, #3970, #3971 ) );
#2479 = AXIS2_PLACEMENT_3D( '', #3972, #3973, #3974 );
#2480 = SURFACE_SIDE_STYLE( '', ( #3975 ) );
#2481 = EDGE_LOOP( '', ( #3976, #3977, #3978, #3979 ) );
#2482 = AXIS2_PLACEMENT_3D( '', #3980, #3981, #3982 );
#2483 = SURFACE_SIDE_STYLE( '', ( #3983 ) );
#2484 = EDGE_LOOP( '', ( #3984, #3985, #3986, #3987 ) );
#2485 = AXIS2_PLACEMENT_3D( '', #3988, #3989, #3990 );
#2486 = SURFACE_SIDE_STYLE( '', ( #3991 ) );
#2487 = EDGE_LOOP( '', ( #3992, #3993, #3994, #3995 ) );
#2488 = AXIS2_PLACEMENT_3D( '', #3996, #3997, #3998 );
#2489 = SURFACE_SIDE_STYLE( '', ( #3999 ) );
#2490 = EDGE_LOOP( '', ( #4000, #4001, #4002, #4003 ) );
#2491 = AXIS2_PLACEMENT_3D( '', #4004, #4005, #4006 );
#2492 = SURFACE_SIDE_STYLE( '', ( #4007 ) );
#2493 = EDGE_LOOP( '', ( #4008, #4009, #4010, #4011 ) );
#2494 = AXIS2_PLACEMENT_3D( '', #4012, #4013, #4014 );
#2495 = SURFACE_SIDE_STYLE( '', ( #4015 ) );
#2496 = EDGE_LOOP( '', ( #4016, #4017, #4018, #4019 ) );
#2497 = AXIS2_PLACEMENT_3D( '', #4020, #4021, #4022 );
#2498 = SURFACE_SIDE_STYLE( '', ( #4023 ) );
#2499 = EDGE_LOOP( '', ( #4024, #4025, #4026, #4027 ) );
#2500 = AXIS2_PLACEMENT_3D( '', #4028, #4029, #4030 );
#2501 = SURFACE_SIDE_STYLE( '', ( #4031 ) );
#2502 = EDGE_LOOP( '', ( #4032, #4033, #4034, #4035, #4036, #4037, #4038, #4039, #4040, #4041 ) );
#2503 = AXIS2_PLACEMENT_3D( '', #4042, #4043, #4044 );
#2504 = SURFACE_SIDE_STYLE( '', ( #4045 ) );
#2505 = EDGE_LOOP( '', ( #4046, #4047, #4048, #4049 ) );
#2506 = AXIS2_PLACEMENT_3D( '', #4050, #4051, #4052 );
#2507 = SURFACE_SIDE_STYLE( '', ( #4053 ) );
#2508 = EDGE_LOOP( '', ( #4054, #4055, #4056, #4057, #4058, #4059, #4060, #4061, #4062, #4063, #4064, #4065 ) );
#2509 = AXIS2_PLACEMENT_3D( '', #4066, #4067, #4068 );
#2510 = SURFACE_SIDE_STYLE( '', ( #4069 ) );
#2511 = EDGE_LOOP( '', ( #4070, #4071, #4072, #4073 ) );
#2512 = AXIS2_PLACEMENT_3D( '', #4074, #4075, #4076 );
#2513 = SURFACE_SIDE_STYLE( '', ( #4077 ) );
#2514 = EDGE_LOOP( '', ( #4078, #4079, #4080, #4081 ) );
#2515 = AXIS2_PLACEMENT_3D( '', #4082, #4083, #4084 );
#2516 = SURFACE_SIDE_STYLE( '', ( #4085 ) );
#2517 = EDGE_LOOP( '', ( #4086, #4087, #4088, #4089 ) );
#2518 = AXIS2_PLACEMENT_3D( '', #4090, #4091, #4092 );
#2519 = SURFACE_SIDE_STYLE( '', ( #4093 ) );
#2520 = EDGE_LOOP( '', ( #4094, #4095, #4096, #4097 ) );
#2521 = AXIS2_PLACEMENT_3D( '', #4098, #4099, #4100 );
#2522 = SURFACE_SIDE_STYLE( '', ( #4101 ) );
#2523 = EDGE_LOOP( '', ( #4102, #4103, #4104, #4105 ) );
#2524 = AXIS2_PLACEMENT_3D( '', #4106, #4107, #4108 );
#2525 = SURFACE_SIDE_STYLE( '', ( #4109 ) );
#2526 = EDGE_LOOP( '', ( #4110, #4111, #4112, #4113 ) );
#2527 = AXIS2_PLACEMENT_3D( '', #4114, #4115, #4116 );
#2528 = SURFACE_SIDE_STYLE( '', ( #4117 ) );
#2529 = EDGE_LOOP( '', ( #4118, #4119, #4120, #4121, #4122, #4123, #4124, #4125, #4126, #4127 ) );
#2530 = AXIS2_PLACEMENT_3D( '', #4128, #4129, #4130 );
#2531 = SURFACE_SIDE_STYLE( '', ( #4131 ) );
#2532 = EDGE_LOOP( '', ( #4132, #4133, #4134, #4135 ) );
#2533 = AXIS2_PLACEMENT_3D( '', #4136, #4137, #4138 );
#2534 = SURFACE_SIDE_STYLE( '', ( #4139 ) );
#2535 = EDGE_LOOP( '', ( #4140, #4141, #4142, #4143 ) );
#2536 = AXIS2_PLACEMENT_3D( '', #4144, #4145, #4146 );
#2537 = SURFACE_SIDE_STYLE( '', ( #4147 ) );
#2538 = EDGE_LOOP( '', ( #4148, #4149, #4150, #4151 ) );
#2539 = AXIS2_PLACEMENT_3D( '', #4152, #4153, #4154 );
#2540 = SURFACE_SIDE_STYLE( '', ( #4155 ) );
#2541 = EDGE_LOOP( '', ( #4156, #4157, #4158, #4159 ) );
#2542 = AXIS2_PLACEMENT_3D( '', #4160, #4161, #4162 );
#2543 = SURFACE_SIDE_STYLE( '', ( #4163 ) );
#2544 = EDGE_LOOP( '', ( #4164, #4165, #4166, #4167, #4168, #4169 ) );
#2545 = AXIS2_PLACEMENT_3D( '', #4170, #4171, #4172 );
#2546 = SURFACE_SIDE_STYLE( '', ( #4173 ) );
#2547 = EDGE_LOOP( '', ( #4174, #4175, #4176, #4177 ) );
#2548 = AXIS2_PLACEMENT_3D( '', #4178, #4179, #4180 );
#2549 = SURFACE_SIDE_STYLE( '', ( #4181 ) );
#2550 = EDGE_LOOP( '', ( #4182, #4183, #4184, #4185, #4186, #4187, #4188, #4189, #4190, #4191 ) );
#2551 = AXIS2_PLACEMENT_3D( '', #4192, #4193, #4194 );
#2552 = SURFACE_SIDE_STYLE( '', ( #4195 ) );
#2553 = EDGE_LOOP( '', ( #4196, #4197, #4198, #4199 ) );
#2554 = AXIS2_PLACEMENT_3D( '', #4200, #4201, #4202 );
#2555 = SURFACE_SIDE_STYLE( '', ( #4203 ) );
#2556 = EDGE_LOOP( '', ( #4204, #4205, #4206, #4207 ) );
#2557 = AXIS2_PLACEMENT_3D( '', #4208, #4209, #4210 );
#2558 = SURFACE_SIDE_STYLE( '', ( #4211 ) );
#2559 = EDGE_LOOP( '', ( #4212, #4213, #4214, #4215 ) );
#2560 = AXIS2_PLACEMENT_3D( '', #4216, #4217, #4218 );
#2561 = SURFACE_SIDE_STYLE( '', ( #4219 ) );
#2562 = EDGE_LOOP( '', ( #4220, #4221, #4222, #4223 ) );
#2563 = AXIS2_PLACEMENT_3D( '', #4224, #4225, #4226 );
#2564 = SURFACE_SIDE_STYLE( '', ( #4227 ) );
#2565 = EDGE_LOOP( '', ( #4228, #4229, #4230, #4231, #4232, #4233, #4234, #4235, #4236, #4237 ) );
#2566 = AXIS2_PLACEMENT_3D( '', #4238, #4239, #4240 );
#2567 = SURFACE_SIDE_STYLE( '', ( #4241 ) );
#2568 = EDGE_LOOP( '', ( #4242, #4243, #4244, #4245, #4246, #4247, #4248, #4249, #4250, #4251 ) );
#2569 = AXIS2_PLACEMENT_3D( '', #4252, #4253, #4254 );
#2570 = SURFACE_SIDE_STYLE( '', ( #4255 ) );
#2571 = EDGE_LOOP( '', ( #4256, #4257, #4258, #4259 ) );
#2572 = AXIS2_PLACEMENT_3D( '', #4260, #4261, #4262 );
#2573 = SURFACE_SIDE_STYLE( '', ( #4263 ) );
#2574 = EDGE_LOOP( '', ( #4264, #4265, #4266, #4267 ) );
#2575 = AXIS2_PLACEMENT_3D( '', #4268, #4269, #4270 );
#2576 = SURFACE_SIDE_STYLE( '', ( #4271 ) );
#2577 = EDGE_LOOP( '', ( #4272, #4273, #4274, #4275 ) );
#2578 = AXIS2_PLACEMENT_3D( '', #4276, #4277, #4278 );
#2579 = SURFACE_SIDE_STYLE( '', ( #4279 ) );
#2580 = EDGE_LOOP( '', ( #4280, #4281, #4282, #4283 ) );
#2581 = AXIS2_PLACEMENT_3D( '', #4284, #4285, #4286 );
#2582 = SURFACE_SIDE_STYLE( '', ( #4287 ) );
#2583 = EDGE_LOOP( '', ( #4288, #4289, #4290, #4291 ) );
#2584 = AXIS2_PLACEMENT_3D( '', #4292, #4293, #4294 );
#2585 = SURFACE_SIDE_STYLE( '', ( #4295 ) );
#2586 = EDGE_LOOP( '', ( #4296, #4297, #4298, #4299 ) );
#2587 = AXIS2_PLACEMENT_3D( '', #4300, #4301, #4302 );
#2588 = SURFACE_SIDE_STYLE( '', ( #4303 ) );
#2589 = EDGE_LOOP( '', ( #4304, #4305, #4306, #4307 ) );
#2590 = AXIS2_PLACEMENT_3D( '', #4308, #4309, #4310 );
#2591 = SURFACE_SIDE_STYLE( '', ( #4311 ) );
#2592 = EDGE_LOOP( '', ( #4312, #4313, #4314, #4315 ) );
#2593 = AXIS2_PLACEMENT_3D( '', #4316, #4317, #4318 );
#2594 = SURFACE_SIDE_STYLE( '', ( #4319 ) );
#2595 = EDGE_LOOP( '', ( #4320, #4321, #4322, #4323 ) );
#2596 = AXIS2_PLACEMENT_3D( '', #4324, #4325, #4326 );
#2597 = SURFACE_SIDE_STYLE( '', ( #4327 ) );
#2598 = EDGE_LOOP( '', ( #4328, #4329, #4330, #4331 ) );
#2599 = AXIS2_PLACEMENT_3D( '', #4332, #4333, #4334 );
#2600 = SURFACE_SIDE_STYLE( '', ( #4335 ) );
#2601 = EDGE_LOOP( '', ( #4336, #4337, #4338, #4339 ) );
#2602 = AXIS2_PLACEMENT_3D( '', #4340, #4341, #4342 );
#2603 = SURFACE_SIDE_STYLE( '', ( #4343 ) );
#2604 = EDGE_LOOP( '', ( #4344, #4345, #4346, #4347 ) );
#2605 = AXIS2_PLACEMENT_3D( '', #4348, #4349, #4350 );
#2606 = SURFACE_SIDE_STYLE( '', ( #4351 ) );
#2607 = EDGE_LOOP( '', ( #4352, #4353, #4354, #4355 ) );
#2608 = AXIS2_PLACEMENT_3D( '', #4356, #4357, #4358 );
#2609 = SURFACE_SIDE_STYLE( '', ( #4359 ) );
#2610 = EDGE_LOOP( '', ( #4360, #4361, #4362, #4363, #4364, #4365, #4366, #4367, #4368, #4369, #4370, #4371 ) );
#2611 = AXIS2_PLACEMENT_3D( '', #4372, #4373, #4374 );
#2612 = SURFACE_SIDE_STYLE( '', ( #4375 ) );
#2613 = EDGE_LOOP( '', ( #4376, #4377, #4378, #4379 ) );
#2614 = AXIS2_PLACEMENT_3D( '', #4380, #4381, #4382 );
#2615 = SURFACE_SIDE_STYLE( '', ( #4383 ) );
#2616 = EDGE_LOOP( '', ( #4384, #4385, #4386, #4387 ) );
#2617 = AXIS2_PLACEMENT_3D( '', #4388, #4389, #4390 );
#2618 = SURFACE_SIDE_STYLE( '', ( #4391 ) );
#2619 = EDGE_LOOP( '', ( #4392, #4393, #4394, #4395 ) );
#2620 = AXIS2_PLACEMENT_3D( '', #4396, #4397, #4398 );
#2621 = SURFACE_SIDE_STYLE( '', ( #4399 ) );
#2622 = EDGE_LOOP( '', ( #4400, #4401, #4402, #4403 ) );
#2623 = AXIS2_PLACEMENT_3D( '', #4404, #4405, #4406 );
#2624 = SURFACE_SIDE_STYLE( '', ( #4407 ) );
#2625 = EDGE_LOOP( '', ( #4408, #4409, #4410, #4411 ) );
#2626 = AXIS2_PLACEMENT_3D( '', #4412, #4413, #4414 );
#2627 = SURFACE_SIDE_STYLE( '', ( #4415 ) );
#2628 = EDGE_LOOP( '', ( #4416, #4417, #4418, #4419 ) );
#2629 = AXIS2_PLACEMENT_3D( '', #4420, #4421, #4422 );
#2630 = SURFACE_SIDE_STYLE( '', ( #4423 ) );
#2631 = EDGE_LOOP( '', ( #4424, #4425, #4426, #4427 ) );
#2632 = AXIS2_PLACEMENT_3D( '', #4428, #4429, #4430 );
#2633 = SURFACE_SIDE_STYLE( '', ( #4431 ) );
#2634 = EDGE_LOOP( '', ( #4432, #4433, #4434, #4435 ) );
#2635 = AXIS2_PLACEMENT_3D( '', #4436, #4437, #4438 );
#2636 = SURFACE_SIDE_STYLE( '', ( #4439 ) );
#2637 = EDGE_LOOP( '', ( #4440, #4441, #4442, #4443 ) );
#2638 = AXIS2_PLACEMENT_3D( '', #4444, #4445, #4446 );
#2639 = SURFACE_SIDE_STYLE( '', ( #4447 ) );
#2640 = EDGE_LOOP( '', ( #4448, #4449, #4450, #4451 ) );
#2641 = AXIS2_PLACEMENT_3D( '', #4452, #4453, #4454 );
#2642 = SURFACE_SIDE_STYLE( '', ( #4455 ) );
#2643 = EDGE_LOOP( '', ( #4456, #4457, #4458, #4459 ) );
#2644 = AXIS2_PLACEMENT_3D( '', #4460, #4461, #4462 );
#2645 = SURFACE_SIDE_STYLE( '', ( #4463 ) );
#2646 = EDGE_LOOP( '', ( #4464, #4465, #4466, #4467 ) );
#2647 = AXIS2_PLACEMENT_3D( '', #4468, #4469, #4470 );
#2648 = SURFACE_SIDE_STYLE( '', ( #4471 ) );
#2649 = EDGE_LOOP( '', ( #4472, #4473, #4474, #4475 ) );
#2650 = AXIS2_PLACEMENT_3D( '', #4476, #4477, #4478 );
#2651 = SURFACE_SIDE_STYLE( '', ( #4479 ) );
#2652 = EDGE_LOOP( '', ( #4480, #4481, #4482, #4483 ) );
#2653 = AXIS2_PLACEMENT_3D( '', #4484, #4485, #4486 );
#2654 = SURFACE_SIDE_STYLE( '', ( #4487 ) );
#2655 = EDGE_LOOP( '', ( #4488, #4489, #4490, #4491 ) );
#2656 = AXIS2_PLACEMENT_3D( '', #4492, #4493, #4494 );
#2657 = SURFACE_SIDE_STYLE( '', ( #4495 ) );
#2658 = EDGE_LOOP( '', ( #4496, #4497, #4498, #4499 ) );
#2659 = AXIS2_PLACEMENT_3D( '', #4500, #4501, #4502 );
#2660 = SURFACE_SIDE_STYLE( '', ( #4503 ) );
#2661 = EDGE_LOOP( '', ( #4504, #4505, #4506, #4507 ) );
#2662 = AXIS2_PLACEMENT_3D( '', #4508, #4509, #4510 );
#2663 = SURFACE_SIDE_STYLE( '', ( #4511 ) );
#2664 = EDGE_LOOP( '', ( #4512, #4513, #4514, #4515 ) );
#2665 = AXIS2_PLACEMENT_3D( '', #4516, #4517, #4518 );
#2666 = SURFACE_SIDE_STYLE( '', ( #4519 ) );
#2667 = EDGE_LOOP( '', ( #4520, #4521, #4522, #4523 ) );
#2668 = AXIS2_PLACEMENT_3D( '', #4524, #4525, #4526 );
#2669 = SURFACE_SIDE_STYLE( '', ( #4527 ) );
#2670 = EDGE_LOOP( '', ( #4528, #4529, #4530, #4531 ) );
#2671 = AXIS2_PLACEMENT_3D( '', #4532, #4533, #4534 );
#2672 = SURFACE_SIDE_STYLE( '', ( #4535 ) );
#2673 = EDGE_LOOP( '', ( #4536, #4537, #4538, #4539, #4540, #4541, #4542, #4543 ) );
#2674 = AXIS2_PLACEMENT_3D( '', #4544, #4545, #4546 );
#2675 = SURFACE_SIDE_STYLE( '', ( #4547 ) );
#2676 = EDGE_LOOP( '', ( #4548, #4549, #4550, #4551 ) );
#2677 = AXIS2_PLACEMENT_3D( '', #4552, #4553, #4554 );
#2678 = SURFACE_SIDE_STYLE( '', ( #4555 ) );
#2679 = EDGE_LOOP( '', ( #4556, #4557, #4558, #4559 ) );
#2680 = AXIS2_PLACEMENT_3D( '', #4560, #4561, #4562 );
#2681 = SURFACE_SIDE_STYLE( '', ( #4563 ) );
#2682 = EDGE_LOOP( '', ( #4564, #4565, #4566, #4567 ) );
#2683 = AXIS2_PLACEMENT_3D( '', #4568, #4569, #4570 );
#2684 = SURFACE_SIDE_STYLE( '', ( #4571 ) );
#2685 = EDGE_LOOP( '', ( #4572, #4573, #4574, #4575 ) );
#2686 = AXIS2_PLACEMENT_3D( '', #4576, #4577, #4578 );
#2687 = SURFACE_SIDE_STYLE( '', ( #4579 ) );
#2688 = EDGE_LOOP( '', ( #4580, #4581, #4582, #4583 ) );
#2689 = AXIS2_PLACEMENT_3D( '', #4584, #4585, #4586 );
#2690 = SURFACE_SIDE_STYLE( '', ( #4587 ) );
#2691 = EDGE_LOOP( '', ( #4588, #4589, #4590, #4591, #4592, #4593, #4594, #4595, #4596, #4597 ) );
#2692 = AXIS2_PLACEMENT_3D( '', #4598, #4599, #4600 );
#2693 = SURFACE_SIDE_STYLE( '', ( #4601 ) );
#2694 = EDGE_LOOP( '', ( #4602, #4603, #4604, #4605 ) );
#2695 = AXIS2_PLACEMENT_3D( '', #4606, #4607, #4608 );
#2696 = SURFACE_SIDE_STYLE( '', ( #4609 ) );
#2697 = EDGE_LOOP( '', ( #4610, #4611, #4612, #4613 ) );
#2698 = AXIS2_PLACEMENT_3D( '', #4614, #4615, #4616 );
#2699 = SURFACE_SIDE_STYLE( '', ( #4617 ) );
#2700 = EDGE_LOOP( '', ( #4618, #4619, #4620, #4621 ) );
#2701 = AXIS2_PLACEMENT_3D( '', #4622, #4623, #4624 );
#2702 = SURFACE_SIDE_STYLE( '', ( #4625 ) );
#2703 = EDGE_LOOP( '', ( #4626, #4627, #4628, #4629, #4630, #4631, #4632, #4633, #4634, #4635, #4636, #4637, #4638, #4639, #4640, #4641, #4642, #4643, #4644, #4645, #4646, #4647, #4648, #4649, #4650, #4651, #4652, #4653 ) );
#2704 = AXIS2_PLACEMENT_3D( '', #4654, #4655, #4656 );
#2705 = SURFACE_SIDE_STYLE( '', ( #4657 ) );
#2706 = EDGE_LOOP( '', ( #4658, #4659, #4660, #4661 ) );
#2707 = AXIS2_PLACEMENT_3D( '', #4662, #4663, #4664 );
#2708 = SURFACE_SIDE_STYLE( '', ( #4665 ) );
#2709 = EDGE_LOOP( '', ( #4666, #4667, #4668, #4669 ) );
#2710 = AXIS2_PLACEMENT_3D( '', #4670, #4671, #4672 );
#2711 = SURFACE_SIDE_STYLE( '', ( #4673 ) );
#2712 = EDGE_LOOP( '', ( #4674, #4675, #4676, #4677 ) );
#2713 = AXIS2_PLACEMENT_3D( '', #4678, #4679, #4680 );
#2714 = SURFACE_SIDE_STYLE( '', ( #4681 ) );
#2715 = EDGE_LOOP( '', ( #4682, #4683, #4684, #4685 ) );
#2716 = AXIS2_PLACEMENT_3D( '', #4686, #4687, #4688 );
#2717 = SURFACE_SIDE_STYLE( '', ( #4689 ) );
#2718 = EDGE_LOOP( '', ( #4690, #4691, #4692, #4693 ) );
#2719 = AXIS2_PLACEMENT_3D( '', #4694, #4695, #4696 );
#2720 = SURFACE_SIDE_STYLE( '', ( #4697 ) );
#2721 = EDGE_LOOP( '', ( #4698, #4699, #4700, #4701 ) );
#2722 = AXIS2_PLACEMENT_3D( '', #4702, #4703, #4704 );
#2723 = SURFACE_SIDE_STYLE( '', ( #4705 ) );
#2724 = EDGE_LOOP( '', ( #4706, #4707, #4708, #4709 ) );
#2725 = AXIS2_PLACEMENT_3D( '', #4710, #4711, #4712 );
#2726 = SURFACE_SIDE_STYLE( '', ( #4713 ) );
#2727 = EDGE_LOOP( '', ( #4714, #4715, #4716, #4717 ) );
#2728 = AXIS2_PLACEMENT_3D( '', #4718, #4719, #4720 );
#2729 = SURFACE_SIDE_STYLE( '', ( #4721 ) );
#2730 = EDGE_LOOP( '', ( #4722, #4723, #4724, #4725 ) );
#2731 = AXIS2_PLACEMENT_3D( '', #4726, #4727, #4728 );
#2732 = SURFACE_SIDE_STYLE( '', ( #4729 ) );
#2733 = EDGE_LOOP( '', ( #4730, #4731, #4732, #4733 ) );
#2734 = AXIS2_PLACEMENT_3D( '', #4734, #4735, #4736 );
#2735 = SURFACE_SIDE_STYLE( '', ( #4737 ) );
#2736 = EDGE_LOOP( '', ( #4738, #4739, #4740, #4741 ) );
#2737 = AXIS2_PLACEMENT_3D( '', #4742, #4743, #4744 );
#2738 = SURFACE_SIDE_STYLE( '', ( #4745 ) );
#2739 = EDGE_LOOP( '', ( #4746, #4747, #4748, #4749, #4750, #4751, #4752, #4753, #4754, #4755 ) );
#2740 = AXIS2_PLACEMENT_3D( '', #4756, #4757, #4758 );
#2741 = SURFACE_SIDE_STYLE( '', ( #4759 ) );
#2742 = EDGE_LOOP( '', ( #4760, #4761, #4762, #4763 ) );
#2743 = AXIS2_PLACEMENT_3D( '', #4764, #4765, #4766 );
#2744 = SURFACE_SIDE_STYLE( '', ( #4767 ) );
#2745 = EDGE_LOOP( '', ( #4768, #4769, #4770, #4771 ) );
#2746 = AXIS2_PLACEMENT_3D( '', #4772, #4773, #4774 );
#2747 = SURFACE_SIDE_STYLE( '', ( #4775 ) );
#2748 = EDGE_LOOP( '', ( #4776, #4777, #4778, #4779 ) );
#2749 = AXIS2_PLACEMENT_3D( '', #4780, #4781, #4782 );
#2750 = SURFACE_SIDE_STYLE( '', ( #4783 ) );
#2751 = EDGE_LOOP( '', ( #4784, #4785, #4786, #4787 ) );
#2752 = AXIS2_PLACEMENT_3D( '', #4788, #4789, #4790 );
#2753 = SURFACE_SIDE_STYLE( '', ( #4791 ) );
#2754 = EDGE_LOOP( '', ( #4792, #4793, #4794, #4795 ) );
#2755 = AXIS2_PLACEMENT_3D( '', #4796, #4797, #4798 );
#2756 = SURFACE_SIDE_STYLE( '', ( #4799 ) );
#2757 = EDGE_LOOP( '', ( #4800, #4801, #4802, #4803 ) );
#2758 = AXIS2_PLACEMENT_3D( '', #4804, #4805, #4806 );
#2759 = SURFACE_SIDE_STYLE( '', ( #4807 ) );
#2760 = EDGE_LOOP( '', ( #4808, #4809, #4810, #4811 ) );
#2761 = AXIS2_PLACEMENT_3D( '', #4812, #4813, #4814 );
#2762 = SURFACE_SIDE_STYLE( '', ( #4815 ) );
#2763 = EDGE_LOOP( '', ( #4816, #4817, #4818, #4819, #4820, #4821, #4822, #4823, #4824, #4825, #4826, #4827, #4828, #4829, #4830, #4831, #4832, #4833, #4834, #4835, #4836, #4837, #4838, #4839, #4840, #4841, #4842, #4843, #4844, #4845, #4846, #4847, #4848, #4849, #4850, #4851, #4852, #4853, #4854, #4855, #4856, #4857, #4858, #4859, #4860, #4861, #4862, #4863, #4864, #4865, #4866, #4867, #4868, #4869, #4870, #4871, #4872, #4873, #4874, #4875, #4876, #4877, #4878, #4879 ) );
#2764 = AXIS2_PLACEMENT_3D( '', #4880, #4881, #4882 );
#2765 = SURFACE_SIDE_STYLE( '', ( #4883 ) );
#2766 = EDGE_LOOP( '', ( #4884, #4885, #4886, #4887 ) );
#2767 = AXIS2_PLACEMENT_3D( '', #4888, #4889, #4890 );
#2768 = SURFACE_SIDE_STYLE( '', ( #4891 ) );
#2769 = EDGE_LOOP( '', ( #4892, #4893, #4894, #4895 ) );
#2770 = AXIS2_PLACEMENT_3D( '', #4896, #4897, #4898 );
#2771 = SURFACE_SIDE_STYLE( '', ( #4899 ) );
#2772 = EDGE_LOOP( '', ( #4900, #4901, #4902, #4903 ) );
#2773 = AXIS2_PLACEMENT_3D( '', #4904, #4905, #4906 );
#2774 = SURFACE_SIDE_STYLE( '', ( #4907 ) );
#2775 = EDGE_LOOP( '', ( #4908, #4909, #4910, #4911 ) );
#2776 = AXIS2_PLACEMENT_3D( '', #4912, #4913, #4914 );
#2777 = SURFACE_SIDE_STYLE( '', ( #4915 ) );
#2778 = EDGE_LOOP( '', ( #4916, #4917, #4918, #4919 ) );
#2779 = AXIS2_PLACEMENT_3D( '', #4920, #4921, #4922 );
#2780 = SURFACE_SIDE_STYLE( '', ( #4923 ) );
#2781 = EDGE_LOOP( '', ( #4924, #4925, #4926, #4927 ) );
#2782 = AXIS2_PLACEMENT_3D( '', #4928, #4929, #4930 );
#2783 = SURFACE_SIDE_STYLE( '', ( #4931 ) );
#2784 = EDGE_LOOP( '', ( #4932, #4933, #4934, #4935 ) );
#2785 = AXIS2_PLACEMENT_3D( '', #4936, #4937, #4938 );
#2786 = SURFACE_SIDE_STYLE( '', ( #4939 ) );
#2787 = EDGE_LOOP( '', ( #4940, #4941, #4942, #4943 ) );
#2788 = AXIS2_PLACEMENT_3D( '', #4944, #4945, #4946 );
#2789 = SURFACE_SIDE_STYLE( '', ( #4947 ) );
#2790 = EDGE_LOOP( '', ( #4948, #4949, #4950, #4951 ) );
#2791 = AXIS2_PLACEMENT_3D( '', #4952, #4953, #4954 );
#2792 = SURFACE_SIDE_STYLE( '', ( #4955 ) );
#2793 = EDGE_LOOP( '', ( #4956, #4957, #4958, #4959 ) );
#2794 = AXIS2_PLACEMENT_3D( '', #4960, #4961, #4962 );
#2795 = SURFACE_SIDE_STYLE( '', ( #4963 ) );
#2796 = EDGE_LOOP( '', ( #4964, #4965, #4966, #4967 ) );
#2797 = AXIS2_PLACEMENT_3D( '', #4968, #4969, #4970 );
#2798 = SURFACE_SIDE_STYLE( '', ( #4971 ) );
#2799 = EDGE_LOOP( '', ( #4972, #4973, #4974, #4975 ) );
#2800 = AXIS2_PLACEMENT_3D( '', #4976, #4977, #4978 );
#2801 = SURFACE_SIDE_STYLE( '', ( #4979 ) );
#2802 = EDGE_LOOP( '', ( #4980, #4981, #4982, #4983 ) );
#2803 = AXIS2_PLACEMENT_3D( '', #4984, #4985, #4986 );
#2804 = SURFACE_SIDE_STYLE( '', ( #4987 ) );
#2805 = EDGE_LOOP( '', ( #4988, #4989, #4990, #4991 ) );
#2806 = AXIS2_PLACEMENT_3D( '', #4992, #4993, #4994 );
#2807 = SURFACE_SIDE_STYLE( '', ( #4995 ) );
#2808 = EDGE_LOOP( '', ( #4996, #4997, #4998, #4999 ) );
#2809 = AXIS2_PLACEMENT_3D( '', #5000, #5001, #5002 );
#2810 = SURFACE_SIDE_STYLE( '', ( #5003 ) );
#2811 = EDGE_LOOP( '', ( #5004, #5005, #5006, #5007 ) );
#2812 = AXIS2_PLACEMENT_3D( '', #5008, #5009, #5010 );
#2813 = SURFACE_SIDE_STYLE( '', ( #5011 ) );
#2814 = EDGE_LOOP( '', ( #5012, #5013, #5014, #5015, #5016, #5017, #5018, #5019, #5020, #5021 ) );
#2815 = AXIS2_PLACEMENT_3D( '', #5022, #5023, #5024 );
#2816 = SURFACE_SIDE_STYLE( '', ( #5025 ) );
#2817 = EDGE_LOOP( '', ( #5026, #5027, #5028, #5029 ) );
#2818 = AXIS2_PLACEMENT_3D( '', #5030, #5031, #5032 );
#2819 = SURFACE_SIDE_STYLE( '', ( #5033 ) );
#2820 = EDGE_LOOP( '', ( #5034, #5035, #5036, #5037, #5038, #5039, #5040, #5041 ) );
#2821 = AXIS2_PLACEMENT_3D( '', #5042, #5043, #5044 );
#2822 = SURFACE_SIDE_STYLE( '', ( #5045 ) );
#2823 = EDGE_LOOP( '', ( #5046, #5047, #5048, #5049 ) );
#2824 = AXIS2_PLACEMENT_3D( '', #5050, #5051, #5052 );
#2825 = SURFACE_SIDE_STYLE( '', ( #5053 ) );
#2826 = EDGE_LOOP( '', ( #5054, #5055, #5056, #5057, #5058, #5059, #5060, #5061, #5062, #5063 ) );
#2827 = AXIS2_PLACEMENT_3D( '', #5064, #5065, #5066 );
#2828 = SURFACE_SIDE_STYLE( '', ( #5067 ) );
#2829 = EDGE_LOOP( '', ( #5068, #5069, #5070, #5071 ) );
#2830 = AXIS2_PLACEMENT_3D( '', #5072, #5073, #5074 );
#2831 = SURFACE_SIDE_STYLE( '', ( #5075 ) );
#2832 = EDGE_LOOP( '', ( #5076, #5077, #5078, #5079, #5080, #5081, #5082, #5083, #5084, #5085, #5086, #5087 ) );
#2833 = AXIS2_PLACEMENT_3D( '', #5088, #5089, #5090 );
#2834 = SURFACE_SIDE_STYLE( '', ( #5091 ) );
#2835 = EDGE_LOOP( '', ( #5092, #5093, #5094, #5095, #5096, #5097, #5098, #5099, #5100, #5101 ) );
#2836 = AXIS2_PLACEMENT_3D( '', #5102, #5103, #5104 );
#2837 = SURFACE_SIDE_STYLE( '', ( #5105 ) );
#2838 = EDGE_LOOP( '', ( #5106, #5107, #5108, #5109 ) );
#2839 = AXIS2_PLACEMENT_3D( '', #5110, #5111, #5112 );
#2840 = SURFACE_SIDE_STYLE( '', ( #5113 ) );
#2841 = EDGE_LOOP( '', ( #5114, #5115, #5116, #5117 ) );
#2842 = AXIS2_PLACEMENT_3D( '', #5118, #5119, #5120 );
#2843 = SURFACE_SIDE_STYLE( '', ( #5121 ) );
#2844 = EDGE_LOOP( '', ( #5122, #5123, #5124, #5125 ) );
#2845 = AXIS2_PLACEMENT_3D( '', #5126, #5127, #5128 );
#2846 = SURFACE_SIDE_STYLE( '', ( #5129 ) );
#2847 = EDGE_LOOP( '', ( #5130, #5131, #5132, #5133 ) );
#2848 = AXIS2_PLACEMENT_3D( '', #5134, #5135, #5136 );
#2849 = SURFACE_SIDE_STYLE( '', ( #5137 ) );
#2850 = EDGE_LOOP( '', ( #5138, #5139, #5140, #5141 ) );
#2851 = AXIS2_PLACEMENT_3D( '', #5142, #5143, #5144 );
#2852 = SURFACE_SIDE_STYLE( '', ( #5145 ) );
#2853 = EDGE_LOOP( '', ( #5146, #5147, #5148, #5149, #5150, #5151, #5152, #5153, #5154, #5155, #5156, #5157, #5158, #5159, #5160, #5161, #5162, #5163, #5164, #5165, #5166, #5167, #5168, #5169, #5170, #5171, #5172, #5173 ) );
#2854 = AXIS2_PLACEMENT_3D( '', #5174, #5175, #5176 );
#2855 = SURFACE_SIDE_STYLE( '', ( #5177 ) );
#2856 = EDGE_LOOP( '', ( #5178, #5179, #5180, #5181 ) );
#2857 = AXIS2_PLACEMENT_3D( '', #5182, #5183, #5184 );
#2858 = SURFACE_SIDE_STYLE( '', ( #5185 ) );
#2859 = EDGE_LOOP( '', ( #5186, #5187, #5188, #5189 ) );
#2860 = AXIS2_PLACEMENT_3D( '', #5190, #5191, #5192 );
#2861 = SURFACE_SIDE_STYLE( '', ( #5193 ) );
#2862 = EDGE_LOOP( '', ( #5194, #5195, #5196, #5197 ) );
#2863 = AXIS2_PLACEMENT_3D( '', #5198, #5199, #5200 );
#2864 = SURFACE_SIDE_STYLE( '', ( #5201 ) );
#2865 = EDGE_LOOP( '', ( #5202, #5203, #5204, #5205 ) );
#2866 = AXIS2_PLACEMENT_3D( '', #5206, #5207, #5208 );
#2867 = SURFACE_SIDE_STYLE( '', ( #5209 ) );
#2868 = EDGE_LOOP( '', ( #5210, #5211, #5212, #5213, #5214, #5215, #5216, #5217, #5218, #5219, #5220, #5221, #5222, #5223, #5224, #5225, #5226, #5227, #5228, #5229, #5230, #5231, #5232, #5233, #5234, #5235, #5236, #5237, #5238, #5239, #5240, #5241, #5242, #5243, #5244, #5245, #5246, #5247, #5248, #5249, #5250, #5251, #5252, #5253 ) );
#2869 = AXIS2_PLACEMENT_3D( '', #5254, #5255, #5256 );
#2870 = SURFACE_SIDE_STYLE( '', ( #5257 ) );
#2871 = EDGE_LOOP( '', ( #5258, #5259, #5260, #5261 ) );
#2872 = AXIS2_PLACEMENT_3D( '', #5262, #5263, #5264 );
#2873 = SURFACE_SIDE_STYLE( '', ( #5265 ) );
#2874 = EDGE_LOOP( '', ( #5266, #5267, #5268, #5269 ) );
#2875 = AXIS2_PLACEMENT_3D( '', #5270, #5271, #5272 );
#2876 = SURFACE_SIDE_STYLE( '', ( #5273 ) );
#2877 = EDGE_LOOP( '', ( #5274, #5275, #5276, #5277 ) );
#2878 = AXIS2_PLACEMENT_3D( '', #5278, #5279, #5280 );
#2879 = SURFACE_SIDE_STYLE( '', ( #5281 ) );
#2880 = EDGE_LOOP( '', ( #5282, #5283, #5284, #5285, #5286, #5287, #5288, #5289, #5290, #5291, #5292, #5293 ) );
#2881 = AXIS2_PLACEMENT_3D( '', #5294, #5295, #5296 );
#2882 = SURFACE_SIDE_STYLE( '', ( #5297 ) );
#2883 = EDGE_LOOP( '', ( #5298, #5299, #5300, #5301 ) );
#2884 = AXIS2_PLACEMENT_3D( '', #5302, #5303, #5304 );
#2885 = SURFACE_SIDE_STYLE( '', ( #5305 ) );
#2886 = EDGE_LOOP( '', ( #5306, #5307, #5308, #5309, #5310, #5311, #5312, #5313, #5314, #5315 ) );
#2887 = AXIS2_PLACEMENT_3D( '', #5316, #5317, #5318 );
#2888 = SURFACE_SIDE_STYLE( '', ( #5319 ) );
#2889 = EDGE_LOOP( '', ( #5320, #5321, #5322, #5323 ) );
#2890 = AXIS2_PLACEMENT_3D( '', #5324, #5325, #5326 );
#2891 = SURFACE_SIDE_STYLE( '', ( #5327 ) );
#2892 = EDGE_LOOP( '', ( #5328, #5329, #5330, #5331 ) );
#2893 = AXIS2_PLACEMENT_3D( '', #5332, #5333, #5334 );
#2894 = SURFACE_SIDE_STYLE( '', ( #5335 ) );
#2895 = EDGE_LOOP( '', ( #5336, #5337, #5338, #5339 ) );
#2896 = AXIS2_PLACEMENT_3D( '', #5340, #5341, #5342 );
#2897 = SURFACE_SIDE_STYLE( '', ( #5343 ) );
#2898 = EDGE_LOOP( '', ( #5344, #5345, #5346, #5347 ) );
#2899 = AXIS2_PLACEMENT_3D( '', #5348, #5349, #5350 );
#2900 = SURFACE_SIDE_STYLE( '', ( #5351 ) );
#2901 = EDGE_LOOP( '', ( #5352, #5353, #5354, #5355, #5356, #5357 ) );
#2902 = AXIS2_PLACEMENT_3D( '', #5358, #5359, #5360 );
#2903 = SURFACE_SIDE_STYLE( '', ( #5361 ) );
#2904 = EDGE_LOOP( '', ( #5362, #5363, #5364, #5365 ) );
#2905 = AXIS2_PLACEMENT_3D( '', #5366, #5367, #5368 );
#2906 = SURFACE_SIDE_STYLE( '', ( #5369 ) );
#2907 = EDGE_LOOP( '', ( #5370, #5371, #5372, #5373 ) );
#2908 = AXIS2_PLACEMENT_3D( '', #5374, #5375, #5376 );
#2909 = SURFACE_SIDE_STYLE( '', ( #5377 ) );
#2910 = EDGE_LOOP( '', ( #5378, #5379, #5380, #5381 ) );
#2911 = AXIS2_PLACEMENT_3D( '', #5382, #5383, #5384 );
#2912 = SURFACE_SIDE_STYLE( '', ( #5385 ) );
#2913 = EDGE_LOOP( '', ( #5386, #5387, #5388, #5389 ) );
#2914 = AXIS2_PLACEMENT_3D( '', #5390, #5391, #5392 );
#2915 = SURFACE_SIDE_STYLE( '', ( #5393 ) );
#2916 = EDGE_LOOP( '', ( #5394, #5395, #5396, #5397 ) );
#2917 = AXIS2_PLACEMENT_3D( '', #5398, #5399, #5400 );
#2918 = SURFACE_SIDE_STYLE( '', ( #5401 ) );
#2919 = EDGE_LOOP( '', ( #5402, #5403, #5404, #5405, #5406, #5407, #5408, #5409, #5410, #5411 ) );
#2920 = AXIS2_PLACEMENT_3D( '', #5412, #5413, #5414 );
#2921 = SURFACE_SIDE_STYLE( '', ( #5415 ) );
#2922 = EDGE_LOOP( '', ( #5416, #5417, #5418, #5419 ) );
#2923 = AXIS2_PLACEMENT_3D( '', #5420, #5421, #5422 );
#2924 = SURFACE_SIDE_STYLE( '', ( #5423 ) );
#2925 = EDGE_LOOP( '', ( #5424, #5425, #5426, #5427 ) );
#2926 = AXIS2_PLACEMENT_3D( '', #5428, #5429, #5430 );
#2927 = SURFACE_SIDE_STYLE( '', ( #5431 ) );
#2928 = EDGE_LOOP( '', ( #5432, #5433, #5434, #5435 ) );
#2929 = AXIS2_PLACEMENT_3D( '', #5436, #5437, #5438 );
#2930 = SURFACE_SIDE_STYLE( '', ( #5439 ) );
#2931 = EDGE_LOOP( '', ( #5440, #5441, #5442, #5443 ) );
#2932 = AXIS2_PLACEMENT_3D( '', #5444, #5445, #5446 );
#2933 = SURFACE_SIDE_STYLE( '', ( #5447 ) );
#2934 = EDGE_LOOP( '', ( #5448, #5449, #5450, #5451, #5452, #5453, #5454, #5455, #5456, #5457, #5458, #5459, #5460, #5461, #5462, #5463, #5464, #5465, #5466, #5467, #5468, #5469, #5470, #5471, #5472, #5473, #5474, #5475 ) );
#2935 = EDGE_LOOP( '', ( #5476, #5477, #5478, #5479, #5480, #5481, #5482, #5483, #5484, #5485, #5486, #5487 ) );
#2936 = EDGE_LOOP( '', ( #5488, #5489, #5490, #5491, #5492, #5493, #5494, #5495, #5496, #5497, #5498, #5499, #5500, #5501, #5502, #5503, #5504, #5505, #5506, #5507, #5508, #5509, #5510, #5511, #5512, #5513, #5514, #5515 ) );
#2937 = EDGE_LOOP( '', ( #5516, #5517, #5518, #5519, #5520, #5521, #5522, #5523, #5524, #5525, #5526, #5527 ) );
#2938 = EDGE_LOOP( '', ( #5528, #5529, #5530, #5531, #5532, #5533, #5534, #5535, #5536, #5537, #5538, #5539, #5540, #5541, #5542, #5543, #5544, #5545, #5546, #5547, #5548, #5549, #5550, #5551, #5552, #5553, #5554, #5555 ) );
#2939 = AXIS2_PLACEMENT_3D( '', #5556, #5557, #5558 );
#2940 = SURFACE_SIDE_STYLE( '', ( #5559 ) );
#2941 = EDGE_LOOP( '', ( #5560, #5561, #5562, #5563 ) );
#2942 = AXIS2_PLACEMENT_3D( '', #5564, #5565, #5566 );
#2943 = SURFACE_SIDE_STYLE( '', ( #5567 ) );
#2944 = EDGE_LOOP( '', ( #5568, #5569, #5570, #5571, #5572, #5573, #5574, #5575, #5576, #5577 ) );
#2945 = AXIS2_PLACEMENT_3D( '', #5578, #5579, #5580 );
#2946 = SURFACE_SIDE_STYLE( '', ( #5581 ) );
#2947 = EDGE_LOOP( '', ( #5582, #5583, #5584, #5585 ) );
#2948 = AXIS2_PLACEMENT_3D( '', #5586, #5587, #5588 );
#2949 = SURFACE_SIDE_STYLE( '', ( #5589 ) );
#2950 = EDGE_LOOP( '', ( #5590, #5591, #5592, #5593 ) );
#2951 = AXIS2_PLACEMENT_3D( '', #5594, #5595, #5596 );
#2952 = SURFACE_SIDE_STYLE( '', ( #5597 ) );
#2953 = EDGE_LOOP( '', ( #5598, #5599, #5600, #5601 ) );
#2954 = AXIS2_PLACEMENT_3D( '', #5602, #5603, #5604 );
#2955 = SURFACE_SIDE_STYLE( '', ( #5605 ) );
#2956 = EDGE_LOOP( '', ( #5606, #5607, #5608, #5609 ) );
#2957 = AXIS2_PLACEMENT_3D( '', #5610, #5611, #5612 );
#2958 = SURFACE_SIDE_STYLE( '', ( #5613 ) );
#2959 = EDGE_LOOP( '', ( #5614, #5615, #5616, #5617 ) );
#2960 = AXIS2_PLACEMENT_3D( '', #5618, #5619, #5620 );
#2961 = SURFACE_SIDE_STYLE( '', ( #5621 ) );
#2962 = EDGE_LOOP( '', ( #5622, #5623, #5624, #5625 ) );
#2963 = AXIS2_PLACEMENT_3D( '', #5626, #5627, #5628 );
#2964 = SURFACE_SIDE_STYLE( '', ( #5629 ) );
#2965 = EDGE_LOOP( '', ( #5630, #5631, #5632, #5633 ) );
#2966 = AXIS2_PLACEMENT_3D( '', #5634, #5635, #5636 );
#2967 = SURFACE_SIDE_STYLE( '', ( #5637 ) );
#2968 = EDGE_LOOP( '', ( #5638, #5639, #5640, #5641 ) );
#2969 = AXIS2_PLACEMENT_3D( '', #5642, #5643, #5644 );
#2970 = SURFACE_SIDE_STYLE( '', ( #5645 ) );
#2971 = EDGE_LOOP( '', ( #5646, #5647, #5648, #5649 ) );
#2972 = AXIS2_PLACEMENT_3D( '', #5650, #5651, #5652 );
#2973 = SURFACE_SIDE_STYLE( '', ( #5653 ) );
#2974 = EDGE_LOOP( '', ( #5654, #5655, #5656, #5657 ) );
#2975 = AXIS2_PLACEMENT_3D( '', #5658, #5659, #5660 );
#2976 = SURFACE_SIDE_STYLE( '', ( #5661 ) );
#2977 = EDGE_LOOP( '', ( #5662, #5663, #5664, #5665, #5666, #5667, #5668, #5669, #5670, #5671 ) );
#2978 = AXIS2_PLACEMENT_3D( '', #5672, #5673, #5674 );
#2979 = SURFACE_SIDE_STYLE( '', ( #5675 ) );
#2980 = EDGE_LOOP( '', ( #5676, #5677, #5678, #5679 ) );
#2981 = AXIS2_PLACEMENT_3D( '', #5680, #5681, #5682 );
#2982 = SURFACE_SIDE_STYLE( '', ( #5683 ) );
#2983 = EDGE_LOOP( '', ( #5684, #5685, #5686, #5687 ) );
#2984 = AXIS2_PLACEMENT_3D( '', #5688, #5689, #5690 );
#2985 = SURFACE_SIDE_STYLE( '', ( #5691 ) );
#2986 = EDGE_LOOP( '', ( #5692, #5693, #5694, #5695, #5696, #5697, #5698, #5699, #5700, #5701, #5702, #5703 ) );
#2987 = AXIS2_PLACEMENT_3D( '', #5704, #5705, #5706 );
#2988 = SURFACE_SIDE_STYLE( '', ( #5707 ) );
#2989 = EDGE_LOOP( '', ( #5708, #5709, #5710, #5711 ) );
#2990 = AXIS2_PLACEMENT_3D( '', #5712, #5713, #5714 );
#2991 = SURFACE_SIDE_STYLE( '', ( #5715 ) );
#2992 = EDGE_LOOP( '', ( #5716, #5717, #5718, #5719 ) );
#2993 = AXIS2_PLACEMENT_3D( '', #5720, #5721, #5722 );
#2994 = SURFACE_SIDE_STYLE( '', ( #5723 ) );
#2995 = EDGE_LOOP( '', ( #5724, #5725, #5726, #5727 ) );
#2996 = AXIS2_PLACEMENT_3D( '', #5728, #5729, #5730 );
#2997 = SURFACE_SIDE_STYLE( '', ( #5731 ) );
#2998 = EDGE_LOOP( '', ( #5732, #5733, #5734, #5735 ) );
#2999 = AXIS2_PLACEMENT_3D( '', #5736, #5737, #5738 );
#3000 = SURFACE_SIDE_STYLE( '', ( #5739 ) );
#3001 = EDGE_LOOP( '', ( #5740, #5741, #5742, #5743 ) );
#3002 = AXIS2_PLACEMENT_3D( '', #5744, #5745, #5746 );
#3003 = SURFACE_SIDE_STYLE( '', ( #5747 ) );
#3004 = EDGE_LOOP( '', ( #5748, #5749, #5750, #5751 ) );
#3005 = AXIS2_PLACEMENT_3D( '', #5752, #5753, #5754 );
#3006 = SURFACE_SIDE_STYLE( '', ( #5755 ) );
#3007 = EDGE_LOOP( '', ( #5756, #5757, #5758, #5759 ) );
#3008 = AXIS2_PLACEMENT_3D( '', #5760, #5761, #5762 );
#3009 = SURFACE_SIDE_STYLE( '', ( #5763 ) );
#3010 = EDGE_LOOP( '', ( #5764, #5765, #5766, #5767 ) );
#3011 = AXIS2_PLACEMENT_3D( '', #5768, #5769, #5770 );
#3012 = SURFACE_SIDE_STYLE( '', ( #5771 ) );
#3013 = EDGE_LOOP( '', ( #5772, #5773, #5774, #5775 ) );
#3014 = AXIS2_PLACEMENT_3D( '', #5776, #5777, #5778 );
#3015 = SURFACE_SIDE_STYLE( '', ( #5779 ) );
#3016 = EDGE_LOOP( '', ( #5780, #5781, #5782, #5783 ) );
#3017 = AXIS2_PLACEMENT_3D( '', #5784, #5785, #5786 );
#3018 = SURFACE_SIDE_STYLE( '', ( #5787 ) );
#3019 = EDGE_LOOP( '', ( #5788, #5789, #5790, #5791 ) );
#3020 = AXIS2_PLACEMENT_3D( '', #5792, #5793, #5794 );
#3021 = SURFACE_SIDE_STYLE( '', ( #5795 ) );
#3022 = EDGE_LOOP( '', ( #5796, #5797, #5798, #5799 ) );
#3023 = AXIS2_PLACEMENT_3D( '', #5800, #5801, #5802 );
#3024 = SURFACE_SIDE_STYLE( '', ( #5803 ) );
#3025 = EDGE_LOOP( '', ( #5804, #5805, #5806, #5807 ) );
#3026 = AXIS2_PLACEMENT_3D( '', #5808, #5809, #5810 );
#3027 = SURFACE_SIDE_STYLE( '', ( #5811 ) );
#3028 = EDGE_LOOP( '', ( #5812, #5813, #5814, #5815 ) );
#3029 = AXIS2_PLACEMENT_3D( '', #5816, #5817, #5818 );
#3030 = SURFACE_SIDE_STYLE( '', ( #5819 ) );
#3031 = EDGE_LOOP( '', ( #5820, #5821, #5822, #5823 ) );
#3032 = AXIS2_PLACEMENT_3D( '', #5824, #5825, #5826 );
#3033 = SURFACE_SIDE_STYLE( '', ( #5827 ) );
#3034 = EDGE_LOOP( '', ( #5828, #5829, #5830, #5831 ) );
#3035 = AXIS2_PLACEMENT_3D( '', #5832, #5833, #5834 );
#3036 = SURFACE_SIDE_STYLE( '', ( #5835 ) );
#3037 = EDGE_LOOP( '', ( #5836, #5837, #5838, #5839 ) );
#3038 = AXIS2_PLACEMENT_3D( '', #5840, #5841, #5842 );
#3039 = SURFACE_SIDE_STYLE( '', ( #5843 ) );
#3040 = EDGE_LOOP( '', ( #5844, #5845, #5846, #5847 ) );
#3041 = AXIS2_PLACEMENT_3D( '', #5848, #5849, #5850 );
#3042 = SURFACE_SIDE_STYLE( '', ( #5851 ) );
#3043 = EDGE_LOOP( '', ( #5852, #5853, #5854, #5855, #5856, #5857, #5858, #5859, #5860, #5861, #5862, #5863 ) );
#3044 = AXIS2_PLACEMENT_3D( '', #5864, #5865, #5866 );
#3045 = SURFACE_SIDE_STYLE( '', ( #5867 ) );
#3046 = EDGE_LOOP( '', ( #5868, #5869, #5870, #5871 ) );
#3047 = AXIS2_PLACEMENT_3D( '', #5872, #5873, #5874 );
#3048 = SURFACE_SIDE_STYLE( '', ( #5875 ) );
#3049 = EDGE_LOOP( '', ( #5876, #5877, #5878, #5879 ) );
#3050 = AXIS2_PLACEMENT_3D( '', #5880, #5881, #5882 );
#3051 = SURFACE_SIDE_STYLE( '', ( #5883 ) );
#3052 = EDGE_LOOP( '', ( #5884, #5885, #5886, #5887, #5888, #5889 ) );
#3053 = AXIS2_PLACEMENT_3D( '', #5890, #5891, #5892 );
#3054 = SURFACE_SIDE_STYLE( '', ( #5893 ) );
#3055 = EDGE_LOOP( '', ( #5894, #5895, #5896, #5897 ) );
#3056 = AXIS2_PLACEMENT_3D( '', #5898, #5899, #5900 );
#3057 = SURFACE_SIDE_STYLE( '', ( #5901 ) );
#3058 = EDGE_LOOP( '', ( #5902, #5903, #5904, #5905 ) );
#3059 = AXIS2_PLACEMENT_3D( '', #5906, #5907, #5908 );
#3060 = SURFACE_SIDE_STYLE( '', ( #5909 ) );
#3061 = EDGE_LOOP( '', ( #5910, #5911, #5912, #5913 ) );
#3062 = AXIS2_PLACEMENT_3D( '', #5914, #5915, #5916 );
#3063 = SURFACE_SIDE_STYLE( '', ( #5917 ) );
#3064 = EDGE_LOOP( '', ( #5918, #5919, #5920, #5921, #5922, #5923, #5924, #5925, #5926, #5927, #5928, #5929 ) );
#3065 = AXIS2_PLACEMENT_3D( '', #5930, #5931, #5932 );
#3066 = SURFACE_SIDE_STYLE( '', ( #5933 ) );
#3067 = EDGE_LOOP( '', ( #5934, #5935, #5936, #5937 ) );
#3068 = AXIS2_PLACEMENT_3D( '', #5938, #5939, #5940 );
#3069 = SURFACE_SIDE_STYLE( '', ( #5941 ) );
#3070 = EDGE_LOOP( '', ( #5942, #5943, #5944, #5945 ) );
#3071 = AXIS2_PLACEMENT_3D( '', #5946, #5947, #5948 );
#3072 = SURFACE_SIDE_STYLE( '', ( #5949 ) );
#3073 = EDGE_LOOP( '', ( #5950, #5951, #5952, #5953 ) );
#3074 = AXIS2_PLACEMENT_3D( '', #5954, #5955, #5956 );
#3075 = SURFACE_SIDE_STYLE( '', ( #5957 ) );
#3076 = EDGE_LOOP( '', ( #5958, #5959, #5960, #5961 ) );
#3077 = AXIS2_PLACEMENT_3D( '', #5962, #5963, #5964 );
#3078 = SURFACE_SIDE_STYLE( '', ( #5965 ) );
#3079 = EDGE_LOOP( '', ( #5966, #5967, #5968, #5969 ) );
#3080 = AXIS2_PLACEMENT_3D( '', #5970, #5971, #5972 );
#3081 = SURFACE_SIDE_STYLE( '', ( #5973 ) );
#3082 = EDGE_LOOP( '', ( #5974, #5975, #5976, #5977 ) );
#3083 = AXIS2_PLACEMENT_3D( '', #5978, #5979, #5980 );
#3084 = SURFACE_SIDE_STYLE( '', ( #5981 ) );
#3085 = EDGE_LOOP( '', ( #5982, #5983, #5984, #5985 ) );
#3086 = AXIS2_PLACEMENT_3D( '', #5986, #5987, #5988 );
#3087 = SURFACE_SIDE_STYLE( '', ( #5989 ) );
#3088 = EDGE_LOOP( '', ( #5990, #5991, #5992, #5993 ) );
#3089 = AXIS2_PLACEMENT_3D( '', #5994, #5995, #5996 );
#3090 = SURFACE_SIDE_STYLE( '', ( #5997 ) );
#3091 = EDGE_LOOP( '', ( #5998, #5999, #6000, #6001, #6002, #6003, #6004, #6005, #6006, #6007 ) );
#3092 = AXIS2_PLACEMENT_3D( '', #6008, #6009, #6010 );
#3093 = SURFACE_SIDE_STYLE( '', ( #6011 ) );
#3094 = EDGE_LOOP( '', ( #6012, #6013, #6014, #6015, #6016, #6017, #6018, #6019, #6020, #6021, #6022, #6023 ) );
#3095 = AXIS2_PLACEMENT_3D( '', #6024, #6025, #6026 );
#3096 = SURFACE_SIDE_STYLE( '', ( #6027 ) );
#3097 = EDGE_LOOP( '', ( #6028, #6029, #6030, #6031 ) );
#3098 = AXIS2_PLACEMENT_3D( '', #6032, #6033, #6034 );
#3099 = SURFACE_SIDE_STYLE( '', ( #6035 ) );
#3100 = EDGE_LOOP( '', ( #6036, #6037, #6038, #6039 ) );
#3101 = AXIS2_PLACEMENT_3D( '', #6040, #6041, #6042 );
#3102 = SURFACE_SIDE_STYLE( '', ( #6043 ) );
#3103 = EDGE_LOOP( '', ( #6044, #6045, #6046, #6047, #6048, #6049, #6050, #6051, #6052, #6053 ) );
#3104 = AXIS2_PLACEMENT_3D( '', #6054, #6055, #6056 );
#3105 = SURFACE_SIDE_STYLE( '', ( #6057 ) );
#3106 = EDGE_LOOP( '', ( #6058, #6059, #6060, #6061 ) );
#3107 = AXIS2_PLACEMENT_3D( '', #6062, #6063, #6064 );
#3108 = SURFACE_SIDE_STYLE( '', ( #6065 ) );
#3109 = EDGE_LOOP( '', ( #6066, #6067, #6068, #6069 ) );
#3110 = AXIS2_PLACEMENT_3D( '', #6070, #6071, #6072 );
#3111 = SURFACE_SIDE_STYLE( '', ( #6073 ) );
#3112 = EDGE_LOOP( '', ( #6074, #6075, #6076, #6077 ) );
#3113 = AXIS2_PLACEMENT_3D( '', #6078, #6079, #6080 );
#3114 = SURFACE_SIDE_STYLE( '', ( #6081 ) );
#3115 = EDGE_LOOP( '', ( #6082, #6083, #6084, #6085 ) );
#3116 = AXIS2_PLACEMENT_3D( '', #6086, #6087, #6088 );
#3117 = SURFACE_SIDE_STYLE( '', ( #6089 ) );
#3118 = EDGE_LOOP( '', ( #6090, #6091, #6092, #6093 ) );
#3119 = AXIS2_PLACEMENT_3D( '', #6094, #6095, #6096 );
#3120 = SURFACE_SIDE_STYLE( '', ( #6097 ) );
#3121 = EDGE_LOOP( '', ( #6098, #6099, #6100, #6101 ) );
#3122 = AXIS2_PLACEMENT_3D( '', #6102, #6103, #6104 );
#3123 = SURFACE_SIDE_STYLE( '', ( #6105 ) );
#3124 = EDGE_LOOP( '', ( #6106, #6107, #6108, #6109 ) );
#3125 = AXIS2_PLACEMENT_3D( '', #6110, #6111, #6112 );
#3126 = SURFACE_SIDE_STYLE( '', ( #6113 ) );
#3127 = EDGE_LOOP( '', ( #6114, #6115, #6116, #6117 ) );
#3128 = AXIS2_PLACEMENT_3D( '', #6118, #6119, #6120 );
#3129 = SURFACE_SIDE_STYLE( '', ( #6121 ) );
#3130 = EDGE_LOOP( '', ( #6122, #6123, #6124, #6125 ) );
#3131 = AXIS2_PLACEMENT_3D( '', #6126, #6127, #6128 );
#3132 = SURFACE_SIDE_STYLE( '', ( #6129 ) );
#3133 = EDGE_LOOP( '', ( #6130, #6131, #6132, #6133 ) );
#3134 = AXIS2_PLACEMENT_3D( '', #6134, #6135, #6136 );
#3135 = SURFACE_SIDE_STYLE( '', ( #6137 ) );
#3136 = EDGE_LOOP( '', ( #6138, #6139, #6140, #6141, #6142, #6143, #6144, #6145, #6146, #6147 ) );
#3137 = AXIS2_PLACEMENT_3D( '', #6148, #6149, #6150 );
#3138 = SURFACE_SIDE_STYLE( '', ( #6151 ) );
#3139 = EDGE_LOOP( '', ( #6152, #6153, #6154, #6155 ) );
#3140 = AXIS2_PLACEMENT_3D( '', #6156, #6157, #6158 );
#3141 = SURFACE_SIDE_STYLE( '', ( #6159 ) );
#3142 = EDGE_LOOP( '', ( #6160, #6161, #6162, #6163 ) );
#3143 = AXIS2_PLACEMENT_3D( '', #6164, #6165, #6166 );
#3144 = SURFACE_SIDE_STYLE( '', ( #6167 ) );
#3145 = EDGE_LOOP( '', ( #6168, #6169, #6170, #6171, #6172, #6173, #6174, #6175, #6176, #6177 ) );
#3146 = AXIS2_PLACEMENT_3D( '', #6178, #6179, #6180 );
#3147 = SURFACE_SIDE_STYLE( '', ( #6181 ) );
#3148 = EDGE_LOOP( '', ( #6182, #6183, #6184, #6185 ) );
#3149 = AXIS2_PLACEMENT_3D( '', #6186, #6187, #6188 );
#3150 = SURFACE_SIDE_STYLE( '', ( #6189 ) );
#3151 = EDGE_LOOP( '', ( #6190, #6191, #6192, #6193 ) );
#3152 = AXIS2_PLACEMENT_3D( '', #6194, #6195, #6196 );
#3153 = SURFACE_SIDE_STYLE( '', ( #6197 ) );
#3154 = EDGE_LOOP( '', ( #6198, #6199, #6200, #6201 ) );
#3155 = AXIS2_PLACEMENT_3D( '', #6202, #6203, #6204 );
#3156 = SURFACE_SIDE_STYLE( '', ( #6205 ) );
#3157 = EDGE_LOOP( '', ( #6206, #6207, #6208, #6209, #6210, #6211, #6212, #6213, #6214, #6215 ) );
#3158 = AXIS2_PLACEMENT_3D( '', #6216, #6217, #6218 );
#3159 = SURFACE_SIDE_STYLE( '', ( #6219 ) );
#3160 = EDGE_LOOP( '', ( #6220, #6221, #6222, #6223 ) );
#3161 = AXIS2_PLACEMENT_3D( '', #6224, #6225, #6226 );
#3162 = SURFACE_SIDE_STYLE( '', ( #6227 ) );
#3163 = EDGE_LOOP( '', ( #6228, #6229, #6230, #6231 ) );
#3164 = AXIS2_PLACEMENT_3D( '', #6232, #6233, #6234 );
#3165 = SURFACE_SIDE_STYLE( '', ( #6235 ) );
#3166 = EDGE_LOOP( '', ( #6236, #6237, #6238, #6239 ) );
#3167 = AXIS2_PLACEMENT_3D( '', #6240, #6241, #6242 );
#3168 = SURFACE_SIDE_STYLE( '', ( #6243 ) );
#3169 = EDGE_LOOP( '', ( #6244, #6245, #6246, #6247 ) );
#3170 = AXIS2_PLACEMENT_3D( '', #6248, #6249, #6250 );
#3171 = SURFACE_SIDE_STYLE( '', ( #6251 ) );
#3172 = EDGE_LOOP( '', ( #6252, #6253, #6254, #6255 ) );
#3173 = AXIS2_PLACEMENT_3D( '', #6256, #6257, #6258 );
#3174 = SURFACE_SIDE_STYLE( '', ( #6259 ) );
#3175 = EDGE_LOOP( '', ( #6260, #6261, #6262, #6263 ) );
#3176 = AXIS2_PLACEMENT_3D( '', #6264, #6265, #6266 );
#3177 = SURFACE_SIDE_STYLE( '', ( #6267 ) );
#3178 = EDGE_LOOP( '', ( #6268, #6269, #6270, #6271 ) );
#3179 = AXIS2_PLACEMENT_3D( '', #6272, #6273, #6274 );
#3180 = SURFACE_SIDE_STYLE( '', ( #6275 ) );
#3181 = EDGE_LOOP( '', ( #6276, #6277, #6278, #6279 ) );
#3182 = AXIS2_PLACEMENT_3D( '', #6280, #6281, #6282 );
#3183 = SURFACE_SIDE_STYLE( '', ( #6283 ) );
#3184 = EDGE_LOOP( '', ( #6284, #6285, #6286, #6287 ) );
#3185 = AXIS2_PLACEMENT_3D( '', #6288, #6289, #6290 );
#3186 = SURFACE_SIDE_STYLE( '', ( #6291 ) );
#3187 = EDGE_LOOP( '', ( #6292, #6293, #6294, #6295 ) );
#3188 = AXIS2_PLACEMENT_3D( '', #6296, #6297, #6298 );
#3189 = SURFACE_SIDE_STYLE( '', ( #6299 ) );
#3190 = EDGE_LOOP( '', ( #6300, #6301, #6302, #6303 ) );
#3191 = AXIS2_PLACEMENT_3D( '', #6304, #6305, #6306 );
#3192 = SURFACE_SIDE_STYLE( '', ( #6307 ) );
#3193 = EDGE_LOOP( '', ( #6308, #6309, #6310, #6311 ) );
#3194 = AXIS2_PLACEMENT_3D( '', #6312, #6313, #6314 );
#3195 = SURFACE_SIDE_STYLE( '', ( #6315 ) );
#3196 = EDGE_LOOP( '', ( #6316, #6317, #6318, #6319 ) );
#3197 = AXIS2_PLACEMENT_3D( '', #6320, #6321, #6322 );
#3198 = SURFACE_SIDE_STYLE( '', ( #6323 ) );
#3199 = EDGE_LOOP( '', ( #6324, #6325, #6326, #6327 ) );
#3200 = AXIS2_PLACEMENT_3D( '', #6328, #6329, #6330 );
#3201 = SURFACE_SIDE_STYLE( '', ( #6331 ) );
#3202 = EDGE_LOOP( '', ( #6332, #6333, #6334, #6335 ) );
#3203 = AXIS2_PLACEMENT_3D( '', #6336, #6337, #6338 );
#3204 = SURFACE_SIDE_STYLE( '', ( #6339 ) );
#3205 = EDGE_LOOP( '', ( #6340, #6341, #6342, #6343, #6344, #6345 ) );
#3206 = AXIS2_PLACEMENT_3D( '', #6346, #6347, #6348 );
#3207 = SURFACE_SIDE_STYLE( '', ( #6349 ) );
#3208 = EDGE_LOOP( '', ( #6350, #6351, #6352, #6353 ) );
#3209 = AXIS2_PLACEMENT_3D( '', #6354, #6355, #6356 );
#3210 = SURFACE_SIDE_STYLE( '', ( #6357 ) );
#3211 = EDGE_LOOP( '', ( #6358, #6359, #6360, #6361 ) );
#3212 = AXIS2_PLACEMENT_3D( '', #6362, #6363, #6364 );
#3213 = SURFACE_SIDE_STYLE( '', ( #6365 ) );
#3214 = EDGE_LOOP( '', ( #6366, #6367, #6368, #6369 ) );
#3215 = AXIS2_PLACEMENT_3D( '', #6370, #6371, #6372 );
#3216 = SURFACE_SIDE_STYLE( '', ( #6373 ) );
#3217 = EDGE_LOOP( '', ( #6374, #6375, #6376, #6377 ) );
#3218 = AXIS2_PLACEMENT_3D( '', #6378, #6379, #6380 );
#3219 = SURFACE_SIDE_STYLE( '', ( #6381 ) );
#3220 = EDGE_LOOP( '', ( #6382, #6383, #6384, #6385 ) );
#3221 = AXIS2_PLACEMENT_3D( '', #6386, #6387, #6388 );
#3222 = SURFACE_SIDE_STYLE( '', ( #6389 ) );
#3223 = EDGE_LOOP( '', ( #6390, #6391, #6392, #6393 ) );
#3224 = AXIS2_PLACEMENT_3D( '', #6394, #6395, #6396 );
#3225 = SURFACE_SIDE_STYLE( '', ( #6397 ) );
#3226 = EDGE_LOOP( '', ( #6398, #6399, #6400, #6401 ) );
#3227 = AXIS2_PLACEMENT_3D( '', #6402, #6403, #6404 );
#3228 = SURFACE_SIDE_STYLE( '', ( #6405 ) );
#3229 = EDGE_LOOP( '', ( #6406, #6407, #6408, #6409 ) );
#3230 = AXIS2_PLACEMENT_3D( '', #6410, #6411, #6412 );
#3231 = SURFACE_SIDE_STYLE( '', ( #6413 ) );
#3232 = EDGE_LOOP( '', ( #6414, #6415, #6416, #6417 ) );
#3233 = AXIS2_PLACEMENT_3D( '', #6418, #6419, #6420 );
#3234 = SURFACE_SIDE_STYLE( '', ( #6421 ) );
#3235 = EDGE_LOOP( '', ( #6422, #6423, #6424, #6425 ) );
#3236 = AXIS2_PLACEMENT_3D( '', #6426, #6427, #6428 );
#3237 = SURFACE_SIDE_STYLE( '', ( #6429 ) );
#3238 = EDGE_LOOP( '', ( #6430, #6431, #6432, #6433 ) );
#3239 = AXIS2_PLACEMENT_3D( '', #6434, #6435, #6436 );
#3240 = SURFACE_SIDE_STYLE( '', ( #6437 ) );
#3241 = EDGE_LOOP( '', ( #6438, #6439, #6440, #6441 ) );
#3242 = AXIS2_PLACEMENT_3D( '', #6442, #6443, #6444 );
#3243 = SURFACE_SIDE_STYLE( '', ( #6445 ) );
#3244 = EDGE_LOOP( '', ( #6446, #6447, #6448, #6449 ) );
#3245 = AXIS2_PLACEMENT_3D( '', #6450, #6451, #6452 );
#3246 = SURFACE_SIDE_STYLE( '', ( #6453 ) );
#3247 = EDGE_LOOP( '', ( #6454, #6455, #6456, #6457 ) );
#3248 = AXIS2_PLACEMENT_3D( '', #6458, #6459, #6460 );
#3249 = SURFACE_SIDE_STYLE( '', ( #6461 ) );
#3250 = EDGE_LOOP( '', ( #6462, #6463, #6464, #6465 ) );
#3251 = AXIS2_PLACEMENT_3D( '', #6466, #6467, #6468 );
#3252 = SURFACE_SIDE_STYLE( '', ( #6469 ) );
#3253 = EDGE_LOOP( '', ( #6470, #6471, #6472, #6473 ) );
#3254 = AXIS2_PLACEMENT_3D( '', #6474, #6475, #6476 );
#3255 = SURFACE_SIDE_STYLE( '', ( #6477 ) );
#3256 = EDGE_LOOP( '', ( #6478, #6479, #6480, #6481 ) );
#3257 = AXIS2_PLACEMENT_3D( '', #6482, #6483, #6484 );
#3258 = SURFACE_SIDE_STYLE( '', ( #6485 ) );
#3259 = EDGE_LOOP( '', ( #6486, #6487, #6488, #6489, #6490, #6491, #6492, #6493, #6494, #6495 ) );
#3260 = AXIS2_PLACEMENT_3D( '', #6496, #6497, #6498 );
#3261 = SURFACE_SIDE_STYLE( '', ( #6499 ) );
#3262 = EDGE_LOOP( '', ( #6500, #6501, #6502, #6503 ) );
#3263 = AXIS2_PLACEMENT_3D( '', #6504, #6505, #6506 );
#3264 = SURFACE_SIDE_STYLE( '', ( #6507 ) );
#3265 = EDGE_LOOP( '', ( #6508, #6509, #6510, #6511 ) );
#3266 = AXIS2_PLACEMENT_3D( '', #6512, #6513, #6514 );
#3267 = SURFACE_SIDE_STYLE( '', ( #6515 ) );
#3268 = EDGE_LOOP( '', ( #6516, #6517, #6518, #6519 ) );
#3269 = AXIS2_PLACEMENT_3D( '', #6520, #6521, #6522 );
#3270 = SURFACE_SIDE_STYLE( '', ( #6523 ) );
#3271 = EDGE_LOOP( '', ( #6524, #6525, #6526, #6527 ) );
#3272 = AXIS2_PLACEMENT_3D( '', #6528, #6529, #6530 );
#3273 = SURFACE_SIDE_STYLE( '', ( #6531 ) );
#3274 = EDGE_LOOP( '', ( #6532, #6533, #6534, #6535 ) );
#3275 = AXIS2_PLACEMENT_3D( '', #6536, #6537, #6538 );
#3276 = SURFACE_SIDE_STYLE( '', ( #6539 ) );
#3277 = EDGE_LOOP( '', ( #6540, #6541, #6542, #6543 ) );
#3278 = AXIS2_PLACEMENT_3D( '', #6544, #6545, #6546 );
#3279 = SURFACE_SIDE_STYLE( '', ( #6547 ) );
#3280 = EDGE_LOOP( '', ( #6548, #6549, #6550, #6551 ) );
#3281 = AXIS2_PLACEMENT_3D( '', #6552, #6553, #6554 );
#3282 = SURFACE_SIDE_STYLE( '', ( #6555 ) );
#3283 = EDGE_LOOP( '', ( #6556, #6557, #6558, #6559 ) );
#3284 = AXIS2_PLACEMENT_3D( '', #6560, #6561, #6562 );
#3285 = SURFACE_SIDE_STYLE( '', ( #6563 ) );
#3286 = EDGE_LOOP( '', ( #6564, #6565, #6566, #6567, #6568, #6569 ) );
#3287 = AXIS2_PLACEMENT_3D( '', #6570, #6571, #6572 );
#3288 = SURFACE_SIDE_STYLE( '', ( #6573 ) );
#3289 = EDGE_LOOP( '', ( #6574, #6575, #6576, #6577 ) );
#3290 = AXIS2_PLACEMENT_3D( '', #6578, #6579, #6580 );
#3291 = SURFACE_SIDE_STYLE( '', ( #6581 ) );
#3292 = EDGE_LOOP( '', ( #6582, #6583, #6584, #6585 ) );
#3293 = AXIS2_PLACEMENT_3D( '', #6586, #6587, #6588 );
#3294 = SURFACE_SIDE_STYLE( '', ( #6589 ) );
#3295 = EDGE_LOOP( '', ( #6590, #6591, #6592, #6593, #6594, #6595 ) );
#3296 = AXIS2_PLACEMENT_3D( '', #6596, #6597, #6598 );
#3297 = SURFACE_SIDE_STYLE( '', ( #6599 ) );
#3298 = EDGE_LOOP( '', ( #6600, #6601, #6602, #6603, #6604, #6605, #6606, #6607, #6608, #6609 ) );
#3299 = AXIS2_PLACEMENT_3D( '', #6610, #6611, #6612 );
#3300 = SURFACE_SIDE_STYLE( '', ( #6613 ) );
#3301 = EDGE_LOOP( '', ( #6614, #6615, #6616, #6617 ) );
#3302 = AXIS2_PLACEMENT_3D( '', #6618, #6619, #6620 );
#3303 = SURFACE_SIDE_STYLE( '', ( #6621 ) );
#3304 = EDGE_LOOP( '', ( #6622, #6623, #6624, #6625 ) );
#3305 = AXIS2_PLACEMENT_3D( '', #6626, #6627, #6628 );
#3306 = SURFACE_SIDE_STYLE( '', ( #6629 ) );
#3307 = EDGE_LOOP( '', ( #6630, #6631, #6632, #6633 ) );
#3308 = AXIS2_PLACEMENT_3D( '', #6634, #6635, #6636 );
#3309 = SURFACE_SIDE_STYLE( '', ( #6637 ) );
#3310 = EDGE_LOOP( '', ( #6638, #6639, #6640, #6641 ) );
#3311 = AXIS2_PLACEMENT_3D( '', #6642, #6643, #6644 );
#3312 = SURFACE_SIDE_STYLE( '', ( #6645 ) );
#3313 = EDGE_LOOP( '', ( #6646, #6647, #6648, #6649, #6650, #6651, #6652, #6653, #6654, #6655, #6656, #6657 ) );
#3314 = AXIS2_PLACEMENT_3D( '', #6658, #6659, #6660 );
#3315 = SURFACE_SIDE_STYLE( '', ( #6661 ) );
#3316 = EDGE_LOOP( '', ( #6662, #6663, #6664, #6665 ) );
#3317 = AXIS2_PLACEMENT_3D( '', #6666, #6667, #6668 );
#3318 = SURFACE_SIDE_STYLE( '', ( #6669 ) );
#3319 = EDGE_LOOP( '', ( #6670, #6671, #6672, #6673 ) );
#3320 = AXIS2_PLACEMENT_3D( '', #6674, #6675, #6676 );
#3321 = SURFACE_SIDE_STYLE( '', ( #6677 ) );
#3322 = EDGE_LOOP( '', ( #6678, #6679, #6680, #6681, #6682, #6683, #6684, #6685, #6686, #6687, #6688, #6689 ) );
#3323 = AXIS2_PLACEMENT_3D( '', #6690, #6691, #6692 );
#3324 = SURFACE_SIDE_STYLE( '', ( #6693 ) );
#3325 = EDGE_LOOP( '', ( #6694, #6695, #6696, #6697 ) );
#3326 = AXIS2_PLACEMENT_3D( '', #6698, #6699, #6700 );
#3327 = SURFACE_SIDE_STYLE( '', ( #6701 ) );
#3328 = EDGE_LOOP( '', ( #6702, #6703, #6704, #6705 ) );
#3329 = AXIS2_PLACEMENT_3D( '', #6706, #6707, #6708 );
#3330 = SURFACE_SIDE_STYLE( '', ( #6709 ) );
#3331 = EDGE_LOOP( '', ( #6710, #6711, #6712, #6713 ) );
#3332 = AXIS2_PLACEMENT_3D( '', #6714, #6715, #6716 );
#3333 = SURFACE_SIDE_STYLE( '', ( #6717 ) );
#3334 = EDGE_LOOP( '', ( #6718, #6719, #6720, #6721, #6722, #6723, #6724, #6725, #6726, #6727 ) );
#3335 = AXIS2_PLACEMENT_3D( '', #6728, #6729, #6730 );
#3336 = SURFACE_SIDE_STYLE( '', ( #6731 ) );
#3337 = EDGE_LOOP( '', ( #6732, #6733, #6734, #6735, #6736, #6737, #6738, #6739, #6740, #6741 ) );
#3338 = AXIS2_PLACEMENT_3D( '', #6742, #6743, #6744 );
#3339 = SURFACE_SIDE_STYLE( '', ( #6745 ) );
#3340 = EDGE_LOOP( '', ( #6746, #6747, #6748, #6749 ) );
#3341 = AXIS2_PLACEMENT_3D( '', #6750, #6751, #6752 );
#3342 = SURFACE_SIDE_STYLE( '', ( #6753 ) );
#3343 = EDGE_LOOP( '', ( #6754, #6755, #6756, #6757 ) );
#3344 = AXIS2_PLACEMENT_3D( '', #6758, #6759, #6760 );
#3345 = SURFACE_SIDE_STYLE( '', ( #6761 ) );
#3346 = EDGE_LOOP( '', ( #6762, #6763, #6764, #6765 ) );
#3347 = AXIS2_PLACEMENT_3D( '', #6766, #6767, #6768 );
#3348 = SURFACE_SIDE_STYLE( '', ( #6769 ) );
#3349 = EDGE_LOOP( '', ( #6770, #6771, #6772, #6773, #6774, #6775, #6776, #6777, #6778, #6779, #6780, #6781, #6782, #6783, #6784, #6785, #6786, #6787, #6788, #6789, #6790, #6791, #6792, #6793, #6794, #6795, #6796, #6797 ) );
#3350 = AXIS2_PLACEMENT_3D( '', #6798, #6799, #6800 );
#3351 = SURFACE_SIDE_STYLE( '', ( #6801 ) );
#3352 = EDGE_LOOP( '', ( #6802, #6803, #6804, #6805 ) );
#3353 = AXIS2_PLACEMENT_3D( '', #6806, #6807, #6808 );
#3354 = SURFACE_SIDE_STYLE( '', ( #6809 ) );
#3355 = EDGE_LOOP( '', ( #6810, #6811, #6812, #6813 ) );
#3356 = AXIS2_PLACEMENT_3D( '', #6814, #6815, #6816 );
#3357 = SURFACE_SIDE_STYLE( '', ( #6817 ) );
#3358 = EDGE_LOOP( '', ( #6818, #6819, #6820, #6821 ) );
#3359 = AXIS2_PLACEMENT_3D( '', #6822, #6823, #6824 );
#3360 = SURFACE_SIDE_STYLE( '', ( #6825 ) );
#3361 = EDGE_LOOP( '', ( #6826, #6827, #6828, #6829 ) );
#3362 = AXIS2_PLACEMENT_3D( '', #6830, #6831, #6832 );
#3363 = SURFACE_SIDE_STYLE( '', ( #6833 ) );
#3364 = EDGE_LOOP( '', ( #6834, #6835, #6836, #6837 ) );
#3365 = AXIS2_PLACEMENT_3D( '', #6838, #6839, #6840 );
#3366 = SURFACE_SIDE_STYLE( '', ( #6841 ) );
#3367 = EDGE_LOOP( '', ( #6842, #6843, #6844, #6845 ) );
#3368 = AXIS2_PLACEMENT_3D( '', #6846, #6847, #6848 );
#3369 = SURFACE_SIDE_STYLE( '', ( #6849 ) );
#3370 = EDGE_LOOP( '', ( #6850, #6851, #6852, #6853 ) );
#3371 = AXIS2_PLACEMENT_3D( '', #6854, #6855, #6856 );
#3372 = SURFACE_SIDE_STYLE( '', ( #6857 ) );
#3373 = EDGE_LOOP( '', ( #6858, #6859, #6860, #6861 ) );
#3374 = AXIS2_PLACEMENT_3D( '', #6862, #6863, #6864 );
#3375 = SURFACE_SIDE_STYLE( '', ( #6865 ) );
#3376 = EDGE_LOOP( '', ( #6866, #6867, #6868, #6869, #6870, #6871, #6872, #6873, #6874, #6875, #6876, #6877 ) );
#3377 = AXIS2_PLACEMENT_3D( '', #6878, #6879, #6880 );
#3378 = SURFACE_SIDE_STYLE( '', ( #6881 ) );
#3379 = EDGE_LOOP( '', ( #6882, #6883, #6884, #6885 ) );
#3380 = AXIS2_PLACEMENT_3D( '', #6886, #6887, #6888 );
#3381 = SURFACE_SIDE_STYLE( '', ( #6889 ) );
#3382 = EDGE_LOOP( '', ( #6890, #6891, #6892, #6893 ) );
#3383 = AXIS2_PLACEMENT_3D( '', #6894, #6895, #6896 );
#3384 = SURFACE_SIDE_STYLE( '', ( #6897 ) );
#3385 = EDGE_LOOP( '', ( #6898, #6899, #6900, #6901 ) );
#3386 = AXIS2_PLACEMENT_3D( '', #6902, #6903, #6904 );
#3387 = SURFACE_SIDE_STYLE( '', ( #6905 ) );
#3388 = EDGE_LOOP( '', ( #6906, #6907, #6908, #6909 ) );
#3389 = AXIS2_PLACEMENT_3D( '', #6910, #6911, #6912 );
#3390 = SURFACE_SIDE_STYLE( '', ( #6913 ) );
#3391 = EDGE_LOOP( '', ( #6914, #6915, #6916, #6917 ) );
#3392 = AXIS2_PLACEMENT_3D( '', #6918, #6919, #6920 );
#3393 = SURFACE_SIDE_STYLE( '', ( #6921 ) );
#3394 = EDGE_LOOP( '', ( #6922, #6923, #6924, #6925 ) );
#3395 = AXIS2_PLACEMENT_3D( '', #6926, #6927, #6928 );
#3396 = SURFACE_SIDE_STYLE( '', ( #6929 ) );
#3397 = EDGE_LOOP( '', ( #6930, #6931, #6932, #6933 ) );
#3398 = AXIS2_PLACEMENT_3D( '', #6934, #6935, #6936 );
#3399 = SURFACE_SIDE_STYLE( '', ( #6937 ) );
#3400 = EDGE_LOOP( '', ( #6938, #6939, #6940, #6941 ) );
#3401 = AXIS2_PLACEMENT_3D( '', #6942, #6943, #6944 );
#3402 = SURFACE_SIDE_STYLE( '', ( #6945 ) );
#3403 = EDGE_LOOP( '', ( #6946, #6947, #6948, #6949 ) );
#3404 = AXIS2_PLACEMENT_3D( '', #6950, #6951, #6952 );
#3405 = SURFACE_SIDE_STYLE( '', ( #6953 ) );
#3406 = EDGE_LOOP( '', ( #6954, #6955, #6956, #6957, #6958, #6959, #6960, #6961, #6962, #6963 ) );
#3407 = AXIS2_PLACEMENT_3D( '', #6964, #6965, #6966 );
#3408 = SURFACE_SIDE_STYLE( '', ( #6967 ) );
#3409 = EDGE_LOOP( '', ( #6968, #6969, #6970, #6971 ) );
#3410 = AXIS2_PLACEMENT_3D( '', #6972, #6973, #6974 );
#3411 = SURFACE_SIDE_STYLE( '', ( #6975 ) );
#3412 = EDGE_LOOP( '', ( #6976, #6977, #6978, #6979 ) );
#3413 = AXIS2_PLACEMENT_3D( '', #6980, #6981, #6982 );
#3414 = SURFACE_SIDE_STYLE( '', ( #6983 ) );
#3415 = EDGE_LOOP( '', ( #6984, #6985, #6986, #6987, #6988, #6989, #6990, #6991, #6992, #6993, #6994, #6995, #6996, #6997, #6998, #6999, #7000, #7001, #7002, #7003, #7004, #7005, #7006, #7007, #7008, #7009, #7010, #7011, #7012, #7013, #7014, #7015, #7016, #7017, #7018, #7019, #7020, #7021, #7022, #7023, #7024, #7025, #7026, #7027 ) );
#3416 = AXIS2_PLACEMENT_3D( '', #7028, #7029, #7030 );
#3418 =  ( LENGTH_UNIT(  )NAMED_UNIT( #2307 )SI_UNIT( .MILLI., .METRE. ) );
#3419 = SURFACE_STYLE_FILL_AREA( #7032 );
#3420 = ORIENTED_EDGE( '', *, *, #7033, .T. );
#3421 = ORIENTED_EDGE( '', *, *, #7034, .F. );
#3422 = ORIENTED_EDGE( '', *, *, #7035, .F. );
#3423 = ORIENTED_EDGE( '', *, *, #7036, .T. );
#3424 = CARTESIAN_POINT( '', ( -0.00505000000000002, 0.0900000000000000, -0.00500000000000000 ) );
#3425 = DIRECTION( '', ( 1.00000000000000, -0.000000000000000, 0.000000000000000 ) );
#3426 = DIRECTION( '', ( 0.000000000000000, 0.000000000000000, -1.00000000000000 ) );
#3427 = SURFACE_STYLE_FILL_AREA( #7037 );
#3428 = ORIENTED_EDGE( '', *, *, #7038, .T. );
#3429 = ORIENTED_EDGE( '', *, *, #7039, .F. );
#3430 = ORIENTED_EDGE( '', *, *, #7040, .F. );
#3431 = ORIENTED_EDGE( '', *, *, #7041, .F. );
#3432 = CARTESIAN_POINT( '', ( -0.180000000000000, 0.0900000000000000, -0.0600000000000000 ) );
#3433 = DIRECTION( '', ( 0.000000000000000, 0.000000000000000, -1.00000000000000 ) );
#3434 = DIRECTION( '', ( -1.00000000000000, 0.000000000000000, 0.000000000000000 ) );
#3435 = SURFACE_STYLE_FILL_AREA( #7042 );
#3436 = ORIENTED_EDGE( '', *, *, #7043, .F. );
#3437 = ORIENTED_EDGE( '', *, *, #7044, .F. );
#3438 = ORIENTED_EDGE( '', *, *, #7045, .F. );
#3439 = ORIENTED_EDGE( '', *, *, #7046, .T. );
#3440 = CARTESIAN_POINT( '', ( 0.262500000000000, 0.305000000000000, -0.0562500000000000 ) );
#3441 = DIRECTION( '', ( 0.000000000000000, -1.00000000000000, 0.000000000000000 ) );
#3442 = DIRECTION( '', ( 0.000000000000000, 0.000000000000000, -1.00000000000000 ) );
#3443 = SURFACE_STYLE_FILL_AREA( #7047 );
#3444 = ORIENTED_EDGE( '', *, *, #7048, .F. );
#3445 = ORIENTED_EDGE( '', *, *, #7049, .T. );
#3446 = ORIENTED_EDGE( '', *, *, #7050, .T. );
#3447 = ORIENTED_EDGE( '', *, *, #7051, .T. );
#3448 = CARTESIAN_POINT( '', ( 0.330000000000000, 0.000000000000000, -0.145000000000000 ) );
#3449 = DIRECTION( '', ( 0.000000000000000, 0.000000000000000, 1.00000000000000 ) );
#3450 = DIRECTION( '', ( 1.00000000000000, 0.000000000000000, -0.000000000000000 ) );
#3451 = SURFACE_STYLE_FILL_AREA( #7052 );
#3452 = ORIENTED_EDGE( '', *, *, #7053, .F. );
#3453 = ORIENTED_EDGE( '', *, *, #7054, .T. );
#3454 = ORIENTED_EDGE( '', *, *, #7055, .T. );
#3455 = ORIENTED_EDGE( '', *, *, #7056, .F. );
#3456 = CARTESIAN_POINT( '', ( 0.330000000000000, 0.0200000000000000, -0.115000000000000 ) );
#3457 = DIRECTION( '', ( 0.000000000000000, 0.000000000000000, -1.00000000000000 ) );
#3458 = DIRECTION( '', ( -1.00000000000000, 0.000000000000000, 0.000000000000000 ) );
#3459 = SURFACE_STYLE_FILL_AREA( #7057 );
#3460 = ORIENTED_EDGE( '', *, *, #7058, .F. );
#3461 = ORIENTED_EDGE( '', *, *, #7059, .T. );
#3462 = ORIENTED_EDGE( '', *, *, #7060, .F. );
#3463 = ORIENTED_EDGE( '', *, *, #7061, .F. );
#3464 = CARTESIAN_POINT( '', ( 0.262500000000000, 0.0400000000000000, -0.0375000000000000 ) );
#3465 = DIRECTION( '', ( 0.000000000000000, 0.000000000000000, -1.00000000000000 ) );
#3466 = DIRECTION( '', ( -1.00000000000000, 0.000000000000000, 0.000000000000000 ) );
#3467 = SURFACE_STYLE_FILL_AREA( #7062 );
#3468 = ORIENTED_EDGE( '', *, *, #7063, .T. );
#3469 = ORIENTED_EDGE( '', *, *, #7064, .F. );
#3470 = ORIENTED_EDGE( '', *, *, #7065, .T. );
#3471 = ORIENTED_EDGE( '', *, *, #7066, .T. );
#3472 = CARTESIAN_POINT( '', ( -0.0733333192033664, 0.200000000000000, 0.0500000000000000 ) );
#3473 = DIRECTION( '', ( 0.000000000000000, 1.00000000000000, 0.000000000000000 ) );
#3474 = DIRECTION( '', ( 0.000000000000000, -0.000000000000000, 1.00000000000000 ) );
#3475 = SURFACE_STYLE_FILL_AREA( #7067 );
#3476 = ORIENTED_EDGE( '', *, *, #7068, .T. );
#3477 = ORIENTED_EDGE( '', *, *, #7069, .F. );
#3478 = ORIENTED_EDGE( '', *, *, #7070, .F. );
#3479 = ORIENTED_EDGE( '', *, *, #7071, .T. );
#3480 = CARTESIAN_POINT( '', ( -0.294950000000000, 0.0900000000000000, 0.115000000000000 ) );
#3481 = DIRECTION( '', ( 0.000000000000000, 0.000000000000000, 1.00000000000000 ) );
#3482 = DIRECTION( '', ( 1.00000000000000, 0.000000000000000, -0.000000000000000 ) );
#3483 = SURFACE_STYLE_FILL_AREA( #7072 );
#3484 = ORIENTED_EDGE( '', *, *, #7073, .T. );
#3485 = ORIENTED_EDGE( '', *, *, #7074, .F. );
#3486 = ORIENTED_EDGE( '', *, *, #7075, .F. );
#3487 = ORIENTED_EDGE( '', *, *, #7076, .T. );
#3488 = CARTESIAN_POINT( '', ( 0.00505000000000006, 0.0900000000000000, 0.115000000000000 ) );
#3489 = DIRECTION( '', ( 0.000000000000000, 0.000000000000000, 1.00000000000000 ) );
#3490 = DIRECTION( '', ( 1.00000000000000, 0.000000000000000, -0.000000000000000 ) );
#3491 = SURFACE_STYLE_FILL_AREA( #7077 );
#3492 = ORIENTED_EDGE( '', *, *, #7078, .F. );
#3493 = ORIENTED_EDGE( '', *, *, #7079, .T. );
#3494 = ORIENTED_EDGE( '', *, *, #7080, .F. );
#3495 = ORIENTED_EDGE( '', *, *, #7081, .F. );
#3496 = CARTESIAN_POINT( '', ( 0.262500000000000, -0.0537500000000000, -0.230000000000000 ) );
#3497 = DIRECTION( '', ( 0.000000000000000, -0.707106781186548, 0.707106781186548 ) );
#3498 = DIRECTION( '', ( 0.000000000000000, -0.707106781186547, -0.707106781186547 ) );
#3499 = SURFACE_STYLE_FILL_AREA( #7082 );
#3500 = ORIENTED_EDGE( '', *, *, #7083, .F. );
#3501 = ORIENTED_EDGE( '', *, *, #7084, .F. );
#3502 = ORIENTED_EDGE( '', *, *, #7085, .T. );
#3503 = ORIENTED_EDGE( '', *, *, #7086, .F. );
#3504 = CARTESIAN_POINT( '', ( 0.180000000000000, 0.0900000000000000, -0.0200000000000000 ) );
#3505 = DIRECTION( '', ( -1.06712812252510E-16, 0.000000000000000, 1.00000000000000 ) );
#3506 = DIRECTION( '', ( 1.00000000000000, 0.000000000000000, 1.06712812252510E-16 ) );
#3507 = SURFACE_STYLE_FILL_AREA( #7087 );
#3508 = ORIENTED_EDGE( '', *, *, #7088, .T. );
#3509 = ORIENTED_EDGE( '', *, *, #7089, .T. );
#3510 = ORIENTED_EDGE( '', *, *, #7090, .T. );
#3511 = ORIENTED_EDGE( '', *, *, #7091, .T. );
#3512 = CARTESIAN_POINT( '', ( 0.500000000000000, 0.0900000000000000, -6.40276873515062E-18 ) );
#3513 = DIRECTION( '', ( 0.000000000000000, 1.00000000000000, -0.000000000000000 ) );
#3514 = DIRECTION( '', ( 0.000000000000000, 0.000000000000000, 1.00000000000000 ) );
#3515 = SURFACE_STYLE_FILL_AREA( #7092 );
#3516 = ORIENTED_EDGE( '', *, *, #7093, .T. );
#3517 = ORIENTED_EDGE( '', *, *, #7094, .T. );
#3518 = ORIENTED_EDGE( '', *, *, #7095, .T. );
#3519 = ORIENTED_EDGE( '', *, *, #7096, .T. );
#3520 = ORIENTED_EDGE( '', *, *, #7097, .T. );
#3521 = ORIENTED_EDGE( '', *, *, #7098, .T. );
#3522 = ORIENTED_EDGE( '', *, *, #7099, .T. );
#3523 = ORIENTED_EDGE( '', *, *, #7100, .T. );
#3524 = ORIENTED_EDGE( '', *, *, #7101, .T. );
#3525 = ORIENTED_EDGE( '', *, *, #7102, .T. );
#3526 = ORIENTED_EDGE( '', *, *, #7103, .T. );
#3527 = ORIENTED_EDGE( '', *, *, #7104, .F. );
#3528 = CARTESIAN_POINT( '', ( -0.162500000000000, 0.0600000000000000, 0.145000000000000 ) );
#3529 = DIRECTION( '', ( -1.00000000000000, 0.000000000000000, 0.000000000000000 ) );
#3530 = DIRECTION( '', ( 0.000000000000000, 0.000000000000000, 1.00000000000000 ) );
#3531 = SURFACE_STYLE_FILL_AREA( #7105 );
#3532 = ORIENTED_EDGE( '', *, *, #7106, .F. );
#3533 = ORIENTED_EDGE( '', *, *, #7107, .F. );
#3534 = ORIENTED_EDGE( '', *, *, #7108, .F. );
#3535 = ORIENTED_EDGE( '', *, *, #7109, .F. );
#3536 = ORIENTED_EDGE( '', *, *, #7110, .F. );
#3537 = ORIENTED_EDGE( '', *, *, #7111, .T. );
#3538 = ORIENTED_EDGE( '', *, *, #7112, .F. );
#3539 = ORIENTED_EDGE( '', *, *, #7113, .F. );
#3540 = ORIENTED_EDGE( '', *, *, #7114, .T. );
#3541 = ORIENTED_EDGE( '', *, *, #7115, .T. );
#3542 = CARTESIAN_POINT( '', ( 0.105050000000000, 0.0900000000000000, -0.00500000000000000 ) );
#3543 = DIRECTION( '', ( 0.000000000000000, 0.000000000000000, 1.00000000000000 ) );
#3544 = DIRECTION( '', ( 1.00000000000000, 0.000000000000000, -0.000000000000000 ) );
#3545 = SURFACE_STYLE_FILL_AREA( #7116 );
#3546 = ORIENTED_EDGE( '', *, *, #7117, .T. );
#3547 = ORIENTED_EDGE( '', *, *, #7118, .T. );
#3548 = ORIENTED_EDGE( '', *, *, #7119, .T. );
#3549 = ORIENTED_EDGE( '', *, *, #7120, .T. );
#3550 = ORIENTED_EDGE( '', *, *, #7121, .F. );
#3551 = ORIENTED_EDGE( '', *, *, #7122, .T. );
#3552 = ORIENTED_EDGE( '', *, *, #7123, .T. );
#3553 = ORIENTED_EDGE( '', *, *, #7124, .F. );
#3554 = ORIENTED_EDGE( '', *, *, #7125, .T. );
#3555 = ORIENTED_EDGE( '', *, *, #7126, .F. );
#3556 = CARTESIAN_POINT( '', ( -0.0375000000000000, 0.0400000000000000, 0.145000000000000 ) );
#3557 = DIRECTION( '', ( 1.00000000000000, 0.000000000000000, -0.000000000000000 ) );
#3558 = DIRECTION( '', ( -0.000000000000000, 0.000000000000000, -1.00000000000000 ) );
#3559 = SURFACE_STYLE_FILL_AREA( #7127 );
#3560 = ORIENTED_EDGE( '', *, *, #7128, .T. );
#3561 = ORIENTED_EDGE( '', *, *, #7129, .T. );
#3562 = ORIENTED_EDGE( '', *, *, #7130, .T. );
#3563 = ORIENTED_EDGE( '', *, *, #7131, .T. );
#3564 = ORIENTED_EDGE( '', *, *, #7132, .T. );
#3565 = ORIENTED_EDGE( '', *, *, #7133, .T. );
#3566 = CARTESIAN_POINT( '', ( 0.330000000000000, 0.000000000000000, 0.000000000000000 ) );
#3567 = DIRECTION( '', ( 1.00000000000000, 0.000000000000000, -0.000000000000000 ) );
#3568 = DIRECTION( '', ( -0.000000000000000, 0.000000000000000, -1.00000000000000 ) );
#3569 = SURFACE_STYLE_FILL_AREA( #7134 );
#3570 = ORIENTED_EDGE( '', *, *, #7097, .F. );
#3571 = ORIENTED_EDGE( '', *, *, #7135, .F. );
#3572 = ORIENTED_EDGE( '', *, *, #7136, .F. );
#3573 = ORIENTED_EDGE( '', *, *, #7137, .T. );
#3574 = CARTESIAN_POINT( '', ( 0.262500000000000, 0.0650000000000000, 0.0375000000000000 ) );
#3575 = DIRECTION( '', ( 0.000000000000000, 0.000000000000000, 1.00000000000000 ) );
#3576 = DIRECTION( '', ( 1.00000000000000, 0.000000000000000, -0.000000000000000 ) );
#3577 = SURFACE_STYLE_FILL_AREA( #7138 );
#3578 = ORIENTED_EDGE( '', *, *, #7139, .F. );
#3579 = ORIENTED_EDGE( '', *, *, #7140, .F. );
#3580 = ORIENTED_EDGE( '', *, *, #7141, .F. );
#3581 = ORIENTED_EDGE( '', *, *, #7142, .T. );
#3582 = CARTESIAN_POINT( '', ( 0.262500000000000, 0.305000000000000, 0.0562500000000000 ) );
#3583 = DIRECTION( '', ( 0.000000000000000, -0.707106781186549, -0.707106781186546 ) );
#3584 = DIRECTION( '', ( 0.000000000000000, 0.707106781186545, -0.707106781186549 ) );
#3585 = SURFACE_STYLE_FILL_AREA( #7143 );
#3586 = ORIENTED_EDGE( '', *, *, #7144, .F. );
#3587 = ORIENTED_EDGE( '', *, *, #7145, .F. );
#3588 = ORIENTED_EDGE( '', *, *, #7146, .T. );
#3589 = ORIENTED_EDGE( '', *, *, #7147, .F. );
#3590 = CARTESIAN_POINT( '', ( 0.330000000000000, 0.000000000000000, 0.145000000000000 ) );
#3591 = DIRECTION( '', ( -0.000000000000000, 1.00000000000000, 0.000000000000000 ) );
#3592 = DIRECTION( '', ( 0.000000000000000, -0.000000000000000, 1.00000000000000 ) );
#3593 = SURFACE_STYLE_FILL_AREA( #7148 );
#3594 = ORIENTED_EDGE( '', *, *, #7149, .T. );
#3595 = ORIENTED_EDGE( '', *, *, #7150, .T. );
#3596 = ORIENTED_EDGE( '', *, *, #7151, .T. );
#3597 = ORIENTED_EDGE( '', *, *, #7152, .T. );
#3598 = ORIENTED_EDGE( '', *, *, #7153, .F. );
#3599 = ORIENTED_EDGE( '', *, *, #7154, .T. );
#3600 = ORIENTED_EDGE( '', *, *, #7155, .T. );
#3601 = ORIENTED_EDGE( '', *, *, #7156, .F. );
#3602 = ORIENTED_EDGE( '', *, *, #7157, .T. );
#3603 = ORIENTED_EDGE( '', *, *, #7158, .F. );
#3604 = CARTESIAN_POINT( '', ( 0.162500000000000, 0.0400000000000000, 0.145000000000000 ) );
#3605 = DIRECTION( '', ( 1.00000000000000, 0.000000000000000, -0.000000000000000 ) );
#3606 = DIRECTION( '', ( -0.000000000000000, 0.000000000000000, -1.00000000000000 ) );
#3607 = SURFACE_STYLE_FILL_AREA( #7159 );
#3608 = ORIENTED_EDGE( '', *, *, #7160, .T. );
#3609 = ORIENTED_EDGE( '', *, *, #7161, .T. );
#3610 = ORIENTED_EDGE( '', *, *, #7162, .T. );
#3611 = ORIENTED_EDGE( '', *, *, #7163, .T. );
#3612 = ORIENTED_EDGE( '', *, *, #7164, .F. );
#3613 = ORIENTED_EDGE( '', *, *, #7165, .T. );
#3614 = ORIENTED_EDGE( '', *, *, #7166, .T. );
#3615 = ORIENTED_EDGE( '', *, *, #7167, .F. );
#3616 = ORIENTED_EDGE( '', *, *, #7168, .T. );
#3617 = ORIENTED_EDGE( '', *, *, #7169, .F. );
#3618 = CARTESIAN_POINT( '', ( -0.237500000000000, 0.0400000000000000, 0.145000000000000 ) );
#3619 = DIRECTION( '', ( 1.00000000000000, 0.000000000000000, -0.000000000000000 ) );
#3620 = DIRECTION( '', ( -0.000000000000000, 0.000000000000000, -1.00000000000000 ) );
#3621 = SURFACE_STYLE_FILL_AREA( #7170 );
#3622 = ORIENTED_EDGE( '', *, *, #7161, .F. );
#3623 = ORIENTED_EDGE( '', *, *, #7171, .T. );
#3624 = ORIENTED_EDGE( '', *, *, #7172, .T. );
#3625 = ORIENTED_EDGE( '', *, *, #7173, .F. );
#3626 = CARTESIAN_POINT( '', ( 0.262500000000000, -0.0225000000000000, -0.0875000000000000 ) );
#3627 = DIRECTION( '', ( 1.00000000000000, -0.000000000000000, -0.000000000000000 ) );
#3628 = DIRECTION( '', ( 0.000000000000000, 0.000000000000000, 1.00000000000000 ) );
#3629 = SURFACE_STYLE_FILL_AREA( #7174 );
#3630 = ORIENTED_EDGE( '', *, *, #7175, .F. );
#3631 = ORIENTED_EDGE( '', *, *, #7176, .F. );
#3632 = ORIENTED_EDGE( '', *, *, #7177, .F. );
#3633 = ORIENTED_EDGE( '', *, *, #7178, .T. );
#3634 = CARTESIAN_POINT( '', ( 0.262500000000000, 0.305000000000000, 0.0562500000000000 ) );
#3635 = DIRECTION( '', ( 0.000000000000000, -0.707106781186549, -0.707106781186546 ) );
#3636 = DIRECTION( '', ( 0.000000000000000, 0.707106781186545, -0.707106781186549 ) );
#3637 = SURFACE_STYLE_FILL_AREA( #7179 );
#3638 = ORIENTED_EDGE( '', *, *, #7180, .F. );
#3639 = ORIENTED_EDGE( '', *, *, #7181, .F. );
#3640 = ORIENTED_EDGE( '', *, *, #7182, .T. );
#3641 = ORIENTED_EDGE( '', *, *, #7183, .F. );
#3642 = CARTESIAN_POINT( '', ( 0.0750000000000000, 0.320000000000000, -0.125000000000000 ) );
#3643 = DIRECTION( '', ( -1.00000000000000, 0.000000000000000, 0.000000000000000 ) );
#3644 = DIRECTION( '', ( 0.000000000000000, 0.000000000000000, 1.00000000000000 ) );
#3645 = SURFACE_STYLE_FILL_AREA( #7184 );
#3646 = ORIENTED_EDGE( '', *, *, #7185, .F. );
#3647 = ORIENTED_EDGE( '', *, *, #7186, .F. );
#3648 = ORIENTED_EDGE( '', *, *, #7187, .F. );
#3649 = ORIENTED_EDGE( '', *, *, #7188, .T. );
#3650 = CARTESIAN_POINT( '', ( 0.330000000000000, 0.0200000000000000, -0.115000000000000 ) );
#3651 = DIRECTION( '', ( 0.000000000000000, 0.000000000000000, -1.00000000000000 ) );
#3652 = DIRECTION( '', ( -1.00000000000000, 0.000000000000000, 0.000000000000000 ) );
#3653 = SURFACE_STYLE_FILL_AREA( #7189 );
#3654 = ORIENTED_EDGE( '', *, *, #7190, .F. );
#3655 = ORIENTED_EDGE( '', *, *, #7191, .T. );
#3656 = ORIENTED_EDGE( '', *, *, #7192, .F. );
#3657 = ORIENTED_EDGE( '', *, *, #7193, .F. );
#3658 = CARTESIAN_POINT( '', ( 0.262500000000000, -0.122500000000000, 0.0375000000000000 ) );
#3659 = DIRECTION( '', ( 0.000000000000000, 0.000000000000000, 1.00000000000000 ) );
#3660 = DIRECTION( '', ( 1.00000000000000, 0.000000000000000, -0.000000000000000 ) );
#3661 = SURFACE_STYLE_FILL_AREA( #7194 );
#3662 = ORIENTED_EDGE( '', *, *, #7195, .F. );
#3663 = ORIENTED_EDGE( '', *, *, #7196, .F. );
#3664 = ORIENTED_EDGE( '', *, *, #7197, .F. );
#3665 = ORIENTED_EDGE( '', *, *, #7198, .F. );
#3666 = ORIENTED_EDGE( '', *, *, #7199, .F. );
#3667 = ORIENTED_EDGE( '', *, *, #7200, .T. );
#3668 = ORIENTED_EDGE( '', *, *, #7201, .F. );
#3669 = ORIENTED_EDGE( '', *, *, #7202, .F. );
#3670 = ORIENTED_EDGE( '', *, *, #7203, .T. );
#3671 = ORIENTED_EDGE( '', *, *, #7204, .T. );
#3672 = CARTESIAN_POINT( '', ( -0.194950000000000, 0.0900000000000000, -0.00500000000000000 ) );
#3673 = DIRECTION( '', ( 0.000000000000000, 0.000000000000000, 1.00000000000000 ) );
#3674 = DIRECTION( '', ( 1.00000000000000, 0.000000000000000, -0.000000000000000 ) );
#3675 = SURFACE_STYLE_FILL_AREA( #7205 );
#3676 = ORIENTED_EDGE( '', *, *, #7206, .T. );
#3677 = ORIENTED_EDGE( '', *, *, #7175, .T. );
#3678 = ORIENTED_EDGE( '', *, *, #7207, .T. );
#3679 = ORIENTED_EDGE( '', *, *, #7208, .T. );
#3680 = ORIENTED_EDGE( '', *, *, #7209, .T. );
#3681 = ORIENTED_EDGE( '', *, *, #7210, .T. );
#3682 = ORIENTED_EDGE( '', *, *, #7211, .T. );
#3683 = ORIENTED_EDGE( '', *, *, #7212, .T. );
#3684 = ORIENTED_EDGE( '', *, *, #7213, .T. );
#3685 = ORIENTED_EDGE( '', *, *, #7214, .T. );
#3686 = ORIENTED_EDGE( '', *, *, #7215, .T. );
#3687 = ORIENTED_EDGE( '', *, *, #7216, .F. );
#3688 = CARTESIAN_POINT( '', ( -0.0625000000000000, 0.0600000000000000, 0.145000000000000 ) );
#3689 = DIRECTION( '', ( -1.00000000000000, 0.000000000000000, 0.000000000000000 ) );
#3690 = DIRECTION( '', ( 0.000000000000000, 0.000000000000000, 1.00000000000000 ) );
#3691 = SURFACE_STYLE_FILL_AREA( #7217 );
#3692 = ORIENTED_EDGE( '', *, *, #7218, .F. );
#3693 = ORIENTED_EDGE( '', *, *, #7219, .T. );
#3694 = ORIENTED_EDGE( '', *, *, #7220, .T. );
#3695 = ORIENTED_EDGE( '', *, *, #7221, .F. );
#3696 = CARTESIAN_POINT( '', ( 0.262500000000000, -0.122500000000000, 0.0125000000000000 ) );
#3697 = DIRECTION( '', ( 1.00000000000000, -0.000000000000000, -0.000000000000000 ) );
#3698 = DIRECTION( '', ( 0.000000000000000, 0.000000000000000, 1.00000000000000 ) );
#3699 = SURFACE_STYLE_FILL_AREA( #7222 );
#3700 = ORIENTED_EDGE( '', *, *, #7223, .T. );
#3701 = ORIENTED_EDGE( '', *, *, #7216, .T. );
#3702 = ORIENTED_EDGE( '', *, *, #7224, .T. );
#3703 = ORIENTED_EDGE( '', *, *, #7225, .F. );
#3704 = CARTESIAN_POINT( '', ( -0.137500000000000, 0.0600000000000000, 0.145000000000000 ) );
#3705 = DIRECTION( '', ( 0.000000000000000, 1.00000000000000, 0.000000000000000 ) );
#3706 = DIRECTION( '', ( 0.000000000000000, -0.000000000000000, 1.00000000000000 ) );
#3707 = SURFACE_STYLE_FILL_AREA( #7226 );
#3708 = ORIENTED_EDGE( '', *, *, #7208, .F. );
#3709 = ORIENTED_EDGE( '', *, *, #7227, .F. );
#3710 = ORIENTED_EDGE( '', *, *, #7228, .F. );
#3711 = ORIENTED_EDGE( '', *, *, #7229, .T. );
#3712 = CARTESIAN_POINT( '', ( 0.262500000000000, 0.298750000000000, 0.0375000000000000 ) );
#3713 = DIRECTION( '', ( 0.000000000000000, -0.707106781186549, 0.707106781186546 ) );
#3714 = DIRECTION( '', ( 0.000000000000000, -0.707106781186546, -0.707106781186549 ) );
#3715 = SURFACE_STYLE_FILL_AREA( #7230 );
#3716 = ORIENTED_EDGE( '', *, *, #7231, .T. );
#3717 = ORIENTED_EDGE( '', *, *, #7232, .F. );
#3718 = ORIENTED_EDGE( '', *, *, #7233, .T. );
#3719 = ORIENTED_EDGE( '', *, *, #7234, .T. );
#3720 = CARTESIAN_POINT( '', ( 0.0266666807966336, 0.200000000000000, 0.0500000000000000 ) );
#3721 = DIRECTION( '', ( 0.000000000000000, 1.00000000000000, 0.000000000000000 ) );
#3722 = DIRECTION( '', ( 0.000000000000000, -0.000000000000000, 1.00000000000000 ) );
#3723 = SURFACE_STYLE_FILL_AREA( #7235 );
#3724 = ORIENTED_EDGE( '', *, *, #7236, .T. );
#3725 = ORIENTED_EDGE( '', *, *, #7237, .F. );
#3726 = ORIENTED_EDGE( '', *, *, #7238, .T. );
#3727 = ORIENTED_EDGE( '', *, *, #7239, .T. );
#3728 = CARTESIAN_POINT( '', ( 0.223000000000000, 0.305000000000000, 0.0500000000000000 ) );
#3729 = DIRECTION( '', ( 0.999390827019096, 0.0348994967025018, -0.000000000000000 ) );
#3730 = DIRECTION( '', ( -0.0348994967025018, 0.999390827019096, 0.000000000000000 ) );
#3731 = SURFACE_STYLE_FILL_AREA( #7240 );
#3732 = ORIENTED_EDGE( '', *, *, #7241, .F. );
#3733 = ORIENTED_EDGE( '', *, *, #7242, .T. );
#3734 = ORIENTED_EDGE( '', *, *, #7243, .T. );
#3735 = ORIENTED_EDGE( '', *, *, #7244, .F. );
#3736 = CARTESIAN_POINT( '', ( 0.262500000000000, -0.122500000000000, 0.0125000000000000 ) );
#3737 = DIRECTION( '', ( 1.00000000000000, -0.000000000000000, -0.000000000000000 ) );
#3738 = DIRECTION( '', ( 0.000000000000000, 0.000000000000000, 1.00000000000000 ) );
#3739 = SURFACE_STYLE_FILL_AREA( #7245 );
#3740 = ORIENTED_EDGE( '', *, *, #7246, .F. );
#3741 = ORIENTED_EDGE( '', *, *, #7247, .T. );
#3742 = ORIENTED_EDGE( '', *, *, #7248, .F. );
#3743 = ORIENTED_EDGE( '', *, *, #7249, .F. );
#3744 = CARTESIAN_POINT( '', ( 0.262500000000000, -0.153750000000000, -0.230000000000000 ) );
#3745 = DIRECTION( '', ( 0.000000000000000, -0.707106781186548, 0.707106781186548 ) );
#3746 = DIRECTION( '', ( 0.000000000000000, -0.707106781186547, -0.707106781186547 ) );
#3747 = SURFACE_STYLE_FILL_AREA( #7250 );
#3748 = ORIENTED_EDGE( '', *, *, #7251, .F. );
#3749 = ORIENTED_EDGE( '', *, *, #7252, .T. );
#3750 = ORIENTED_EDGE( '', *, *, #7253, .T. );
#3751 = ORIENTED_EDGE( '', *, *, #7219, .F. );
#3752 = ORIENTED_EDGE( '', *, *, #7254, .F. );
#3753 = ORIENTED_EDGE( '', *, *, #7255, .F. );
#3754 = ORIENTED_EDGE( '', *, *, #7256, .F. );
#3755 = ORIENTED_EDGE( '', *, *, #7257, .F. );
#3756 = ORIENTED_EDGE( '', *, *, #7258, .F. );
#3757 = ORIENTED_EDGE( '', *, *, #7259, .F. );
#3758 = ORIENTED_EDGE( '', *, *, #7260, .F. );
#3759 = ORIENTED_EDGE( '', *, *, #7261, .F. );
#3760 = ORIENTED_EDGE( '', *, *, #7117, .F. );
#3761 = ORIENTED_EDGE( '', *, *, #7262, .F. );
#3762 = ORIENTED_EDGE( '', *, *, #7263, .F. );
#3763 = ORIENTED_EDGE( '', *, *, #7264, .F. );
#3764 = ORIENTED_EDGE( '', *, *, #7265, .F. );
#3765 = ORIENTED_EDGE( '', *, *, #7266, .F. );
#3766 = ORIENTED_EDGE( '', *, *, #7267, .F. );
#3767 = ORIENTED_EDGE( '', *, *, #7268, .F. );
#3768 = ORIENTED_EDGE( '', *, *, #7269, .F. );
#3769 = ORIENTED_EDGE( '', *, *, #7270, .F. );
#3770 = ORIENTED_EDGE( '', *, *, #7271, .F. );
#3771 = ORIENTED_EDGE( '', *, *, #7272, .F. );
#3772 = ORIENTED_EDGE( '', *, *, #7273, .F. );
#3773 = ORIENTED_EDGE( '', *, *, #7140, .T. );
#3774 = ORIENTED_EDGE( '', *, *, #7274, .F. );
#3775 = ORIENTED_EDGE( '', *, *, #7275, .F. );
#3776 = ORIENTED_EDGE( '', *, *, #7276, .F. );
#3777 = ORIENTED_EDGE( '', *, *, #7277, .T. );
#3778 = ORIENTED_EDGE( '', *, *, #7278, .F. );
#3779 = ORIENTED_EDGE( '', *, *, #7279, .F. );
#3780 = ORIENTED_EDGE( '', *, *, #7280, .F. );
#3781 = ORIENTED_EDGE( '', *, *, #7281, .T. );
#3782 = ORIENTED_EDGE( '', *, *, #7282, .F. );
#3783 = ORIENTED_EDGE( '', *, *, #7283, .F. );
#3784 = ORIENTED_EDGE( '', *, *, #7284, .F. );
#3785 = ORIENTED_EDGE( '', *, *, #7176, .T. );
#3786 = ORIENTED_EDGE( '', *, *, #7206, .F. );
#3787 = ORIENTED_EDGE( '', *, *, #7223, .F. );
#3788 = ORIENTED_EDGE( '', *, *, #7285, .F. );
#3789 = ORIENTED_EDGE( '', *, *, #7286, .T. );
#3790 = ORIENTED_EDGE( '', *, *, #7093, .F. );
#3791 = ORIENTED_EDGE( '', *, *, #7287, .F. );
#3792 = CARTESIAN_POINT( '', ( 0.262500000000000, 0.298750000000000, 0.0625000000000000 ) );
#3793 = DIRECTION( '', ( 0.000000000000000, 0.000000000000000, -1.00000000000000 ) );
#3794 = DIRECTION( '', ( -1.00000000000000, 0.000000000000000, 0.000000000000000 ) );
#3795 = SURFACE_STYLE_FILL_AREA( #7288 );
#3796 = ORIENTED_EDGE( '', *, *, #7289, .F. );
#3797 = ORIENTED_EDGE( '', *, *, #7056, .T. );
#3798 = ORIENTED_EDGE( '', *, *, #7290, .T. );
#3799 = ORIENTED_EDGE( '', *, *, #7050, .F. );
#3800 = CARTESIAN_POINT( '', ( 0.330000000000000, 0.000000000000000, -0.115000000000000 ) );
#3801 = DIRECTION( '', ( -0.000000000000000, 1.00000000000000, 0.000000000000000 ) );
#3802 = DIRECTION( '', ( 0.000000000000000, -0.000000000000000, 1.00000000000000 ) );
#3803 = SURFACE_STYLE_FILL_AREA( #7291 );
#3804 = ORIENTED_EDGE( '', *, *, #7292, .F. );
#3805 = ORIENTED_EDGE( '', *, *, #7293, .F. );
#3806 = ORIENTED_EDGE( '', *, *, #7294, .T. );
#3807 = ORIENTED_EDGE( '', *, *, #7295, .F. );
#3808 = ORIENTED_EDGE( '', *, *, #7296, .T. );
#3809 = ORIENTED_EDGE( '', *, *, #7297, .T. );
#3810 = ORIENTED_EDGE( '', *, *, #7298, .T. );
#3811 = ORIENTED_EDGE( '', *, *, #7299, .F. );
#3812 = ORIENTED_EDGE( '', *, *, #7300, .T. );
#3813 = ORIENTED_EDGE( '', *, *, #7301, .T. );
#3814 = ORIENTED_EDGE( '', *, *, #7302, .T. );
#3815 = ORIENTED_EDGE( '', *, *, #7303, .F. );
#3816 = CARTESIAN_POINT( '', ( -0.0750000000000000, 0.320000000000000, -0.125000000000000 ) );
#3817 = DIRECTION( '', ( 0.000000000000000, -0.000000000000000, 1.00000000000000 ) );
#3818 = DIRECTION( '', ( 1.00000000000000, 0.000000000000000, -0.000000000000000 ) );
#3819 = SURFACE_STYLE_FILL_AREA( #7304 );
#3820 = ORIENTED_EDGE( '', *, *, #7289, .T. );
#3821 = ORIENTED_EDGE( '', *, *, #7049, .F. );
#3822 = ORIENTED_EDGE( '', *, *, #7305, .F. );
#3823 = ORIENTED_EDGE( '', *, *, #7292, .T. );
#3824 = ORIENTED_EDGE( '', *, *, #7306, .F. );
#3825 = ORIENTED_EDGE( '', *, *, #7053, .T. );
#3826 = CARTESIAN_POINT( '', ( -0.307500000000000, 0.0200000000000000, 0.145000000000000 ) );
#3827 = DIRECTION( '', ( 1.00000000000000, 0.000000000000000, -0.000000000000000 ) );
#3828 = DIRECTION( '', ( -0.000000000000000, 0.000000000000000, -1.00000000000000 ) );
#3829 = SURFACE_STYLE_FILL_AREA( #7307 );
#3830 = ORIENTED_EDGE( '', *, *, #7308, .T. );
#3831 = ORIENTED_EDGE( '', *, *, #7309, .F. );
#3832 = ORIENTED_EDGE( '', *, *, #7310, .T. );
#3833 = ORIENTED_EDGE( '', *, *, #7311, .F. );
#3834 = CARTESIAN_POINT( '', ( 0.325000000000000, 0.320000000000000, -0.0250000000000000 ) );
#3835 = DIRECTION( '', ( 0.000000000000000, 0.000000000000000, -1.00000000000000 ) );
#3836 = DIRECTION( '', ( -1.00000000000000, 0.000000000000000, 0.000000000000000 ) );
#3837 = SURFACE_STYLE_FILL_AREA( #7312 );
#3838 = ORIENTED_EDGE( '', *, *, #7110, .T. );
#3839 = ORIENTED_EDGE( '', *, *, #7313, .F. );
#3840 = ORIENTED_EDGE( '', *, *, #7314, .T. );
#3841 = ORIENTED_EDGE( '', *, *, #7315, .T. );
#3842 = CARTESIAN_POINT( '', ( 0.177000000000000, 0.305000000000000, 0.0500000000000000 ) );
#3843 = DIRECTION( '', ( -0.848048096156426, 0.529919264233205, 0.000000000000000 ) );
#3844 = DIRECTION( '', ( -0.529919264233205, -0.848048096156426, 0.000000000000000 ) );
#3845 = SURFACE_STYLE_FILL_AREA( #7316 );
#3846 = ORIENTED_EDGE( '', *, *, #7317, .F. );
#3847 = ORIENTED_EDGE( '', *, *, #7318, .T. );
#3848 = ORIENTED_EDGE( '', *, *, #7319, .F. );
#3849 = ORIENTED_EDGE( '', *, *, #7320, .F. );
#3850 = ORIENTED_EDGE( '', *, *, #7321, .T. );
#3851 = ORIENTED_EDGE( '', *, *, #7322, .T. );
#3852 = ORIENTED_EDGE( '', *, *, #7323, .F. );
#3853 = ORIENTED_EDGE( '', *, *, #7324, .F. );
#3854 = ORIENTED_EDGE( '', *, *, #7325, .F. );
#3855 = ORIENTED_EDGE( '', *, *, #7326, .F. );
#3856 = CARTESIAN_POINT( '', ( -0.105050000000000, 0.0900000000000000, 0.00510000000000000 ) );
#3857 = DIRECTION( '', ( 0.000000000000000, 0.000000000000000, -1.00000000000000 ) );
#3858 = DIRECTION( '', ( -1.00000000000000, 0.000000000000000, 0.000000000000000 ) );
#3859 = SURFACE_STYLE_FILL_AREA( #7327 );
#3860 = ORIENTED_EDGE( '', *, *, #7328, .F. );
#3861 = ORIENTED_EDGE( '', *, *, #7329, .T. );
#3862 = ORIENTED_EDGE( '', *, *, #7330, .F. );
#3863 = ORIENTED_EDGE( '', *, *, #7088, .F. );
#3864 = ORIENTED_EDGE( '', *, *, #7331, .T. );
#3865 = ORIENTED_EDGE( '', *, *, #7332, .T. );
#3866 = ORIENTED_EDGE( '', *, *, #7333, .F. );
#3867 = ORIENTED_EDGE( '', *, *, #7334, .F. );
#3868 = ORIENTED_EDGE( '', *, *, #7335, .F. );
#3869 = ORIENTED_EDGE( '', *, *, #7238, .F. );
#3870 = CARTESIAN_POINT( '', ( 0.294950000000000, 0.0900000000000000, 0.00510000000000000 ) );
#3871 = DIRECTION( '', ( 0.000000000000000, 0.000000000000000, -1.00000000000000 ) );
#3872 = DIRECTION( '', ( -1.00000000000000, 0.000000000000000, 0.000000000000000 ) );
#3873 = SURFACE_STYLE_FILL_AREA( #7336 );
#3874 = ORIENTED_EDGE( '', *, *, #7337, .T. );
#3875 = ORIENTED_EDGE( '', *, *, #7338, .F. );
#3876 = ORIENTED_EDGE( '', *, *, #7339, .F. );
#3877 = ORIENTED_EDGE( '', *, *, #7340, .T. );
#3878 = CARTESIAN_POINT( '', ( 0.0500000000000000, 0.245000000000000, 0.165000000000000 ) );
#3879 = DIRECTION( '', ( 0.000000000000000, 0.000000000000000, -1.00000000000000 ) );
#3880 = DIRECTION( '', ( -1.00000000000000, 0.000000000000000, 0.000000000000000 ) );
#3881 = SURFACE_STYLE_FILL_AREA( #7341 );
#3882 = ORIENTED_EDGE( '', *, *, #7342, .F. );
#3883 = ORIENTED_EDGE( '', *, *, #7343, .F. );
#3884 = ORIENTED_EDGE( '', *, *, #7344, .F. );
#3885 = ORIENTED_EDGE( '', *, *, #7186, .T. );
#3886 = CARTESIAN_POINT( '', ( 0.330000000000000, 0.000000000000000, -0.115000000000000 ) );
#3887 = DIRECTION( '', ( -0.000000000000000, 1.00000000000000, 0.000000000000000 ) );
#3888 = DIRECTION( '', ( 0.000000000000000, -0.000000000000000, 1.00000000000000 ) );
#3889 = SURFACE_STYLE_FILL_AREA( #7345 );
#3890 = ORIENTED_EDGE( '', *, *, #7346, .T. );
#3891 = ORIENTED_EDGE( '', *, *, #7076, .F. );
#3892 = ORIENTED_EDGE( '', *, *, #7347, .F. );
#3893 = ORIENTED_EDGE( '', *, *, #7348, .T. );
#3894 = CARTESIAN_POINT( '', ( 0.00505000000000006, 0.0900000000000000, 0.00510000000000000 ) );
#3895 = DIRECTION( '', ( -1.00000000000000, 0.000000000000000, 0.000000000000000 ) );
#3896 = DIRECTION( '', ( 0.000000000000000, 0.000000000000000, 1.00000000000000 ) );
#3897 = SURFACE_STYLE_FILL_AREA( #7349 );
#3898 = ORIENTED_EDGE( '', *, *, #7350, .F. );
#3899 = ORIENTED_EDGE( '', *, *, #7351, .T. );
#3900 = ORIENTED_EDGE( '', *, *, #7352, .F. );
#3901 = ORIENTED_EDGE( '', *, *, #7353, .F. );
#3902 = CARTESIAN_POINT( '', ( 0.330000000000000, 0.000000000000000, 0.115000000000000 ) );
#3903 = DIRECTION( '', ( 0.000000000000000, 0.000000000000000, 1.00000000000000 ) );
#3904 = DIRECTION( '', ( 1.00000000000000, 0.000000000000000, -0.000000000000000 ) );
#3905 = SURFACE_STYLE_FILL_AREA( #7354 );
#3906 = ORIENTED_EDGE( '', *, *, #7269, .T. );
#3907 = ORIENTED_EDGE( '', *, *, #7355, .T. );
#3908 = ORIENTED_EDGE( '', *, *, #7356, .T. );
#3909 = ORIENTED_EDGE( '', *, *, #7357, .T. );
#3910 = ORIENTED_EDGE( '', *, *, #7358, .F. );
#3911 = ORIENTED_EDGE( '', *, *, #7359, .T. );
#3912 = ORIENTED_EDGE( '', *, *, #7360, .T. );
#3913 = ORIENTED_EDGE( '', *, *, #7361, .F. );
#3914 = ORIENTED_EDGE( '', *, *, #7362, .T. );
#3915 = ORIENTED_EDGE( '', *, *, #7363, .F. );
#3916 = CARTESIAN_POINT( '', ( 0.162500000000000, 0.0400000000000000, 0.145000000000000 ) );
#3917 = DIRECTION( '', ( 1.00000000000000, 0.000000000000000, -0.000000000000000 ) );
#3918 = DIRECTION( '', ( -0.000000000000000, 0.000000000000000, -1.00000000000000 ) );
#3919 = SURFACE_STYLE_FILL_AREA( #7364 );
#3920 = ORIENTED_EDGE( '', *, *, #7365, .T. );
#3921 = ORIENTED_EDGE( '', *, *, #7366, .F. );
#3922 = ORIENTED_EDGE( '', *, *, #7367, .T. );
#3923 = ORIENTED_EDGE( '', *, *, #7368, .T. );
#3924 = CARTESIAN_POINT( '', ( 0.335000000000000, 0.320000000000000, 0.0250000000000000 ) );
#3925 = DIRECTION( '', ( 0.000000000000000, -0.000000000000000, 1.00000000000000 ) );
#3926 = DIRECTION( '', ( 1.00000000000000, 0.000000000000000, -0.000000000000000 ) );
#3927 = SURFACE_STYLE_FILL_AREA( #7369 );
#3928 = ORIENTED_EDGE( '', *, *, #7370, .T. );
#3929 = ORIENTED_EDGE( '', *, *, #7371, .T. );
#3930 = ORIENTED_EDGE( '', *, *, #7372, .T. );
#3931 = ORIENTED_EDGE( '', *, *, #7373, .T. );
#3932 = CARTESIAN_POINT( '', ( 0.200000000000000, 0.0900000000000000, -6.40276873515062E-18 ) );
#3933 = DIRECTION( '', ( 0.000000000000000, 1.00000000000000, -0.000000000000000 ) );
#3934 = DIRECTION( '', ( 0.000000000000000, 0.000000000000000, 1.00000000000000 ) );
#3935 = SURFACE_STYLE_FILL_AREA( #7374 );
#3936 = ORIENTED_EDGE( '', *, *, #7375, .F. );
#3937 = ORIENTED_EDGE( '', *, *, #7376, .F. );
#3938 = ORIENTED_EDGE( '', *, *, #7377, .F. );
#3939 = ORIENTED_EDGE( '', *, *, #7378, .T. );
#3940 = CARTESIAN_POINT( '', ( 0.262500000000000, -0.0537500000000000, -0.230000000000000 ) );
#3941 = DIRECTION( '', ( 0.000000000000000, -0.707106781186548, 0.707106781186548 ) );
#3942 = DIRECTION( '', ( 0.000000000000000, -0.707106781186547, -0.707106781186547 ) );
#3943 = SURFACE_STYLE_FILL_AREA( #7379 );
#3944 = ORIENTED_EDGE( '', *, *, #7358, .T. );
#3945 = ORIENTED_EDGE( '', *, *, #7380, .T. );
#3946 = ORIENTED_EDGE( '', *, *, #7381, .T. );
#3947 = ORIENTED_EDGE( '', *, *, #7382, .F. );
#3948 = CARTESIAN_POINT( '', ( 0.262500000000000, -0.166250000000000, -0.230000000000000 ) );
#3949 = DIRECTION( '', ( 0.000000000000000, 0.000000000000000, 1.00000000000000 ) );
#3950 = DIRECTION( '', ( 1.00000000000000, 0.000000000000000, -0.000000000000000 ) );
#3951 = SURFACE_STYLE_FILL_AREA( #7383 );
#3952 = ORIENTED_EDGE( '', *, *, #7384, .F. );
#3953 = ORIENTED_EDGE( '', *, *, #7385, .F. );
#3954 = ORIENTED_EDGE( '', *, *, #7386, .F. );
#3955 = ORIENTED_EDGE( '', *, *, #7387, .T. );
#3956 = CARTESIAN_POINT( '', ( 0.262500000000000, 0.305000000000000, -0.0562500000000000 ) );
#3957 = DIRECTION( '', ( 0.000000000000000, -1.00000000000000, 0.000000000000000 ) );
#3958 = DIRECTION( '', ( 0.000000000000000, 0.000000000000000, -1.00000000000000 ) );
#3959 = SURFACE_STYLE_FILL_AREA( #7388 );
#3960 = ORIENTED_EDGE( '', *, *, #7317, .T. );
#3961 = ORIENTED_EDGE( '', *, *, #7389, .T. );
#3962 = ORIENTED_EDGE( '', *, *, #7195, .T. );
#3963 = ORIENTED_EDGE( '', *, *, #7390, .T. );
#3964 = CARTESIAN_POINT( '', ( -0.188247648334368, 0.323000000000000, 0.0500000000000000 ) );
#3965 = DIRECTION( '', ( 0.848048096156426, 0.529919264233205, -0.000000000000000 ) );
#3966 = DIRECTION( '', ( -0.529919264233205, 0.848048096156426, 0.000000000000000 ) );
#3967 = SURFACE_STYLE_FILL_AREA( #7391 );
#3968 = ORIENTED_EDGE( '', *, *, #7392, .T. );
#3969 = ORIENTED_EDGE( '', *, *, #7393, .T. );
#3970 = ORIENTED_EDGE( '', *, *, #7394, .F. );
#3971 = ORIENTED_EDGE( '', *, *, #7395, .T. );
#3972 = CARTESIAN_POINT( '', ( 0.262500000000000, -0.0225000000000000, -0.0875000000000000 ) );
#3973 = DIRECTION( '', ( 1.00000000000000, -0.000000000000000, -0.000000000000000 ) );
#3974 = DIRECTION( '', ( 0.000000000000000, 0.000000000000000, 1.00000000000000 ) );
#3975 = SURFACE_STYLE_FILL_AREA( #7396 );
#3976 = ORIENTED_EDGE( '', *, *, #7397, .F. );
#3977 = ORIENTED_EDGE( '', *, *, #7387, .F. );
#3978 = ORIENTED_EDGE( '', *, *, #7398, .F. );
#3979 = ORIENTED_EDGE( '', *, *, #7399, .T. );
#3980 = CARTESIAN_POINT( '', ( 0.262500000000000, 0.298750000000000, -0.0625000000000000 ) );
#3981 = DIRECTION( '', ( 0.000000000000000, -0.707106781186549, 0.707106781186546 ) );
#3982 = DIRECTION( '', ( 0.000000000000000, -0.707106781186545, -0.707106781186549 ) );
#3983 = SURFACE_STYLE_FILL_AREA( #7400 );
#3984 = ORIENTED_EDGE( '', *, *, #7401, .T. );
#3985 = ORIENTED_EDGE( '', *, *, #7402, .T. );
#3986 = ORIENTED_EDGE( '', *, *, #7403, .T. );
#3987 = ORIENTED_EDGE( '', *, *, #7404, .F. );
#3988 = CARTESIAN_POINT( '', ( 0.262500000000000, -0.0662500000000000, -0.230000000000000 ) );
#3989 = DIRECTION( '', ( 0.000000000000000, 0.000000000000000, 1.00000000000000 ) );
#3990 = DIRECTION( '', ( 1.00000000000000, 0.000000000000000, -0.000000000000000 ) );
#3991 = SURFACE_STYLE_FILL_AREA( #7405 );
#3992 = ORIENTED_EDGE( '', *, *, #7406, .F. );
#3993 = ORIENTED_EDGE( '', *, *, #7407, .T. );
#3994 = ORIENTED_EDGE( '', *, *, #7408, .F. );
#3995 = ORIENTED_EDGE( '', *, *, #7409, .F. );
#3996 = CARTESIAN_POINT( '', ( 0.262500000000000, -0.0475000000000000, -0.223750000000000 ) );
#3997 = DIRECTION( '', ( 0.000000000000000, -1.00000000000000, -1.25314128149737E-16 ) );
#3998 = DIRECTION( '', ( 0.000000000000000, 1.25314128149737E-16, -1.00000000000000 ) );
#3999 = SURFACE_STYLE_FILL_AREA( #7410 );
#4000 = ORIENTED_EDGE( '', *, *, #7411, .F. );
#4001 = ORIENTED_EDGE( '', *, *, #7412, .T. );
#4002 = ORIENTED_EDGE( '', *, *, #7413, .F. );
#4003 = ORIENTED_EDGE( '', *, *, #7414, .F. );
#4004 = CARTESIAN_POINT( '', ( 0.262500000000000, -0.0725000000000000, -0.0875000000000000 ) );
#4005 = DIRECTION( '', ( -0.000000000000000, 1.00000000000000, 1.25314128149737E-16 ) );
#4006 = DIRECTION( '', ( 0.000000000000000, -1.25314128149737E-16, 1.00000000000000 ) );
#4007 = SURFACE_STYLE_FILL_AREA( #7415 );
#4008 = ORIENTED_EDGE( '', *, *, #7416, .F. );
#4009 = ORIENTED_EDGE( '', *, *, #7417, .T. );
#4010 = ORIENTED_EDGE( '', *, *, #7418, .T. );
#4011 = ORIENTED_EDGE( '', *, *, #7419, .F. );
#4012 = CARTESIAN_POINT( '', ( 0.0825000000000000, 0.000000000000000, 0.145000000000000 ) );
#4013 = DIRECTION( '', ( -1.00000000000000, 0.000000000000000, 0.000000000000000 ) );
#4014 = DIRECTION( '', ( 0.000000000000000, 0.000000000000000, 1.00000000000000 ) );
#4015 = SURFACE_STYLE_FILL_AREA( #7420 );
#4016 = ORIENTED_EDGE( '', *, *, #7421, .F. );
#4017 = ORIENTED_EDGE( '', *, *, #7422, .F. );
#4018 = ORIENTED_EDGE( '', *, *, #7423, .T. );
#4019 = ORIENTED_EDGE( '', *, *, #7424, .F. );
#4020 = CARTESIAN_POINT( '', ( 0.330000000000000, 0.000000000000000, 0.145000000000000 ) );
#4021 = DIRECTION( '', ( -0.000000000000000, 1.00000000000000, 0.000000000000000 ) );
#4022 = DIRECTION( '', ( 0.000000000000000, -0.000000000000000, 1.00000000000000 ) );
#4023 = SURFACE_STYLE_FILL_AREA( #7425 );
#4024 = ORIENTED_EDGE( '', *, *, #7118, .F. );
#4025 = ORIENTED_EDGE( '', *, *, #7261, .T. );
#4026 = ORIENTED_EDGE( '', *, *, #7426, .F. );
#4027 = ORIENTED_EDGE( '', *, *, #7427, .F. );
#4028 = CARTESIAN_POINT( '', ( 0.262500000000000, -0.122500000000000, 0.0125000000000000 ) );
#4029 = DIRECTION( '', ( 1.00000000000000, -0.000000000000000, -0.000000000000000 ) );
#4030 = DIRECTION( '', ( 0.000000000000000, 0.000000000000000, 1.00000000000000 ) );
#4031 = SURFACE_STYLE_FILL_AREA( #7428 );
#4032 = ORIENTED_EDGE( '', *, *, #7429, .F. );
#4033 = ORIENTED_EDGE( '', *, *, #7430, .T. );
#4034 = ORIENTED_EDGE( '', *, *, #7431, .F. );
#4035 = ORIENTED_EDGE( '', *, *, #7370, .F. );
#4036 = ORIENTED_EDGE( '', *, *, #7432, .T. );
#4037 = ORIENTED_EDGE( '', *, *, #7433, .T. );
#4038 = ORIENTED_EDGE( '', *, *, #7434, .F. );
#4039 = ORIENTED_EDGE( '', *, *, #7435, .F. );
#4040 = ORIENTED_EDGE( '', *, *, #7065, .F. );
#4041 = ORIENTED_EDGE( '', *, *, #7436, .F. );
#4042 = CARTESIAN_POINT( '', ( -0.00505000000000002, 0.0900000000000000, 0.00510000000000000 ) );
#4043 = DIRECTION( '', ( 0.000000000000000, 0.000000000000000, -1.00000000000000 ) );
#4044 = DIRECTION( '', ( -1.00000000000000, 0.000000000000000, 0.000000000000000 ) );
#4045 = SURFACE_STYLE_FILL_AREA( #7437 );
#4046 = ORIENTED_EDGE( '', *, *, #7166, .F. );
#4047 = ORIENTED_EDGE( '', *, *, #7438, .T. );
#4048 = ORIENTED_EDGE( '', *, *, #7439, .T. );
#4049 = ORIENTED_EDGE( '', *, *, #7440, .F. );
#4050 = CARTESIAN_POINT( '', ( 0.262500000000000, -0.0475000000000000, -0.223750000000000 ) );
#4051 = DIRECTION( '', ( 0.000000000000000, -1.00000000000000, -1.25314128149737E-16 ) );
#4052 = DIRECTION( '', ( 0.000000000000000, 1.25314128149737E-16, -1.00000000000000 ) );
#4053 = SURFACE_STYLE_FILL_AREA( #7441 );
#4054 = ORIENTED_EDGE( '', *, *, #7280, .T. );
#4055 = ORIENTED_EDGE( '', *, *, #7442, .T. );
#4056 = ORIENTED_EDGE( '', *, *, #7443, .T. );
#4057 = ORIENTED_EDGE( '', *, *, #7444, .T. );
#4058 = ORIENTED_EDGE( '', *, *, #7445, .T. );
#4059 = ORIENTED_EDGE( '', *, *, #7446, .T. );
#4060 = ORIENTED_EDGE( '', *, *, #7447, .T. );
#4061 = ORIENTED_EDGE( '', *, *, #7448, .T. );
#4062 = ORIENTED_EDGE( '', *, *, #7449, .T. );
#4063 = ORIENTED_EDGE( '', *, *, #7450, .T. );
#4064 = ORIENTED_EDGE( '', *, *, #7451, .T. );
#4065 = ORIENTED_EDGE( '', *, *, #7452, .T. );
#4066 = CARTESIAN_POINT( '', ( 0.0625000000000000, 0.325000000000000, 0.145000000000000 ) );
#4067 = DIRECTION( '', ( 1.00000000000000, 0.000000000000000, -0.000000000000000 ) );
#4068 = DIRECTION( '', ( -0.000000000000000, 0.000000000000000, -1.00000000000000 ) );
#4069 = SURFACE_STYLE_FILL_AREA( #7453 );
#4070 = ORIENTED_EDGE( '', *, *, #7454, .F. );
#4071 = ORIENTED_EDGE( '', *, *, #7147, .T. );
#4072 = ORIENTED_EDGE( '', *, *, #7455, .F. );
#4073 = ORIENTED_EDGE( '', *, *, #7456, .F. );
#4074 = CARTESIAN_POINT( '', ( 0.330000000000000, 0.000000000000000, 0.115000000000000 ) );
#4075 = DIRECTION( '', ( 0.000000000000000, 0.000000000000000, 1.00000000000000 ) );
#4076 = DIRECTION( '', ( 1.00000000000000, 0.000000000000000, -0.000000000000000 ) );
#4077 = SURFACE_STYLE_FILL_AREA( #7457 );
#4078 = ORIENTED_EDGE( '', *, *, #7458, .T. );
#4079 = ORIENTED_EDGE( '', *, *, #7459, .T. );
#4080 = ORIENTED_EDGE( '', *, *, #7460, .F. );
#4081 = ORIENTED_EDGE( '', *, *, #7461, .F. );
#4082 = CARTESIAN_POINT( '', ( 0.0175000000000000, 0.0200000000000000, 0.145000000000000 ) );
#4083 = DIRECTION( '', ( 1.00000000000000, 0.000000000000000, -0.000000000000000 ) );
#4084 = DIRECTION( '', ( -0.000000000000000, 0.000000000000000, -1.00000000000000 ) );
#4085 = SURFACE_STYLE_FILL_AREA( #7462 );
#4086 = ORIENTED_EDGE( '', *, *, #7463, .F. );
#4087 = ORIENTED_EDGE( '', *, *, #7464, .T. );
#4088 = ORIENTED_EDGE( '', *, *, #7465, .T. );
#4089 = ORIENTED_EDGE( '', *, *, #7466, .F. );
#4090 = CARTESIAN_POINT( '', ( 0.117500000000000, 0.0200000000000000, 0.145000000000000 ) );
#4091 = DIRECTION( '', ( 1.00000000000000, 0.000000000000000, -0.000000000000000 ) );
#4092 = DIRECTION( '', ( -0.000000000000000, 0.000000000000000, -1.00000000000000 ) );
#4093 = SURFACE_STYLE_FILL_AREA( #7467 );
#4094 = ORIENTED_EDGE( '', *, *, #7468, .F. );
#4095 = ORIENTED_EDGE( '', *, *, #7469, .F. );
#4096 = ORIENTED_EDGE( '', *, *, #7470, .F. );
#4097 = ORIENTED_EDGE( '', *, *, #7471, .T. );
#4098 = CARTESIAN_POINT( '', ( 0.262500000000000, -0.147500000000000, -0.223750000000000 ) );
#4099 = DIRECTION( '', ( 0.000000000000000, -1.00000000000000, -7.22711109434990E-17 ) );
#4100 = DIRECTION( '', ( 0.000000000000000, 7.22711109434990E-17, -1.00000000000000 ) );
#4101 = SURFACE_STYLE_FILL_AREA( #7472 );
#4102 = ORIENTED_EDGE( '', *, *, #7473, .T. );
#4103 = ORIENTED_EDGE( '', *, *, #7474, .F. );
#4104 = ORIENTED_EDGE( '', *, *, #7475, .F. );
#4105 = ORIENTED_EDGE( '', *, *, #7476, .T. );
#4106 = CARTESIAN_POINT( '', ( 0.105050000000000, 0.0900000000000000, 0.115000000000000 ) );
#4107 = DIRECTION( '', ( 0.000000000000000, 0.000000000000000, 1.00000000000000 ) );
#4108 = DIRECTION( '', ( 1.00000000000000, 0.000000000000000, -0.000000000000000 ) );
#4109 = SURFACE_STYLE_FILL_AREA( #7477 );
#4110 = ORIENTED_EDGE( '', *, *, #7464, .F. );
#4111 = ORIENTED_EDGE( '', *, *, #7478, .F. );
#4112 = ORIENTED_EDGE( '', *, *, #7419, .T. );
#4113 = ORIENTED_EDGE( '', *, *, #7479, .F. );
#4114 = CARTESIAN_POINT( '', ( 0.330000000000000, 0.000000000000000, 0.145000000000000 ) );
#4115 = DIRECTION( '', ( -0.000000000000000, 1.00000000000000, 0.000000000000000 ) );
#4116 = DIRECTION( '', ( 0.000000000000000, -0.000000000000000, 1.00000000000000 ) );
#4117 = SURFACE_STYLE_FILL_AREA( #7480 );
#4118 = ORIENTED_EDGE( '', *, *, #7271, .T. );
#4119 = ORIENTED_EDGE( '', *, *, #7481, .T. );
#4120 = ORIENTED_EDGE( '', *, *, #7482, .T. );
#4121 = ORIENTED_EDGE( '', *, *, #7483, .F. );
#4122 = ORIENTED_EDGE( '', *, *, #7468, .T. );
#4123 = ORIENTED_EDGE( '', *, *, #7484, .T. );
#4124 = ORIENTED_EDGE( '', *, *, #7485, .F. );
#4125 = ORIENTED_EDGE( '', *, *, #7486, .T. );
#4126 = ORIENTED_EDGE( '', *, *, #7487, .T. );
#4127 = ORIENTED_EDGE( '', *, *, #7488, .T. );
#4128 = CARTESIAN_POINT( '', ( 0.237500000000000, -0.200000000000000, 0.145000000000000 ) );
#4129 = DIRECTION( '', ( -1.00000000000000, 0.000000000000000, 0.000000000000000 ) );
#4130 = DIRECTION( '', ( 0.000000000000000, 0.000000000000000, 1.00000000000000 ) );
#4131 = SURFACE_STYLE_FILL_AREA( #7489 );
#4132 = ORIENTED_EDGE( '', *, *, #7490, .F. );
#4133 = ORIENTED_EDGE( '', *, *, #7221, .T. );
#4134 = ORIENTED_EDGE( '', *, *, #7491, .T. );
#4135 = ORIENTED_EDGE( '', *, *, #7492, .F. );
#4136 = CARTESIAN_POINT( '', ( 0.262500000000000, -0.172500000000000, 0.0125000000000000 ) );
#4137 = DIRECTION( '', ( -0.000000000000000, 1.00000000000000, 0.000000000000000 ) );
#4138 = DIRECTION( '', ( 0.000000000000000, -0.000000000000000, 1.00000000000000 ) );
#4139 = SURFACE_STYLE_FILL_AREA( #7493 );
#4140 = ORIENTED_EDGE( '', *, *, #7494, .T. );
#4141 = ORIENTED_EDGE( '', *, *, #7495, .F. );
#4142 = ORIENTED_EDGE( '', *, *, #7496, .F. );
#4143 = ORIENTED_EDGE( '', *, *, #7497, .T. );
#4144 = CARTESIAN_POINT( '', ( 0.294950000000000, 0.0900000000000000, -0.00500000000000000 ) );
#4145 = DIRECTION( '', ( 1.00000000000000, -0.000000000000000, 0.000000000000000 ) );
#4146 = DIRECTION( '', ( 0.000000000000000, 0.000000000000000, -1.00000000000000 ) );
#4147 = SURFACE_STYLE_FILL_AREA( #7498 );
#4148 = ORIENTED_EDGE( '', *, *, #7100, .F. );
#4149 = ORIENTED_EDGE( '', *, *, #7499, .F. );
#4150 = ORIENTED_EDGE( '', *, *, #7500, .F. );
#4151 = ORIENTED_EDGE( '', *, *, #7501, .T. );
#4152 = CARTESIAN_POINT( '', ( 0.262500000000000, 0.305000000000000, -0.0437500000000000 ) );
#4153 = DIRECTION( '', ( 0.000000000000000, -0.707106781186549, -0.707106781186546 ) );
#4154 = DIRECTION( '', ( 0.000000000000000, 0.707106781186546, -0.707106781186549 ) );
#4155 = SURFACE_STYLE_FILL_AREA( #7502 );
#4156 = ORIENTED_EDGE( '', *, *, #7503, .F. );
#4157 = ORIENTED_EDGE( '', *, *, #7504, .F. );
#4158 = ORIENTED_EDGE( '', *, *, #7505, .F. );
#4159 = ORIENTED_EDGE( '', *, *, #7506, .T. );
#4160 = CARTESIAN_POINT( '', ( 0.262500000000000, -0.0725000000000000, -0.223750000000000 ) );
#4161 = DIRECTION( '', ( -0.000000000000000, 0.707106781186547, 0.707106781186548 ) );
#4162 = DIRECTION( '', ( 0.000000000000000, -0.707106781186548, 0.707106781186547 ) );
#4163 = SURFACE_STYLE_FILL_AREA( #7507 );
#4164 = ORIENTED_EDGE( '', *, *, #7508, .T. );
#4165 = ORIENTED_EDGE( '', *, *, #7509, .F. );
#4166 = ORIENTED_EDGE( '', *, *, #7510, .F. );
#4167 = ORIENTED_EDGE( '', *, *, #7511, .F. );
#4168 = ORIENTED_EDGE( '', *, *, #7342, .T. );
#4169 = ORIENTED_EDGE( '', *, *, #7185, .T. );
#4170 = CARTESIAN_POINT( '', ( 0.307500000000000, -0.0200000000000000, 0.145000000000000 ) );
#4171 = DIRECTION( '', ( -1.00000000000000, 0.000000000000000, 0.000000000000000 ) );
#4172 = DIRECTION( '', ( 0.000000000000000, 0.000000000000000, 1.00000000000000 ) );
#4173 = SURFACE_STYLE_FILL_AREA( #7512 );
#4174 = ORIENTED_EDGE( '', *, *, #7214, .F. );
#4175 = ORIENTED_EDGE( '', *, *, #7513, .F. );
#4176 = ORIENTED_EDGE( '', *, *, #7514, .F. );
#4177 = ORIENTED_EDGE( '', *, *, #7515, .T. );
#4178 = CARTESIAN_POINT( '', ( 0.262500000000000, 0.298750000000000, -0.0625000000000000 ) );
#4179 = DIRECTION( '', ( 0.000000000000000, -0.707106781186549, 0.707106781186546 ) );
#4180 = DIRECTION( '', ( 0.000000000000000, -0.707106781186545, -0.707106781186549 ) );
#4181 = SURFACE_STYLE_FILL_AREA( #7516 );
#4182 = ORIENTED_EDGE( '', *, *, #7517, .T. );
#4183 = ORIENTED_EDGE( '', *, *, #7518, .T. );
#4184 = ORIENTED_EDGE( '', *, *, #7519, .T. );
#4185 = ORIENTED_EDGE( '', *, *, #7520, .F. );
#4186 = ORIENTED_EDGE( '', *, *, #7521, .T. );
#4187 = ORIENTED_EDGE( '', *, *, #7522, .T. );
#4188 = ORIENTED_EDGE( '', *, *, #7523, .F. );
#4189 = ORIENTED_EDGE( '', *, *, #7524, .T. );
#4190 = ORIENTED_EDGE( '', *, *, #7525, .T. );
#4191 = ORIENTED_EDGE( '', *, *, #7526, .T. );
#4192 = CARTESIAN_POINT( '', ( 0.137500000000000, -0.200000000000000, 0.145000000000000 ) );
#4193 = DIRECTION( '', ( -1.00000000000000, 0.000000000000000, 0.000000000000000 ) );
#4194 = DIRECTION( '', ( 0.000000000000000, 0.000000000000000, 1.00000000000000 ) );
#4195 = SURFACE_STYLE_FILL_AREA( #7527 );
#4196 = ORIENTED_EDGE( '', *, *, #7528, .T. );
#4197 = ORIENTED_EDGE( '', *, *, #7529, .F. );
#4198 = ORIENTED_EDGE( '', *, *, #7333, .T. );
#4199 = ORIENTED_EDGE( '', *, *, #7530, .T. );
#4200 = CARTESIAN_POINT( '', ( 0.277000000000000, 0.305000000000000, 0.0500000000000000 ) );
#4201 = DIRECTION( '', ( -0.848048096156427, 0.529919264233204, 0.000000000000000 ) );
#4202 = DIRECTION( '', ( -0.529919264233204, -0.848048096156427, 0.000000000000000 ) );
#4203 = SURFACE_STYLE_FILL_AREA( #7531 );
#4204 = ORIENTED_EDGE( '', *, *, #7532, .T. );
#4205 = ORIENTED_EDGE( '', *, *, #7533, .T. );
#4206 = ORIENTED_EDGE( '', *, *, #7534, .T. );
#4207 = ORIENTED_EDGE( '', *, *, #7535, .F. );
#4208 = CARTESIAN_POINT( '', ( -0.273333319203366, 0.200000000000000, 0.0500000000000000 ) );
#4209 = DIRECTION( '', ( 0.000000000000000, 1.00000000000000, 0.000000000000000 ) );
#4210 = DIRECTION( '', ( 0.000000000000000, -0.000000000000000, 1.00000000000000 ) );
#4211 = SURFACE_STYLE_FILL_AREA( #7536 );
#4212 = ORIENTED_EDGE( '', *, *, #7537, .F. );
#4213 = ORIENTED_EDGE( '', *, *, #7081, .T. );
#4214 = ORIENTED_EDGE( '', *, *, #7538, .F. );
#4215 = ORIENTED_EDGE( '', *, *, #7539, .F. );
#4216 = CARTESIAN_POINT( '', ( 0.262500000000000, -0.0475000000000000, -0.223750000000000 ) );
#4217 = DIRECTION( '', ( 0.000000000000000, -1.00000000000000, -1.25314128149737E-16 ) );
#4218 = DIRECTION( '', ( 0.000000000000000, 1.25314128149737E-16, -1.00000000000000 ) );
#4219 = SURFACE_STYLE_FILL_AREA( #7540 );
#4220 = ORIENTED_EDGE( '', *, *, #7541, .T. );
#4221 = ORIENTED_EDGE( '', *, *, #7366, .T. );
#4222 = ORIENTED_EDGE( '', *, *, #7542, .T. );
#4223 = ORIENTED_EDGE( '', *, *, #7311, .T. );
#4224 = CARTESIAN_POINT( '', ( 0.330000000000000, 0.000000000000000, 0.000000000000000 ) );
#4225 = DIRECTION( '', ( 1.00000000000000, 0.000000000000000, -0.000000000000000 ) );
#4226 = DIRECTION( '', ( -0.000000000000000, 0.000000000000000, -1.00000000000000 ) );
#4227 = SURFACE_STYLE_FILL_AREA( #7543 );
#4228 = ORIENTED_EDGE( '', *, *, #7544, .T. );
#4229 = ORIENTED_EDGE( '', *, *, #7545, .T. );
#4230 = ORIENTED_EDGE( '', *, *, #7546, .T. );
#4231 = ORIENTED_EDGE( '', *, *, #7547, .T. );
#4232 = ORIENTED_EDGE( '', *, *, #7401, .F. );
#4233 = ORIENTED_EDGE( '', *, *, #7548, .T. );
#4234 = ORIENTED_EDGE( '', *, *, #7406, .T. );
#4235 = ORIENTED_EDGE( '', *, *, #7549, .F. );
#4236 = ORIENTED_EDGE( '', *, *, #7550, .T. );
#4237 = ORIENTED_EDGE( '', *, *, #7551, .F. );
#4238 = CARTESIAN_POINT( '', ( -0.137500000000000, 0.0400000000000000, 0.145000000000000 ) );
#4239 = DIRECTION( '', ( 1.00000000000000, 0.000000000000000, -0.000000000000000 ) );
#4240 = DIRECTION( '', ( -0.000000000000000, 0.000000000000000, -1.00000000000000 ) );
#4241 = SURFACE_STYLE_FILL_AREA( #7552 );
#4242 = ORIENTED_EDGE( '', *, *, #7553, .F. );
#4243 = ORIENTED_EDGE( '', *, *, #7554, .T. );
#4244 = ORIENTED_EDGE( '', *, *, #7555, .F. );
#4245 = ORIENTED_EDGE( '', *, *, #7556, .F. );
#4246 = ORIENTED_EDGE( '', *, *, #7557, .T. );
#4247 = ORIENTED_EDGE( '', *, *, #7558, .T. );
#4248 = ORIENTED_EDGE( '', *, *, #7559, .F. );
#4249 = ORIENTED_EDGE( '', *, *, #7560, .F. );
#4250 = ORIENTED_EDGE( '', *, *, #7532, .F. );
#4251 = ORIENTED_EDGE( '', *, *, #7561, .F. );
#4252 = CARTESIAN_POINT( '', ( -0.205050000000000, 0.0900000000000000, 0.00510000000000001 ) );
#4253 = DIRECTION( '', ( 0.000000000000000, 0.000000000000000, -1.00000000000000 ) );
#4254 = DIRECTION( '', ( -1.00000000000000, 0.000000000000000, 0.000000000000000 ) );
#4255 = SURFACE_STYLE_FILL_AREA( #7562 );
#4256 = ORIENTED_EDGE( '', *, *, #7459, .F. );
#4257 = ORIENTED_EDGE( '', *, *, #7563, .T. );
#4258 = ORIENTED_EDGE( '', *, *, #7564, .T. );
#4259 = ORIENTED_EDGE( '', *, *, #7565, .F. );
#4260 = CARTESIAN_POINT( '', ( 0.330000000000000, 0.000000000000000, -0.115000000000000 ) );
#4261 = DIRECTION( '', ( -0.000000000000000, 1.00000000000000, 0.000000000000000 ) );
#4262 = DIRECTION( '', ( 0.000000000000000, -0.000000000000000, 1.00000000000000 ) );
#4263 = SURFACE_STYLE_FILL_AREA( #7566 );
#4264 = ORIENTED_EDGE( '', *, *, #7567, .F. );
#4265 = ORIENTED_EDGE( '', *, *, #7568, .T. );
#4266 = ORIENTED_EDGE( '', *, *, #7569, .T. );
#4267 = ORIENTED_EDGE( '', *, *, #7570, .T. );
#4268 = CARTESIAN_POINT( '', ( 0.262500000000000, -0.122500000000000, 0.0125000000000000 ) );
#4269 = DIRECTION( '', ( 1.00000000000000, -0.000000000000000, -0.000000000000000 ) );
#4270 = DIRECTION( '', ( 0.000000000000000, 0.000000000000000, 1.00000000000000 ) );
#4271 = SURFACE_STYLE_FILL_AREA( #7571 );
#4272 = ORIENTED_EDGE( '', *, *, #7572, .T. );
#4273 = ORIENTED_EDGE( '', *, *, #7573, .F. );
#4274 = ORIENTED_EDGE( '', *, *, #7574, .F. );
#4275 = ORIENTED_EDGE( '', *, *, #7319, .T. );
#4276 = CARTESIAN_POINT( '', ( -0.194950000000000, 0.0900000000000000, 0.00510000000000000 ) );
#4277 = DIRECTION( '', ( -1.00000000000000, 0.000000000000000, 0.000000000000000 ) );
#4278 = DIRECTION( '', ( 0.000000000000000, 0.000000000000000, 1.00000000000000 ) );
#4279 = SURFACE_STYLE_FILL_AREA( #7575 );
#4280 = ORIENTED_EDGE( '', *, *, #7576, .T. );
#4281 = ORIENTED_EDGE( '', *, *, #7577, .F. );
#4282 = ORIENTED_EDGE( '', *, *, #7578, .F. );
#4283 = ORIENTED_EDGE( '', *, *, #7338, .T. );
#4284 = CARTESIAN_POINT( '', ( 0.0500000000000000, 0.222000000000000, 0.165000000000000 ) );
#4285 = DIRECTION( '', ( -0.000000000000000, 0.938876315886609, 0.344254649158423 ) );
#4286 = DIRECTION( '', ( 0.000000000000000, -0.344254649158423, 0.938876315886609 ) );
#4287 = SURFACE_STYLE_FILL_AREA( #7579 );
#4288 = ORIENTED_EDGE( '', *, *, #7210, .F. );
#4289 = ORIENTED_EDGE( '', *, *, #7580, .F. );
#4290 = ORIENTED_EDGE( '', *, *, #7581, .F. );
#4291 = ORIENTED_EDGE( '', *, *, #7582, .T. );
#4292 = CARTESIAN_POINT( '', ( 0.262500000000000, 0.0650000000000000, -0.0375000000000000 ) );
#4293 = DIRECTION( '', ( 0.000000000000000, -1.00000000000000, 3.41480999208033E-16 ) );
#4294 = DIRECTION( '', ( 0.000000000000000, -3.41480999208033E-16, -1.00000000000000 ) );
#4295 = SURFACE_STYLE_FILL_AREA( #7583 );
#4296 = ORIENTED_EDGE( '', *, *, #7109, .T. );
#4297 = ORIENTED_EDGE( '', *, *, #7584, .F. );
#4298 = ORIENTED_EDGE( '', *, *, #7585, .T. );
#4299 = ORIENTED_EDGE( '', *, *, #7313, .T. );
#4300 = CARTESIAN_POINT( '', ( 0.173333319203367, 0.200000000000000, 0.0500000000000000 ) );
#4301 = DIRECTION( '', ( -0.999390827019096, 0.0348994967025008, 0.000000000000000 ) );
#4302 = DIRECTION( '', ( -0.0348994967025008, -0.999390827019096, 0.000000000000000 ) );
#4303 = SURFACE_STYLE_FILL_AREA( #7586 );
#4304 = ORIENTED_EDGE( '', *, *, #7587, .T. );
#4305 = ORIENTED_EDGE( '', *, *, #7557, .F. );
#4306 = ORIENTED_EDGE( '', *, *, #7588, .F. );
#4307 = ORIENTED_EDGE( '', *, *, #7069, .T. );
#4308 = CARTESIAN_POINT( '', ( -0.205050000000000, 0.0900000000000000, 0.115000000000000 ) );
#4309 = DIRECTION( '', ( 1.00000000000000, -0.000000000000000, 0.000000000000000 ) );
#4310 = DIRECTION( '', ( 0.000000000000000, 0.000000000000000, -1.00000000000000 ) );
#4311 = SURFACE_STYLE_FILL_AREA( #7589 );
#4312 = ORIENTED_EDGE( '', *, *, #7590, .T. );
#4313 = ORIENTED_EDGE( '', *, *, #7432, .F. );
#4314 = ORIENTED_EDGE( '', *, *, #7373, .F. );
#4315 = ORIENTED_EDGE( '', *, *, #7591, .T. );
#4316 = CARTESIAN_POINT( '', ( -0.00505000000000002, 0.0900000000000000, 0.115000000000000 ) );
#4317 = DIRECTION( '', ( 1.00000000000000, -0.000000000000000, 0.000000000000000 ) );
#4318 = DIRECTION( '', ( 0.000000000000000, 0.000000000000000, -1.00000000000000 ) );
#4319 = SURFACE_STYLE_FILL_AREA( #7592 );
#4320 = ORIENTED_EDGE( '', *, *, #7593, .F. );
#4321 = ORIENTED_EDGE( '', *, *, #7594, .F. );
#4322 = ORIENTED_EDGE( '', *, *, #7132, .F. );
#4323 = ORIENTED_EDGE( '', *, *, #7595, .T. );
#4324 = CARTESIAN_POINT( '', ( 0.330000000000000, 0.000000000000000, 0.145000000000000 ) );
#4325 = DIRECTION( '', ( -0.000000000000000, 1.00000000000000, 0.000000000000000 ) );
#4326 = DIRECTION( '', ( 0.000000000000000, -0.000000000000000, 1.00000000000000 ) );
#4327 = SURFACE_STYLE_FILL_AREA( #7596 );
#4328 = ORIENTED_EDGE( '', *, *, #7597, .F. );
#4329 = ORIENTED_EDGE( '', *, *, #7598, .F. );
#4330 = ORIENTED_EDGE( '', *, *, #7599, .F. );
#4331 = ORIENTED_EDGE( '', *, *, #7044, .T. );
#4332 = CARTESIAN_POINT( '', ( 0.262500000000000, 0.305000000000000, -0.0437500000000000 ) );
#4333 = DIRECTION( '', ( 0.000000000000000, -0.707106781186549, -0.707106781186546 ) );
#4334 = DIRECTION( '', ( 0.000000000000000, 0.707106781186546, -0.707106781186549 ) );
#4335 = SURFACE_STYLE_FILL_AREA( #7600 );
#4336 = ORIENTED_EDGE( '', *, *, #7601, .T. );
#4337 = ORIENTED_EDGE( '', *, *, #7602, .F. );
#4338 = ORIENTED_EDGE( '', *, *, #7089, .F. );
#4339 = ORIENTED_EDGE( '', *, *, #7330, .T. );
#4340 = CARTESIAN_POINT( '', ( 0.205050000000000, 0.0900000000000000, 0.00510000000000000 ) );
#4341 = DIRECTION( '', ( -1.00000000000000, 0.000000000000000, 0.000000000000000 ) );
#4342 = DIRECTION( '', ( 0.000000000000000, 0.000000000000000, 1.00000000000000 ) );
#4343 = SURFACE_STYLE_FILL_AREA( #7603 );
#4344 = ORIENTED_EDGE( '', *, *, #7604, .F. );
#4345 = ORIENTED_EDGE( '', *, *, #7241, .T. );
#4346 = ORIENTED_EDGE( '', *, *, #7605, .T. );
#4347 = ORIENTED_EDGE( '', *, *, #7606, .F. );
#4348 = CARTESIAN_POINT( '', ( 0.262500000000000, -0.122500000000000, 0.0375000000000000 ) );
#4349 = DIRECTION( '', ( 0.000000000000000, 0.000000000000000, 1.00000000000000 ) );
#4350 = DIRECTION( '', ( 1.00000000000000, 0.000000000000000, -0.000000000000000 ) );
#4351 = SURFACE_STYLE_FILL_AREA( #7607 );
#4352 = ORIENTED_EDGE( '', *, *, #7095, .F. );
#4353 = ORIENTED_EDGE( '', *, *, #7608, .F. );
#4354 = ORIENTED_EDGE( '', *, *, #7609, .F. );
#4355 = ORIENTED_EDGE( '', *, *, #7610, .T. );
#4356 = CARTESIAN_POINT( '', ( 0.262500000000000, 0.305000000000000, 0.0437500000000000 ) );
#4357 = DIRECTION( '', ( 0.000000000000000, -1.00000000000000, 0.000000000000000 ) );
#4358 = DIRECTION( '', ( 0.000000000000000, 0.000000000000000, -1.00000000000000 ) );
#4359 = SURFACE_STYLE_FILL_AREA( #7611 );
#4360 = ORIENTED_EDGE( '', *, *, #7274, .T. );
#4361 = ORIENTED_EDGE( '', *, *, #7139, .T. );
#4362 = ORIENTED_EDGE( '', *, *, #7612, .T. );
#4363 = ORIENTED_EDGE( '', *, *, #7613, .T. );
#4364 = ORIENTED_EDGE( '', *, *, #7614, .T. );
#4365 = ORIENTED_EDGE( '', *, *, #7615, .T. );
#4366 = ORIENTED_EDGE( '', *, *, #7616, .T. );
#4367 = ORIENTED_EDGE( '', *, *, #7597, .T. );
#4368 = ORIENTED_EDGE( '', *, *, #7043, .T. );
#4369 = ORIENTED_EDGE( '', *, *, #7617, .T. );
#4370 = ORIENTED_EDGE( '', *, *, #7618, .T. );
#4371 = ORIENTED_EDGE( '', *, *, #7619, .F. );
#4372 = CARTESIAN_POINT( '', ( 0.237500000000000, 0.0600000000000000, 0.145000000000000 ) );
#4373 = DIRECTION( '', ( -1.00000000000000, 0.000000000000000, 0.000000000000000 ) );
#4374 = DIRECTION( '', ( 0.000000000000000, 0.000000000000000, 1.00000000000000 ) );
#4375 = SURFACE_STYLE_FILL_AREA( #7620 );
#4376 = ORIENTED_EDGE( '', *, *, #7155, .F. );
#4377 = ORIENTED_EDGE( '', *, *, #7621, .T. );
#4378 = ORIENTED_EDGE( '', *, *, #7521, .F. );
#4379 = ORIENTED_EDGE( '', *, *, #7622, .F. );
#4380 = CARTESIAN_POINT( '', ( 0.262500000000000, -0.0475000000000000, -0.223750000000000 ) );
#4381 = DIRECTION( '', ( 0.000000000000000, -1.00000000000000, -1.25314128149737E-16 ) );
#4382 = DIRECTION( '', ( 0.000000000000000, 1.25314128149737E-16, -1.00000000000000 ) );
#4383 = SURFACE_STYLE_FILL_AREA( #7623 );
#4384 = ORIENTED_EDGE( '', *, *, #7624, .T. );
#4385 = ORIENTED_EDGE( '', *, *, #7625, .F. );
#4386 = ORIENTED_EDGE( '', *, *, #7626, .F. );
#4387 = ORIENTED_EDGE( '', *, *, #7627, .T. );
#4388 = CARTESIAN_POINT( '', ( 0.194950000000000, 0.0900000000000000, -0.114900000000000 ) );
#4389 = DIRECTION( '', ( 0.000000000000000, 0.000000000000000, -1.00000000000000 ) );
#4390 = DIRECTION( '', ( -1.00000000000000, 0.000000000000000, 0.000000000000000 ) );
#4391 = SURFACE_STYLE_FILL_AREA( #7628 );
#4392 = ORIENTED_EDGE( '', *, *, #7629, .F. );
#4393 = ORIENTED_EDGE( '', *, *, #7630, .T. );
#4394 = ORIENTED_EDGE( '', *, *, #7631, .F. );
#4395 = ORIENTED_EDGE( '', *, *, #7632, .F. );
#4396 = CARTESIAN_POINT( '', ( 0.262500000000000, -0.172500000000000, 0.0125000000000000 ) );
#4397 = DIRECTION( '', ( -0.000000000000000, 1.00000000000000, 0.000000000000000 ) );
#4398 = DIRECTION( '', ( 0.000000000000000, -0.000000000000000, 1.00000000000000 ) );
#4399 = SURFACE_STYLE_FILL_AREA( #7633 );
#4400 = ORIENTED_EDGE( '', *, *, #7162, .F. );
#4401 = ORIENTED_EDGE( '', *, *, #7173, .T. );
#4402 = ORIENTED_EDGE( '', *, *, #7634, .T. );
#4403 = ORIENTED_EDGE( '', *, *, #7635, .F. );
#4404 = CARTESIAN_POINT( '', ( 0.262500000000000, -0.0725000000000000, -0.0875000000000000 ) );
#4405 = DIRECTION( '', ( -0.000000000000000, 1.00000000000000, 1.25314128149737E-16 ) );
#4406 = DIRECTION( '', ( 0.000000000000000, -1.25314128149737E-16, 1.00000000000000 ) );
#4407 = SURFACE_STYLE_FILL_AREA( #7636 );
#4408 = ORIENTED_EDGE( '', *, *, #7637, .T. );
#4409 = ORIENTED_EDGE( '', *, *, #7638, .T. );
#4410 = ORIENTED_EDGE( '', *, *, #7639, .T. );
#4411 = ORIENTED_EDGE( '', *, *, #7247, .F. );
#4412 = CARTESIAN_POINT( '', ( 0.262500000000000, -0.166250000000000, -0.230000000000000 ) );
#4413 = DIRECTION( '', ( 0.000000000000000, 0.000000000000000, 1.00000000000000 ) );
#4414 = DIRECTION( '', ( 1.00000000000000, 0.000000000000000, -0.000000000000000 ) );
#4415 = SURFACE_STYLE_FILL_AREA( #7640 );
#4416 = ORIENTED_EDGE( '', *, *, #7641, .F. );
#4417 = ORIENTED_EDGE( '', *, *, #7642, .T. );
#4418 = ORIENTED_EDGE( '', *, *, #7643, .T. );
#4419 = ORIENTED_EDGE( '', *, *, #7644, .F. );
#4420 = CARTESIAN_POINT( '', ( 0.262500000000000, 0.305000000000000, -0.0562500000000000 ) );
#4421 = DIRECTION( '', ( 0.000000000000000, -1.00000000000000, 0.000000000000000 ) );
#4422 = DIRECTION( '', ( 0.000000000000000, 0.000000000000000, -1.00000000000000 ) );
#4423 = SURFACE_STYLE_FILL_AREA( #7645 );
#4424 = ORIENTED_EDGE( '', *, *, #7359, .F. );
#4425 = ORIENTED_EDGE( '', *, *, #7382, .T. );
#4426 = ORIENTED_EDGE( '', *, *, #7646, .F. );
#4427 = ORIENTED_EDGE( '', *, *, #7647, .F. );
#4428 = CARTESIAN_POINT( '', ( 0.262500000000000, -0.153750000000000, -0.230000000000000 ) );
#4429 = DIRECTION( '', ( 0.000000000000000, -0.707106781186548, 0.707106781186548 ) );
#4430 = DIRECTION( '', ( 0.000000000000000, -0.707106781186547, -0.707106781186547 ) );
#4431 = SURFACE_STYLE_FILL_AREA( #7648 );
#4432 = ORIENTED_EDGE( '', *, *, #7121, .T. );
#4433 = ORIENTED_EDGE( '', *, *, #7649, .T. );
#4434 = ORIENTED_EDGE( '', *, *, #7650, .T. );
#4435 = ORIENTED_EDGE( '', *, *, #7651, .F. );
#4436 = CARTESIAN_POINT( '', ( 0.262500000000000, -0.166250000000000, -0.230000000000000 ) );
#4437 = DIRECTION( '', ( 0.000000000000000, 0.000000000000000, 1.00000000000000 ) );
#4438 = DIRECTION( '', ( 1.00000000000000, 0.000000000000000, -0.000000000000000 ) );
#4439 = SURFACE_STYLE_FILL_AREA( #7652 );
#4440 = ORIENTED_EDGE( '', *, *, #7357, .F. );
#4441 = ORIENTED_EDGE( '', *, *, #7653, .T. );
#4442 = ORIENTED_EDGE( '', *, *, #7654, .F. );
#4443 = ORIENTED_EDGE( '', *, *, #7380, .F. );
#4444 = CARTESIAN_POINT( '', ( 0.262500000000000, -0.172500000000000, -0.223750000000000 ) );
#4445 = DIRECTION( '', ( -0.000000000000000, 0.707106781186549, 0.707106781186546 ) );
#4446 = DIRECTION( '', ( 0.000000000000000, -0.707106781186545, 0.707106781186549 ) );
#4447 = SURFACE_STYLE_FILL_AREA( #7655 );
#4448 = ORIENTED_EDGE( '', *, *, #7656, .T. );
#4449 = ORIENTED_EDGE( '', *, *, #7239, .F. );
#4450 = ORIENTED_EDGE( '', *, *, #7335, .T. );
#4451 = ORIENTED_EDGE( '', *, *, #7657, .T. );
#4452 = CARTESIAN_POINT( '', ( 0.226666680796634, 0.200000000000000, 0.0500000000000000 ) );
#4453 = DIRECTION( '', ( 0.000000000000000, 1.00000000000000, 0.000000000000000 ) );
#4454 = DIRECTION( '', ( 0.000000000000000, -0.000000000000000, 1.00000000000000 ) );
#4455 = SURFACE_STYLE_FILL_AREA( #7658 );
#4456 = ORIENTED_EDGE( '', *, *, #7102, .F. );
#4457 = ORIENTED_EDGE( '', *, *, #7659, .F. );
#4458 = ORIENTED_EDGE( '', *, *, #7660, .F. );
#4459 = ORIENTED_EDGE( '', *, *, #7661, .T. );
#4460 = CARTESIAN_POINT( '', ( 0.262500000000000, 0.298750000000000, -0.0625000000000000 ) );
#4461 = DIRECTION( '', ( 0.000000000000000, -0.707106781186549, 0.707106781186546 ) );
#4462 = DIRECTION( '', ( 0.000000000000000, -0.707106781186545, -0.707106781186549 ) );
#4463 = SURFACE_STYLE_FILL_AREA( #7662 );
#4464 = ORIENTED_EDGE( '', *, *, #7663, .F. );
#4465 = ORIENTED_EDGE( '', *, *, #7492, .T. );
#4466 = ORIENTED_EDGE( '', *, *, #7664, .T. );
#4467 = ORIENTED_EDGE( '', *, *, #7665, .F. );
#4468 = CARTESIAN_POINT( '', ( 0.262500000000000, -0.172500000000000, -0.223750000000000 ) );
#4469 = DIRECTION( '', ( -0.000000000000000, 0.707106781186549, 0.707106781186546 ) );
#4470 = DIRECTION( '', ( 0.000000000000000, -0.707106781186545, 0.707106781186549 ) );
#4471 = SURFACE_STYLE_FILL_AREA( #7666 );
#4472 = ORIENTED_EDGE( '', *, *, #7667, .F. );
#4473 = ORIENTED_EDGE( '', *, *, #7668, .F. );
#4474 = ORIENTED_EDGE( '', *, *, #7669, .F. );
#4475 = ORIENTED_EDGE( '', *, *, #7670, .T. );
#4476 = CARTESIAN_POINT( '', ( 0.262500000000000, 0.298750000000000, -0.0375000000000000 ) );
#4477 = DIRECTION( '', ( 0.000000000000000, 0.000000000000000, -1.00000000000000 ) );
#4478 = DIRECTION( '', ( -1.00000000000000, 0.000000000000000, 0.000000000000000 ) );
#4479 = SURFACE_STYLE_FILL_AREA( #7671 );
#4480 = ORIENTED_EDGE( '', *, *, #7672, .F. );
#4481 = ORIENTED_EDGE( '', *, *, #7673, .T. );
#4482 = ORIENTED_EDGE( '', *, *, #7674, .F. );
#4483 = ORIENTED_EDGE( '', *, *, #7412, .F. );
#4484 = CARTESIAN_POINT( '', ( 0.262500000000000, -0.0225000000000000, -0.0875000000000000 ) );
#4485 = DIRECTION( '', ( 1.00000000000000, -0.000000000000000, -0.000000000000000 ) );
#4486 = DIRECTION( '', ( 0.000000000000000, 0.000000000000000, 1.00000000000000 ) );
#4487 = SURFACE_STYLE_FILL_AREA( #7675 );
#4488 = ORIENTED_EDGE( '', *, *, #7676, .F. );
#4489 = ORIENTED_EDGE( '', *, *, #7677, .T. );
#4490 = ORIENTED_EDGE( '', *, *, #7352, .T. );
#4491 = ORIENTED_EDGE( '', *, *, #7678, .T. );
#4492 = CARTESIAN_POINT( '', ( -0.217500000000000, -0.0200000000000000, 0.145000000000000 ) );
#4493 = DIRECTION( '', ( -1.00000000000000, 0.000000000000000, 0.000000000000000 ) );
#4494 = DIRECTION( '', ( 0.000000000000000, 0.000000000000000, 1.00000000000000 ) );
#4495 = SURFACE_STYLE_FILL_AREA( #7679 );
#4496 = ORIENTED_EDGE( '', *, *, #7680, .T. );
#4497 = ORIENTED_EDGE( '', *, *, #7114, .F. );
#4498 = ORIENTED_EDGE( '', *, *, #7681, .F. );
#4499 = ORIENTED_EDGE( '', *, *, #7625, .T. );
#4500 = CARTESIAN_POINT( '', ( 0.105050000000000, 0.0900000000000000, -0.114900000000000 ) );
#4501 = DIRECTION( '', ( -1.00000000000000, 0.000000000000000, 0.000000000000000 ) );
#4502 = DIRECTION( '', ( 0.000000000000000, 0.000000000000000, 1.00000000000000 ) );
#4503 = SURFACE_STYLE_FILL_AREA( #7682 );
#4504 = ORIENTED_EDGE( '', *, *, #7683, .T. );
#4505 = ORIENTED_EDGE( '', *, *, #7684, .F. );
#4506 = ORIENTED_EDGE( '', *, *, #7595, .F. );
#4507 = ORIENTED_EDGE( '', *, *, #7131, .F. );
#4508 = CARTESIAN_POINT( '', ( 0.330000000000000, 0.320000000000000, 0.145000000000000 ) );
#4509 = DIRECTION( '', ( 0.000000000000000, 0.000000000000000, -1.00000000000000 ) );
#4510 = DIRECTION( '', ( -1.00000000000000, 0.000000000000000, 0.000000000000000 ) );
#4511 = SURFACE_STYLE_FILL_AREA( #7685 );
#4512 = ORIENTED_EDGE( '', *, *, #7544, .F. );
#4513 = ORIENTED_EDGE( '', *, *, #7686, .T. );
#4514 = ORIENTED_EDGE( '', *, *, #7687, .F. );
#4515 = ORIENTED_EDGE( '', *, *, #7688, .F. );
#4516 = CARTESIAN_POINT( '', ( 0.262500000000000, 0.0400000000000000, -0.0375000000000000 ) );
#4517 = DIRECTION( '', ( 0.000000000000000, 0.000000000000000, -1.00000000000000 ) );
#4518 = DIRECTION( '', ( -1.00000000000000, 0.000000000000000, 0.000000000000000 ) );
#4519 = SURFACE_STYLE_FILL_AREA( #7689 );
#4520 = ORIENTED_EDGE( '', *, *, #7690, .F. );
#4521 = ORIENTED_EDGE( '', *, *, #7691, .F. );
#4522 = ORIENTED_EDGE( '', *, *, #7692, .F. );
#4523 = ORIENTED_EDGE( '', *, *, #7693, .T. );
#4524 = CARTESIAN_POINT( '', ( 0.330000000000000, 0.0200000000000000, -0.115000000000000 ) );
#4525 = DIRECTION( '', ( 0.000000000000000, 0.000000000000000, -1.00000000000000 ) );
#4526 = DIRECTION( '', ( -1.00000000000000, 0.000000000000000, 0.000000000000000 ) );
#4527 = SURFACE_STYLE_FILL_AREA( #7694 );
#4528 = ORIENTED_EDGE( '', *, *, #7695, .F. );
#4529 = ORIENTED_EDGE( '', *, *, #7696, .T. );
#4530 = ORIENTED_EDGE( '', *, *, #7697, .T. );
#4531 = ORIENTED_EDGE( '', *, *, #7423, .F. );
#4532 = CARTESIAN_POINT( '', ( 0.182500000000000, 0.000000000000000, 0.145000000000000 ) );
#4533 = DIRECTION( '', ( -1.00000000000000, 0.000000000000000, 0.000000000000000 ) );
#4534 = DIRECTION( '', ( 0.000000000000000, 0.000000000000000, 1.00000000000000 ) );
#4535 = SURFACE_STYLE_FILL_AREA( #7698 );
#4536 = ORIENTED_EDGE( '', *, *, #7699, .F. );
#4537 = ORIENTED_EDGE( '', *, *, #7051, .F. );
#4538 = ORIENTED_EDGE( '', *, *, #7290, .F. );
#4539 = ORIENTED_EDGE( '', *, *, #7055, .F. );
#4540 = ORIENTED_EDGE( '', *, *, #7700, .F. );
#4541 = ORIENTED_EDGE( '', *, *, #7701, .F. );
#4542 = ORIENTED_EDGE( '', *, *, #7702, .F. );
#4543 = ORIENTED_EDGE( '', *, *, #7703, .F. );
#4544 = CARTESIAN_POINT( '', ( -0.330000000000000, 0.000000000000000, -0.000000000000000 ) );
#4545 = DIRECTION( '', ( 1.00000000000000, 0.000000000000000, -0.000000000000000 ) );
#4546 = DIRECTION( '', ( -0.000000000000000, 0.000000000000000, -1.00000000000000 ) );
#4547 = SURFACE_STYLE_FILL_AREA( #7704 );
#4548 = ORIENTED_EDGE( '', *, *, #7705, .F. );
#4549 = ORIENTED_EDGE( '', *, *, #7706, .T. );
#4550 = ORIENTED_EDGE( '', *, *, #7707, .T. );
#4551 = ORIENTED_EDGE( '', *, *, #7203, .F. );
#4552 = CARTESIAN_POINT( '', ( -0.194950000000000, 0.0900000000000000, -0.114900000000000 ) );
#4553 = DIRECTION( '', ( -1.00000000000000, 0.000000000000000, 0.000000000000000 ) );
#4554 = DIRECTION( '', ( 0.000000000000000, 0.000000000000000, 1.00000000000000 ) );
#4555 = SURFACE_STYLE_FILL_AREA( #7708 );
#4556 = ORIENTED_EDGE( '', *, *, #7709, .F. );
#4557 = ORIENTED_EDGE( '', *, *, #7710, .T. );
#4558 = ORIENTED_EDGE( '', *, *, #7711, .F. );
#4559 = ORIENTED_EDGE( '', *, *, #7712, .F. );
#4560 = CARTESIAN_POINT( '', ( 0.262500000000000, -0.153750000000000, -0.230000000000000 ) );
#4561 = DIRECTION( '', ( 0.000000000000000, -0.707106781186548, 0.707106781186548 ) );
#4562 = DIRECTION( '', ( 0.000000000000000, -0.707106781186547, -0.707106781186547 ) );
#4563 = SURFACE_STYLE_FILL_AREA( #7713 );
#4564 = ORIENTED_EDGE( '', *, *, #7617, .F. );
#4565 = ORIENTED_EDGE( '', *, *, #7046, .F. );
#4566 = ORIENTED_EDGE( '', *, *, #7714, .F. );
#4567 = ORIENTED_EDGE( '', *, *, #7715, .T. );
#4568 = CARTESIAN_POINT( '', ( 0.262500000000000, 0.298750000000000, -0.0625000000000000 ) );
#4569 = DIRECTION( '', ( 0.000000000000000, -0.707106781186549, 0.707106781186546 ) );
#4570 = DIRECTION( '', ( 0.000000000000000, -0.707106781186545, -0.707106781186549 ) );
#4571 = SURFACE_STYLE_FILL_AREA( #7716 );
#4572 = ORIENTED_EDGE( '', *, *, #7717, .T. );
#4573 = ORIENTED_EDGE( '', *, *, #7718, .T. );
#4574 = ORIENTED_EDGE( '', *, *, #7719, .T. );
#4575 = ORIENTED_EDGE( '', *, *, #7720, .F. );
#4576 = CARTESIAN_POINT( '', ( 0.262500000000000, -0.0662500000000000, -0.230000000000000 ) );
#4577 = DIRECTION( '', ( 0.000000000000000, 0.000000000000000, 1.00000000000000 ) );
#4578 = DIRECTION( '', ( 1.00000000000000, 0.000000000000000, -0.000000000000000 ) );
#4579 = SURFACE_STYLE_FILL_AREA( #7721 );
#4580 = ORIENTED_EDGE( '', *, *, #7722, .F. );
#4581 = ORIENTED_EDGE( '', *, *, #7723, .F. );
#4582 = ORIENTED_EDGE( '', *, *, #7450, .F. );
#4583 = ORIENTED_EDGE( '', *, *, #7724, .T. );
#4584 = CARTESIAN_POINT( '', ( 0.262500000000000, 0.298750000000000, 0.0375000000000000 ) );
#4585 = DIRECTION( '', ( 0.000000000000000, -0.707106781186549, 0.707106781186546 ) );
#4586 = DIRECTION( '', ( 0.000000000000000, -0.707106781186546, -0.707106781186549 ) );
#4587 = SURFACE_STYLE_FILL_AREA( #7725 );
#4588 = ORIENTED_EDGE( '', *, *, #7058, .T. );
#4589 = ORIENTED_EDGE( '', *, *, #7726, .T. );
#4590 = ORIENTED_EDGE( '', *, *, #7727, .T. );
#4591 = ORIENTED_EDGE( '', *, *, #7728, .T. );
#4592 = ORIENTED_EDGE( '', *, *, #7717, .F. );
#4593 = ORIENTED_EDGE( '', *, *, #7729, .T. );
#4594 = ORIENTED_EDGE( '', *, *, #7730, .T. );
#4595 = ORIENTED_EDGE( '', *, *, #7731, .F. );
#4596 = ORIENTED_EDGE( '', *, *, #7732, .T. );
#4597 = ORIENTED_EDGE( '', *, *, #7733, .F. );
#4598 = CARTESIAN_POINT( '', ( 0.0625000000000000, 0.0400000000000000, 0.145000000000000 ) );
#4599 = DIRECTION( '', ( 1.00000000000000, 0.000000000000000, -0.000000000000000 ) );
#4600 = DIRECTION( '', ( -0.000000000000000, 0.000000000000000, -1.00000000000000 ) );
#4601 = SURFACE_STYLE_FILL_AREA( #7734 );
#4602 = ORIENTED_EDGE( '', *, *, #7160, .F. );
#4603 = ORIENTED_EDGE( '', *, *, #7735, .T. );
#4604 = ORIENTED_EDGE( '', *, *, #7736, .T. );
#4605 = ORIENTED_EDGE( '', *, *, #7171, .F. );
#4606 = CARTESIAN_POINT( '', ( 0.262500000000000, 0.0400000000000000, -0.0375000000000000 ) );
#4607 = DIRECTION( '', ( 0.000000000000000, 0.000000000000000, -1.00000000000000 ) );
#4608 = DIRECTION( '', ( -1.00000000000000, 0.000000000000000, 0.000000000000000 ) );
#4609 = SURFACE_STYLE_FILL_AREA( #7737 );
#4610 = ORIENTED_EDGE( '', *, *, #7362, .F. );
#4611 = ORIENTED_EDGE( '', *, *, #7738, .T. );
#4612 = ORIENTED_EDGE( '', *, *, #7739, .F. );
#4613 = ORIENTED_EDGE( '', *, *, #7740, .F. );
#4614 = CARTESIAN_POINT( '', ( 0.262500000000000, -0.122500000000000, 0.0375000000000000 ) );
#4615 = DIRECTION( '', ( 0.000000000000000, 0.000000000000000, 1.00000000000000 ) );
#4616 = DIRECTION( '', ( 1.00000000000000, 0.000000000000000, -0.000000000000000 ) );
#4617 = SURFACE_STYLE_FILL_AREA( #7741 );
#4618 = ORIENTED_EDGE( '', *, *, #7742, .F. );
#4619 = ORIENTED_EDGE( '', *, *, #7743, .F. );
#4620 = ORIENTED_EDGE( '', *, *, #7744, .F. );
#4621 = ORIENTED_EDGE( '', *, *, #7745, .T. );
#4622 = CARTESIAN_POINT( '', ( 0.262500000000000, -0.0225000000000000, -0.0875000000000000 ) );
#4623 = DIRECTION( '', ( 1.00000000000000, -0.000000000000000, -0.000000000000000 ) );
#4624 = DIRECTION( '', ( 0.000000000000000, 0.000000000000000, 1.00000000000000 ) );
#4625 = SURFACE_STYLE_FILL_AREA( #7746 );
#4626 = ORIENTED_EDGE( '', *, *, #7747, .F. );
#4627 = ORIENTED_EDGE( '', *, *, #7748, .F. );
#4628 = ORIENTED_EDGE( '', *, *, #7749, .T. );
#4629 = ORIENTED_EDGE( '', *, *, #7750, .T. );
#4630 = ORIENTED_EDGE( '', *, *, #7751, .F. );
#4631 = ORIENTED_EDGE( '', *, *, #7752, .T. );
#4632 = ORIENTED_EDGE( '', *, *, #7753, .F. );
#4633 = ORIENTED_EDGE( '', *, *, #7676, .T. );
#4634 = ORIENTED_EDGE( '', *, *, #7754, .T. );
#4635 = ORIENTED_EDGE( '', *, *, #7755, .T. );
#4636 = ORIENTED_EDGE( '', *, *, #7756, .F. );
#4637 = ORIENTED_EDGE( '', *, *, #7757, .T. );
#4638 = ORIENTED_EDGE( '', *, *, #7145, .T. );
#4639 = ORIENTED_EDGE( '', *, *, #7758, .T. );
#4640 = ORIENTED_EDGE( '', *, *, #7759, .F. );
#4641 = ORIENTED_EDGE( '', *, *, #7760, .T. );
#4642 = ORIENTED_EDGE( '', *, *, #7761, .T. );
#4643 = ORIENTED_EDGE( '', *, *, #7762, .T. );
#4644 = ORIENTED_EDGE( '', *, *, #7763, .F. );
#4645 = ORIENTED_EDGE( '', *, *, #7416, .T. );
#4646 = ORIENTED_EDGE( '', *, *, #7478, .T. );
#4647 = ORIENTED_EDGE( '', *, *, #7463, .T. );
#4648 = ORIENTED_EDGE( '', *, *, #7764, .F. );
#4649 = ORIENTED_EDGE( '', *, *, #7695, .T. );
#4650 = ORIENTED_EDGE( '', *, *, #7422, .T. );
#4651 = ORIENTED_EDGE( '', *, *, #7765, .T. );
#4652 = ORIENTED_EDGE( '', *, *, #7766, .F. );
#4653 = ORIENTED_EDGE( '', *, *, #7767, .F. );
#4654 = CARTESIAN_POINT( '', ( -0.307500000000000, 0.320000000000000, 0.125000000000000 ) );
#4655 = DIRECTION( '', ( 0.000000000000000, 0.000000000000000, -1.00000000000000 ) );
#4656 = DIRECTION( '', ( -1.00000000000000, 0.000000000000000, 0.000000000000000 ) );
#4657 = SURFACE_STYLE_FILL_AREA( #7768 );
#4658 = ORIENTED_EDGE( '', *, *, #7556, .T. );
#4659 = ORIENTED_EDGE( '', *, *, #7769, .T. );
#4660 = ORIENTED_EDGE( '', *, *, #7070, .T. );
#4661 = ORIENTED_EDGE( '', *, *, #7588, .T. );
#4662 = CARTESIAN_POINT( '', ( 0.000000000000000, 0.0900000000000000, -0.000000000000000 ) );
#4663 = DIRECTION( '', ( 0.000000000000000, 1.00000000000000, -0.000000000000000 ) );
#4664 = DIRECTION( '', ( 0.000000000000000, 0.000000000000000, 1.00000000000000 ) );
#4665 = SURFACE_STYLE_FILL_AREA( #7770 );
#4666 = ORIENTED_EDGE( '', *, *, #7125, .F. );
#4667 = ORIENTED_EDGE( '', *, *, #7771, .T. );
#4668 = ORIENTED_EDGE( '', *, *, #7772, .F. );
#4669 = ORIENTED_EDGE( '', *, *, #7773, .F. );
#4670 = CARTESIAN_POINT( '', ( 0.262500000000000, -0.122500000000000, 0.0375000000000000 ) );
#4671 = DIRECTION( '', ( 0.000000000000000, 0.000000000000000, 1.00000000000000 ) );
#4672 = DIRECTION( '', ( 1.00000000000000, 0.000000000000000, -0.000000000000000 ) );
#4673 = SURFACE_STYLE_FILL_AREA( #7774 );
#4674 = ORIENTED_EDGE( '', *, *, #7775, .T. );
#4675 = ORIENTED_EDGE( '', *, *, #7776, .T. );
#4676 = ORIENTED_EDGE( '', *, *, #7328, .T. );
#4677 = ORIENTED_EDGE( '', *, *, #7237, .T. );
#4678 = CARTESIAN_POINT( '', ( 0.211752351665632, 0.323000000000000, 0.0500000000000000 ) );
#4679 = DIRECTION( '', ( 0.848048096156426, 0.529919264233205, -0.000000000000000 ) );
#4680 = DIRECTION( '', ( -0.529919264233205, 0.848048096156426, 0.000000000000000 ) );
#4681 = SURFACE_STYLE_FILL_AREA( #7777 );
#4682 = ORIENTED_EDGE( '', *, *, #7778, .F. );
#4683 = ORIENTED_EDGE( '', *, *, #7567, .T. );
#4684 = ORIENTED_EDGE( '', *, *, #7779, .F. );
#4685 = ORIENTED_EDGE( '', *, *, #7780, .F. );
#4686 = CARTESIAN_POINT( '', ( 0.262500000000000, -0.122500000000000, 0.0375000000000000 ) );
#4687 = DIRECTION( '', ( 0.000000000000000, 0.000000000000000, 1.00000000000000 ) );
#4688 = DIRECTION( '', ( 1.00000000000000, 0.000000000000000, -0.000000000000000 ) );
#4689 = SURFACE_STYLE_FILL_AREA( #7781 );
#4690 = ORIENTED_EDGE( '', *, *, #7782, .F. );
#4691 = ORIENTED_EDGE( '', *, *, #7632, .T. );
#4692 = ORIENTED_EDGE( '', *, *, #7783, .F. );
#4693 = ORIENTED_EDGE( '', *, *, #7784, .F. );
#4694 = CARTESIAN_POINT( '', ( 0.262500000000000, -0.172500000000000, -0.223750000000000 ) );
#4695 = DIRECTION( '', ( -0.000000000000000, 0.707106781186549, 0.707106781186546 ) );
#4696 = DIRECTION( '', ( 0.000000000000000, -0.707106781186545, 0.707106781186549 ) );
#4697 = SURFACE_STYLE_FILL_AREA( #7785 );
#4698 = ORIENTED_EDGE( '', *, *, #7786, .F. );
#4699 = ORIENTED_EDGE( '', *, *, #7257, .T. );
#4700 = ORIENTED_EDGE( '', *, *, #7787, .F. );
#4701 = ORIENTED_EDGE( '', *, *, #7788, .F. );
#4702 = CARTESIAN_POINT( '', ( 0.262500000000000, -0.122500000000000, 0.0125000000000000 ) );
#4703 = DIRECTION( '', ( 1.00000000000000, -0.000000000000000, -0.000000000000000 ) );
#4704 = DIRECTION( '', ( 0.000000000000000, 0.000000000000000, 1.00000000000000 ) );
#4705 = SURFACE_STYLE_FILL_AREA( #7789 );
#4706 = ORIENTED_EDGE( '', *, *, #7790, .F. );
#4707 = ORIENTED_EDGE( '', *, *, #7724, .F. );
#4708 = ORIENTED_EDGE( '', *, *, #7449, .F. );
#4709 = ORIENTED_EDGE( '', *, *, #7791, .T. );
#4710 = CARTESIAN_POINT( '', ( 0.262500000000000, 0.0650000000000000, 0.0375000000000000 ) );
#4711 = DIRECTION( '', ( 0.000000000000000, 0.000000000000000, 1.00000000000000 ) );
#4712 = DIRECTION( '', ( 1.00000000000000, 0.000000000000000, -0.000000000000000 ) );
#4713 = SURFACE_STYLE_FILL_AREA( #7792 );
#4714 = ORIENTED_EDGE( '', *, *, #7152, .F. );
#4715 = ORIENTED_EDGE( '', *, *, #7793, .T. );
#4716 = ORIENTED_EDGE( '', *, *, #7524, .F. );
#4717 = ORIENTED_EDGE( '', *, *, #7794, .F. );
#4718 = CARTESIAN_POINT( '', ( 0.262500000000000, -0.0725000000000000, -0.223750000000000 ) );
#4719 = DIRECTION( '', ( -0.000000000000000, 0.707106781186547, 0.707106781186548 ) );
#4720 = DIRECTION( '', ( 0.000000000000000, -0.707106781186548, 0.707106781186547 ) );
#4721 = SURFACE_STYLE_FILL_AREA( #7795 );
#4722 = ORIENTED_EDGE( '', *, *, #7355, .F. );
#4723 = ORIENTED_EDGE( '', *, *, #7268, .T. );
#4724 = ORIENTED_EDGE( '', *, *, #7796, .F. );
#4725 = ORIENTED_EDGE( '', *, *, #7797, .F. );
#4726 = CARTESIAN_POINT( '', ( 0.262500000000000, -0.122500000000000, 0.0125000000000000 ) );
#4727 = DIRECTION( '', ( 1.00000000000000, -0.000000000000000, -0.000000000000000 ) );
#4728 = DIRECTION( '', ( 0.000000000000000, 0.000000000000000, 1.00000000000000 ) );
#4729 = SURFACE_STYLE_FILL_AREA( #7798 );
#4730 = ORIENTED_EDGE( '', *, *, #7799, .T. );
#4731 = ORIENTED_EDGE( '', *, *, #7800, .F. );
#4732 = ORIENTED_EDGE( '', *, *, #7801, .F. );
#4733 = ORIENTED_EDGE( '', *, *, #7802, .T. );
#4734 = CARTESIAN_POINT( '', ( 0.0949500000000000, 0.0900000000000000, -0.114900000000000 ) );
#4735 = DIRECTION( '', ( 0.000000000000000, 0.000000000000000, -1.00000000000000 ) );
#4736 = DIRECTION( '', ( -1.00000000000000, 0.000000000000000, 0.000000000000000 ) );
#4737 = SURFACE_STYLE_FILL_AREA( #7803 );
#4738 = ORIENTED_EDGE( '', *, *, #7804, .F. );
#4739 = ORIENTED_EDGE( '', *, *, #7805, .T. );
#4740 = ORIENTED_EDGE( '', *, *, #7806, .F. );
#4741 = ORIENTED_EDGE( '', *, *, #7807, .F. );
#4742 = CARTESIAN_POINT( '', ( 0.330000000000000, 0.0200000000000000, -0.115000000000000 ) );
#4743 = DIRECTION( '', ( 0.000000000000000, 0.000000000000000, -1.00000000000000 ) );
#4744 = DIRECTION( '', ( -1.00000000000000, 0.000000000000000, 0.000000000000000 ) );
#4745 = SURFACE_STYLE_FILL_AREA( #7808 );
#4746 = ORIENTED_EDGE( '', *, *, #7265, .T. );
#4747 = ORIENTED_EDGE( '', *, *, #7809, .T. );
#4748 = ORIENTED_EDGE( '', *, *, #7629, .T. );
#4749 = ORIENTED_EDGE( '', *, *, #7782, .T. );
#4750 = ORIENTED_EDGE( '', *, *, #7810, .F. );
#4751 = ORIENTED_EDGE( '', *, *, #7709, .T. );
#4752 = ORIENTED_EDGE( '', *, *, #7811, .T. );
#4753 = ORIENTED_EDGE( '', *, *, #7568, .F. );
#4754 = ORIENTED_EDGE( '', *, *, #7778, .T. );
#4755 = ORIENTED_EDGE( '', *, *, #7812, .F. );
#4756 = CARTESIAN_POINT( '', ( 0.0625000000000000, 0.0400000000000000, 0.145000000000000 ) );
#4757 = DIRECTION( '', ( 1.00000000000000, 0.000000000000000, -0.000000000000000 ) );
#4758 = DIRECTION( '', ( -0.000000000000000, 0.000000000000000, -1.00000000000000 ) );
#4759 = SURFACE_STYLE_FILL_AREA( #7813 );
#4760 = ORIENTED_EDGE( '', *, *, #7814, .F. );
#4761 = ORIENTED_EDGE( '', *, *, #7815, .T. );
#4762 = ORIENTED_EDGE( '', *, *, #7816, .T. );
#4763 = ORIENTED_EDGE( '', *, *, #7817, .F. );
#4764 = CARTESIAN_POINT( '', ( 0.262500000000000, 0.298750000000000, 0.0375000000000000 ) );
#4765 = DIRECTION( '', ( 0.000000000000000, -0.707106781186549, 0.707106781186546 ) );
#4766 = DIRECTION( '', ( 0.000000000000000, -0.707106781186546, -0.707106781186549 ) );
#4767 = SURFACE_STYLE_FILL_AREA( #7818 );
#4768 = ORIENTED_EDGE( '', *, *, #7819, .F. );
#4769 = ORIENTED_EDGE( '', *, *, #7277, .F. );
#4770 = ORIENTED_EDGE( '', *, *, #7820, .F. );
#4771 = ORIENTED_EDGE( '', *, *, #7821, .T. );
#4772 = CARTESIAN_POINT( '', ( 0.262500000000000, 0.305000000000000, 0.0562500000000000 ) );
#4773 = DIRECTION( '', ( 0.000000000000000, -0.707106781186549, -0.707106781186546 ) );
#4774 = DIRECTION( '', ( 0.000000000000000, 0.707106781186545, -0.707106781186549 ) );
#4775 = SURFACE_STYLE_FILL_AREA( #7822 );
#4776 = ORIENTED_EDGE( '', *, *, #7823, .T. );
#4777 = ORIENTED_EDGE( '', *, *, #7824, .T. );
#4778 = ORIENTED_EDGE( '', *, *, #7825, .F. );
#4779 = ORIENTED_EDGE( '', *, *, #7826, .T. );
#4780 = CARTESIAN_POINT( '', ( 0.205050000000000, 0.0900000000000000, -0.114900000000000 ) );
#4781 = DIRECTION( '', ( -1.00000000000000, 0.000000000000000, 0.000000000000000 ) );
#4782 = DIRECTION( '', ( 0.000000000000000, 0.000000000000000, 1.00000000000000 ) );
#4783 = SURFACE_STYLE_FILL_AREA( #7827 );
#4784 = ORIENTED_EDGE( '', *, *, #7828, .F. );
#4785 = ORIENTED_EDGE( '', *, *, #7817, .T. );
#4786 = ORIENTED_EDGE( '', *, *, #7829, .T. );
#4787 = ORIENTED_EDGE( '', *, *, #7830, .F. );
#4788 = CARTESIAN_POINT( '', ( 0.262500000000000, 0.305000000000000, 0.0437500000000000 ) );
#4789 = DIRECTION( '', ( 0.000000000000000, -1.00000000000000, 0.000000000000000 ) );
#4790 = DIRECTION( '', ( 0.000000000000000, 0.000000000000000, -1.00000000000000 ) );
#4791 = SURFACE_STYLE_FILL_AREA( #7831 );
#4792 = ORIENTED_EDGE( '', *, *, #7546, .F. );
#4793 = ORIENTED_EDGE( '', *, *, #7832, .T. );
#4794 = ORIENTED_EDGE( '', *, *, #7833, .F. );
#4795 = ORIENTED_EDGE( '', *, *, #7834, .F. );
#4796 = CARTESIAN_POINT( '', ( 0.262500000000000, -0.0725000000000000, -0.0875000000000000 ) );
#4797 = DIRECTION( '', ( -0.000000000000000, 1.00000000000000, 1.25314128149737E-16 ) );
#4798 = DIRECTION( '', ( 0.000000000000000, -1.25314128149737E-16, 1.00000000000000 ) );
#4799 = SURFACE_STYLE_FILL_AREA( #7835 );
#4800 = ORIENTED_EDGE( '', *, *, #7836, .T. );
#4801 = ORIENTED_EDGE( '', *, *, #7837, .F. );
#4802 = ORIENTED_EDGE( '', *, *, #7838, .T. );
#4803 = ORIENTED_EDGE( '', *, *, #7309, .T. );
#4804 = CARTESIAN_POINT( '', ( 0.325000000000000, 0.320000000000000, -0.0750000000000000 ) );
#4805 = DIRECTION( '', ( 1.00000000000000, 0.000000000000000, 0.000000000000000 ) );
#4806 = DIRECTION( '', ( 0.000000000000000, 0.000000000000000, -1.00000000000000 ) );
#4807 = SURFACE_STYLE_FILL_AREA( #7839 );
#4808 = ORIENTED_EDGE( '', *, *, #7840, .T. );
#4809 = ORIENTED_EDGE( '', *, *, #7665, .T. );
#4810 = ORIENTED_EDGE( '', *, *, #7841, .T. );
#4811 = ORIENTED_EDGE( '', *, *, #7842, .F. );
#4812 = CARTESIAN_POINT( '', ( 0.262500000000000, -0.166250000000000, -0.230000000000000 ) );
#4813 = DIRECTION( '', ( 0.000000000000000, 0.000000000000000, 1.00000000000000 ) );
#4814 = DIRECTION( '', ( 1.00000000000000, 0.000000000000000, -0.000000000000000 ) );
#4815 = SURFACE_STYLE_FILL_AREA( #7843 );
#4816 = ORIENTED_EDGE( '', *, *, #7365, .F. );
#4817 = ORIENTED_EDGE( '', *, *, #7844, .F. );
#4818 = ORIENTED_EDGE( '', *, *, #7845, .F. );
#4819 = ORIENTED_EDGE( '', *, *, #7128, .F. );
#4820 = ORIENTED_EDGE( '', *, *, #7846, .T. );
#4821 = ORIENTED_EDGE( '', *, *, #7847, .F. );
#4822 = ORIENTED_EDGE( '', *, *, #7766, .T. );
#4823 = ORIENTED_EDGE( '', *, *, #7848, .T. );
#4824 = ORIENTED_EDGE( '', *, *, #7849, .T. );
#4825 = ORIENTED_EDGE( '', *, *, #7696, .F. );
#4826 = ORIENTED_EDGE( '', *, *, #7764, .T. );
#4827 = ORIENTED_EDGE( '', *, *, #7466, .T. );
#4828 = ORIENTED_EDGE( '', *, *, #7850, .T. );
#4829 = ORIENTED_EDGE( '', *, *, #7417, .F. );
#4830 = ORIENTED_EDGE( '', *, *, #7763, .T. );
#4831 = ORIENTED_EDGE( '', *, *, #7851, .T. );
#4832 = ORIENTED_EDGE( '', *, *, #7852, .T. );
#4833 = ORIENTED_EDGE( '', *, *, #7853, .F. );
#4834 = ORIENTED_EDGE( '', *, *, #7759, .T. );
#4835 = ORIENTED_EDGE( '', *, *, #7854, .T. );
#4836 = ORIENTED_EDGE( '', *, *, #7456, .T. );
#4837 = ORIENTED_EDGE( '', *, *, #7855, .F. );
#4838 = ORIENTED_EDGE( '', *, *, #7756, .T. );
#4839 = ORIENTED_EDGE( '', *, *, #7856, .T. );
#4840 = ORIENTED_EDGE( '', *, *, #7353, .T. );
#4841 = ORIENTED_EDGE( '', *, *, #7677, .F. );
#4842 = ORIENTED_EDGE( '', *, *, #7753, .T. );
#4843 = ORIENTED_EDGE( '', *, *, #7857, .T. );
#4844 = ORIENTED_EDGE( '', *, *, #7858, .T. );
#4845 = ORIENTED_EDGE( '', *, *, #7700, .T. );
#4846 = ORIENTED_EDGE( '', *, *, #7054, .F. );
#4847 = ORIENTED_EDGE( '', *, *, #7306, .T. );
#4848 = ORIENTED_EDGE( '', *, *, #7303, .T. );
#4849 = ORIENTED_EDGE( '', *, *, #7859, .F. );
#4850 = ORIENTED_EDGE( '', *, *, #7805, .F. );
#4851 = ORIENTED_EDGE( '', *, *, #7860, .T. );
#4852 = ORIENTED_EDGE( '', *, *, #7299, .T. );
#4853 = ORIENTED_EDGE( '', *, *, #7861, .F. );
#4854 = ORIENTED_EDGE( '', *, *, #7862, .F. );
#4855 = ORIENTED_EDGE( '', *, *, #7863, .T. );
#4856 = ORIENTED_EDGE( '', *, *, #7295, .T. );
#4857 = ORIENTED_EDGE( '', *, *, #7864, .T. );
#4858 = ORIENTED_EDGE( '', *, *, #7865, .F. );
#4859 = ORIENTED_EDGE( '', *, *, #7866, .F. );
#4860 = ORIENTED_EDGE( '', *, *, #7867, .F. );
#4861 = ORIENTED_EDGE( '', *, *, #7461, .T. );
#4862 = ORIENTED_EDGE( '', *, *, #7868, .F. );
#4863 = ORIENTED_EDGE( '', *, *, #7183, .T. );
#4864 = ORIENTED_EDGE( '', *, *, #7869, .T. );
#4865 = ORIENTED_EDGE( '', *, *, #7870, .F. );
#4866 = ORIENTED_EDGE( '', *, *, #7871, .F. );
#4867 = ORIENTED_EDGE( '', *, *, #7872, .T. );
#4868 = ORIENTED_EDGE( '', *, *, #7873, .T. );
#4869 = ORIENTED_EDGE( '', *, *, #7874, .F. );
#4870 = ORIENTED_EDGE( '', *, *, #7693, .F. );
#4871 = ORIENTED_EDGE( '', *, *, #7875, .T. );
#4872 = ORIENTED_EDGE( '', *, *, #7876, .T. );
#4873 = ORIENTED_EDGE( '', *, *, #7508, .F. );
#4874 = ORIENTED_EDGE( '', *, *, #7188, .F. );
#4875 = ORIENTED_EDGE( '', *, *, #7877, .F. );
#4876 = ORIENTED_EDGE( '', *, *, #7878, .F. );
#4877 = ORIENTED_EDGE( '', *, *, #7836, .F. );
#4878 = ORIENTED_EDGE( '', *, *, #7308, .F. );
#4879 = ORIENTED_EDGE( '', *, *, #7542, .F. );
#4880 = CARTESIAN_POINT( '', ( 0.330000000000000, 0.0200000000000000, 0.115000000000000 ) );
#4881 = DIRECTION( '', ( -0.000000000000000, 1.00000000000000, 0.000000000000000 ) );
#4882 = DIRECTION( '', ( 0.000000000000000, -0.000000000000000, 1.00000000000000 ) );
#4883 = SURFACE_STYLE_FILL_AREA( #7879 );
#4884 = ORIENTED_EDGE( '', *, *, #7211, .F. );
#4885 = ORIENTED_EDGE( '', *, *, #7582, .F. );
#4886 = ORIENTED_EDGE( '', *, *, #7880, .F. );
#4887 = ORIENTED_EDGE( '', *, *, #7881, .T. );
#4888 = CARTESIAN_POINT( '', ( 0.262500000000000, 0.298750000000000, -0.0375000000000000 ) );
#4889 = DIRECTION( '', ( 0.000000000000000, 0.000000000000000, -1.00000000000000 ) );
#4890 = DIRECTION( '', ( -1.00000000000000, 0.000000000000000, 0.000000000000000 ) );
#4891 = SURFACE_STYLE_FILL_AREA( #7882 );
#4892 = ORIENTED_EDGE( '', *, *, #7883, .F. );
#4893 = ORIENTED_EDGE( '', *, *, #7884, .T. );
#4894 = ORIENTED_EDGE( '', *, *, #7885, .F. );
#4895 = ORIENTED_EDGE( '', *, *, #7852, .F. );
#4896 = CARTESIAN_POINT( '', ( 0.330000000000000, 0.000000000000000, 0.115000000000000 ) );
#4897 = DIRECTION( '', ( 0.000000000000000, 0.000000000000000, 1.00000000000000 ) );
#4898 = DIRECTION( '', ( 1.00000000000000, 0.000000000000000, -0.000000000000000 ) );
#4899 = SURFACE_STYLE_FILL_AREA( #7886 );
#4900 = ORIENTED_EDGE( '', *, *, #7887, .F. );
#4901 = ORIENTED_EDGE( '', *, *, #7888, .T. );
#4902 = ORIENTED_EDGE( '', *, *, #7889, .T. );
#4903 = ORIENTED_EDGE( '', *, *, #7890, .F. );
#4904 = CARTESIAN_POINT( '', ( 0.262500000000000, 0.0650000000000000, -0.0375000000000000 ) );
#4905 = DIRECTION( '', ( 0.000000000000000, -1.00000000000000, 3.41480999208033E-16 ) );
#4906 = DIRECTION( '', ( 0.000000000000000, -3.41480999208033E-16, -1.00000000000000 ) );
#4907 = SURFACE_STYLE_FILL_AREA( #7891 );
#4908 = ORIENTED_EDGE( '', *, *, #7107, .T. );
#4909 = ORIENTED_EDGE( '', *, *, #7892, .F. );
#4910 = ORIENTED_EDGE( '', *, *, #7893, .T. );
#4911 = ORIENTED_EDGE( '', *, *, #7894, .T. );
#4912 = CARTESIAN_POINT( '', ( 0.123000000000000, 0.305000000000000, 0.0500000000000000 ) );
#4913 = DIRECTION( '', ( 0.999390827019096, 0.0348994967025016, -0.000000000000000 ) );
#4914 = DIRECTION( '', ( -0.0348994967025016, 0.999390827019096, 0.000000000000000 ) );
#4915 = SURFACE_STYLE_FILL_AREA( #7895 );
#4916 = ORIENTED_EDGE( '', *, *, #7896, .T. );
#4917 = ORIENTED_EDGE( '', *, *, #7378, .F. );
#4918 = ORIENTED_EDGE( '', *, *, #7897, .F. );
#4919 = ORIENTED_EDGE( '', *, *, #7504, .T. );
#4920 = CARTESIAN_POINT( '', ( 0.262500000000000, -0.0662500000000000, -0.230000000000000 ) );
#4921 = DIRECTION( '', ( 0.000000000000000, 0.000000000000000, 1.00000000000000 ) );
#4922 = DIRECTION( '', ( 1.00000000000000, 0.000000000000000, -0.000000000000000 ) );
#4923 = SURFACE_STYLE_FILL_AREA( #7898 );
#4924 = ORIENTED_EDGE( '', *, *, #7275, .T. );
#4925 = ORIENTED_EDGE( '', *, *, #7619, .T. );
#4926 = ORIENTED_EDGE( '', *, *, #7899, .T. );
#4927 = ORIENTED_EDGE( '', *, *, #7900, .F. );
#4928 = CARTESIAN_POINT( '', ( 0.162500000000000, 0.0600000000000000, 0.145000000000000 ) );
#4929 = DIRECTION( '', ( 0.000000000000000, 1.00000000000000, 0.000000000000000 ) );
#4930 = DIRECTION( '', ( 0.000000000000000, -0.000000000000000, 1.00000000000000 ) );
#4931 = SURFACE_STYLE_FILL_AREA( #7901 );
#4932 = ORIENTED_EDGE( '', *, *, #7150, .F. );
#4933 = ORIENTED_EDGE( '', *, *, #7902, .T. );
#4934 = ORIENTED_EDGE( '', *, *, #7526, .F. );
#4935 = ORIENTED_EDGE( '', *, *, #7903, .F. );
#4936 = CARTESIAN_POINT( '', ( 0.262500000000000, -0.0225000000000000, -0.0875000000000000 ) );
#4937 = DIRECTION( '', ( 1.00000000000000, -0.000000000000000, -0.000000000000000 ) );
#4938 = DIRECTION( '', ( 0.000000000000000, 0.000000000000000, 1.00000000000000 ) );
#4939 = SURFACE_STYLE_FILL_AREA( #7904 );
#4940 = ORIENTED_EDGE( '', *, *, #7905, .T. );
#4941 = ORIENTED_EDGE( '', *, *, #7906, .T. );
#4942 = ORIENTED_EDGE( '', *, *, #7475, .T. );
#4943 = ORIENTED_EDGE( '', *, *, #7907, .T. );
#4944 = CARTESIAN_POINT( '', ( 0.400000000000000, 0.0900000000000000, -6.40276873515062E-18 ) );
#4945 = DIRECTION( '', ( 0.000000000000000, 1.00000000000000, -0.000000000000000 ) );
#4946 = DIRECTION( '', ( 0.000000000000000, 0.000000000000000, 1.00000000000000 ) );
#4947 = SURFACE_STYLE_FILL_AREA( #7908 );
#4948 = ORIENTED_EDGE( '', *, *, #7909, .T. );
#4949 = ORIENTED_EDGE( '', *, *, #7910, .T. );
#4950 = ORIENTED_EDGE( '', *, *, #7911, .T. );
#4951 = ORIENTED_EDGE( '', *, *, #7912, .T. );
#4952 = CARTESIAN_POINT( '', ( 0.0117523516656321, 0.323000000000000, 0.0500000000000000 ) );
#4953 = DIRECTION( '', ( 0.848048096156426, 0.529919264233205, -0.000000000000000 ) );
#4954 = DIRECTION( '', ( -0.529919264233205, 0.848048096156426, 0.000000000000000 ) );
#4955 = SURFACE_STYLE_FILL_AREA( #7913 );
#4956 = ORIENTED_EDGE( '', *, *, #7465, .F. );
#4957 = ORIENTED_EDGE( '', *, *, #7479, .T. );
#4958 = ORIENTED_EDGE( '', *, *, #7418, .F. );
#4959 = ORIENTED_EDGE( '', *, *, #7850, .F. );
#4960 = CARTESIAN_POINT( '', ( 0.330000000000000, 0.000000000000000, 0.115000000000000 ) );
#4961 = DIRECTION( '', ( 0.000000000000000, 0.000000000000000, 1.00000000000000 ) );
#4962 = DIRECTION( '', ( 1.00000000000000, 0.000000000000000, -0.000000000000000 ) );
#4963 = SURFACE_STYLE_FILL_AREA( #7914 );
#4964 = ORIENTED_EDGE( '', *, *, #7915, .F. );
#4965 = ORIENTED_EDGE( '', *, *, #7846, .F. );
#4966 = ORIENTED_EDGE( '', *, *, #7133, .F. );
#4967 = ORIENTED_EDGE( '', *, *, #7594, .T. );
#4968 = CARTESIAN_POINT( '', ( 0.330000000000000, 0.000000000000000, 0.115000000000000 ) );
#4969 = DIRECTION( '', ( 0.000000000000000, 0.000000000000000, 1.00000000000000 ) );
#4970 = DIRECTION( '', ( 1.00000000000000, 0.000000000000000, -0.000000000000000 ) );
#4971 = SURFACE_STYLE_FILL_AREA( #7916 );
#4972 = ORIENTED_EDGE( '', *, *, #7300, .F. );
#4973 = ORIENTED_EDGE( '', *, *, #7860, .F. );
#4974 = ORIENTED_EDGE( '', *, *, #7804, .T. );
#4975 = ORIENTED_EDGE( '', *, *, #7917, .T. );
#4976 = CARTESIAN_POINT( '', ( -0.182500000000000, 0.0200000000000000, 0.145000000000000 ) );
#4977 = DIRECTION( '', ( 1.00000000000000, 0.000000000000000, -0.000000000000000 ) );
#4978 = DIRECTION( '', ( -0.000000000000000, 0.000000000000000, -1.00000000000000 ) );
#4979 = SURFACE_STYLE_FILL_AREA( #7918 );
#4980 = ORIENTED_EDGE( '', *, *, #7094, .F. );
#4981 = ORIENTED_EDGE( '', *, *, #7286, .F. );
#4982 = ORIENTED_EDGE( '', *, *, #7919, .F. );
#4983 = ORIENTED_EDGE( '', *, *, #7608, .T. );
#4984 = CARTESIAN_POINT( '', ( 0.262500000000000, 0.305000000000000, 0.0562500000000000 ) );
#4985 = DIRECTION( '', ( 0.000000000000000, -0.707106781186549, -0.707106781186546 ) );
#4986 = DIRECTION( '', ( 0.000000000000000, 0.707106781186545, -0.707106781186549 ) );
#4987 = SURFACE_STYLE_FILL_AREA( #7920 );
#4988 = ORIENTED_EDGE( '', *, *, #7151, .F. );
#4989 = ORIENTED_EDGE( '', *, *, #7903, .T. );
#4990 = ORIENTED_EDGE( '', *, *, #7525, .F. );
#4991 = ORIENTED_EDGE( '', *, *, #7793, .F. );
#4992 = CARTESIAN_POINT( '', ( 0.262500000000000, -0.0725000000000000, -0.0875000000000000 ) );
#4993 = DIRECTION( '', ( -0.000000000000000, 1.00000000000000, 1.25314128149737E-16 ) );
#4994 = DIRECTION( '', ( 0.000000000000000, -1.25314128149737E-16, 1.00000000000000 ) );
#4995 = SURFACE_STYLE_FILL_AREA( #7921 );
#4996 = ORIENTED_EDGE( '', *, *, #7922, .F. );
#4997 = ORIENTED_EDGE( '', *, *, #7871, .T. );
#4998 = ORIENTED_EDGE( '', *, *, #7923, .F. );
#4999 = ORIENTED_EDGE( '', *, *, #7924, .F. );
#5000 = CARTESIAN_POINT( '', ( 0.330000000000000, 0.0200000000000000, -0.115000000000000 ) );
#5001 = DIRECTION( '', ( 0.000000000000000, 0.000000000000000, -1.00000000000000 ) );
#5002 = DIRECTION( '', ( -1.00000000000000, 0.000000000000000, 0.000000000000000 ) );
#5003 = SURFACE_STYLE_FILL_AREA( #7925 );
#5004 = ORIENTED_EDGE( '', *, *, #7728, .F. );
#5005 = ORIENTED_EDGE( '', *, *, #7926, .T. );
#5006 = ORIENTED_EDGE( '', *, *, #7927, .F. );
#5007 = ORIENTED_EDGE( '', *, *, #7718, .F. );
#5008 = CARTESIAN_POINT( '', ( 0.262500000000000, -0.0725000000000000, -0.223750000000000 ) );
#5009 = DIRECTION( '', ( -0.000000000000000, 0.707106781186547, 0.707106781186548 ) );
#5010 = DIRECTION( '', ( 0.000000000000000, -0.707106781186548, 0.707106781186547 ) );
#5011 = SURFACE_STYLE_FILL_AREA( #7928 );
#5012 = ORIENTED_EDGE( '', *, *, #7929, .T. );
#5013 = ORIENTED_EDGE( '', *, *, #7930, .T. );
#5014 = ORIENTED_EDGE( '', *, *, #7931, .T. );
#5015 = ORIENTED_EDGE( '', *, *, #7932, .F. );
#5016 = ORIENTED_EDGE( '', *, *, #7538, .T. );
#5017 = ORIENTED_EDGE( '', *, *, #7080, .T. );
#5018 = ORIENTED_EDGE( '', *, *, #7933, .F. );
#5019 = ORIENTED_EDGE( '', *, *, #7934, .T. );
#5020 = ORIENTED_EDGE( '', *, *, #7413, .T. );
#5021 = ORIENTED_EDGE( '', *, *, #7674, .T. );
#5022 = CARTESIAN_POINT( '', ( -0.0625000000000000, -0.200000000000000, 0.145000000000000 ) );
#5023 = DIRECTION( '', ( -1.00000000000000, 0.000000000000000, 0.000000000000000 ) );
#5024 = DIRECTION( '', ( 0.000000000000000, 0.000000000000000, 1.00000000000000 ) );
#5025 = SURFACE_STYLE_FILL_AREA( #7935 );
#5026 = ORIENTED_EDGE( '', *, *, #7323, .T. );
#5027 = ORIENTED_EDGE( '', *, *, #7936, .T. );
#5028 = ORIENTED_EDGE( '', *, *, #7199, .T. );
#5029 = ORIENTED_EDGE( '', *, *, #7937, .F. );
#5030 = CARTESIAN_POINT( '', ( -0.123000000000000, 0.305000000000000, 0.0500000000000000 ) );
#5031 = DIRECTION( '', ( -0.848048096156426, 0.529919264233205, 0.000000000000000 ) );
#5032 = DIRECTION( '', ( -0.529919264233204, -0.848048096156426, 0.000000000000000 ) );
#5033 = SURFACE_STYLE_FILL_AREA( #7938 );
#5034 = ORIENTED_EDGE( '', *, *, #7865, .T. );
#5035 = ORIENTED_EDGE( '', *, *, #7939, .F. );
#5036 = ORIENTED_EDGE( '', *, *, #7940, .F. );
#5037 = ORIENTED_EDGE( '', *, *, #7180, .T. );
#5038 = ORIENTED_EDGE( '', *, *, #7868, .T. );
#5039 = ORIENTED_EDGE( '', *, *, #7460, .T. );
#5040 = ORIENTED_EDGE( '', *, *, #7565, .T. );
#5041 = ORIENTED_EDGE( '', *, *, #7941, .T. );
#5042 = CARTESIAN_POINT( '', ( 0.330000000000000, 0.000000000000000, -0.145000000000000 ) );
#5043 = DIRECTION( '', ( 0.000000000000000, 0.000000000000000, 1.00000000000000 ) );
#5044 = DIRECTION( '', ( 1.00000000000000, 0.000000000000000, -0.000000000000000 ) );
#5045 = SURFACE_STYLE_FILL_AREA( #7942 );
#5046 = ORIENTED_EDGE( '', *, *, #7943, .F. );
#5047 = ORIENTED_EDGE( '', *, *, #7392, .F. );
#5048 = ORIENTED_EDGE( '', *, *, #7944, .F. );
#5049 = ORIENTED_EDGE( '', *, *, #7376, .T. );
#5050 = CARTESIAN_POINT( '', ( 0.262500000000000, -0.0475000000000000, -0.223750000000000 ) );
#5051 = DIRECTION( '', ( 0.000000000000000, -1.00000000000000, -1.25314128149737E-16 ) );
#5052 = DIRECTION( '', ( 0.000000000000000, 1.25314128149737E-16, -1.00000000000000 ) );
#5053 = SURFACE_STYLE_FILL_AREA( #7945 );
#5054 = ORIENTED_EDGE( '', *, *, #7263, .T. );
#5055 = ORIENTED_EDGE( '', *, *, #7946, .T. );
#5056 = ORIENTED_EDGE( '', *, *, #7779, .T. );
#5057 = ORIENTED_EDGE( '', *, *, #7570, .F. );
#5058 = ORIENTED_EDGE( '', *, *, #7947, .T. );
#5059 = ORIENTED_EDGE( '', *, *, #7711, .T. );
#5060 = ORIENTED_EDGE( '', *, *, #7948, .F. );
#5061 = ORIENTED_EDGE( '', *, *, #7783, .T. );
#5062 = ORIENTED_EDGE( '', *, *, #7631, .T. );
#5063 = ORIENTED_EDGE( '', *, *, #7949, .T. );
#5064 = CARTESIAN_POINT( '', ( 0.0375000000000000, -0.200000000000000, 0.145000000000000 ) );
#5065 = DIRECTION( '', ( -1.00000000000000, 0.000000000000000, 0.000000000000000 ) );
#5066 = DIRECTION( '', ( 0.000000000000000, 0.000000000000000, 1.00000000000000 ) );
#5067 = SURFACE_STYLE_FILL_AREA( #7950 );
#5068 = ORIENTED_EDGE( '', *, *, #7951, .F. );
#5069 = ORIENTED_EDGE( '', *, *, #7281, .F. );
#5070 = ORIENTED_EDGE( '', *, *, #7452, .F. );
#5071 = ORIENTED_EDGE( '', *, *, #7952, .T. );
#5072 = CARTESIAN_POINT( '', ( 0.262500000000000, 0.305000000000000, 0.0562500000000000 ) );
#5073 = DIRECTION( '', ( 0.000000000000000, -0.707106781186549, -0.707106781186546 ) );
#5074 = DIRECTION( '', ( 0.000000000000000, 0.707106781186545, -0.707106781186549 ) );
#5075 = SURFACE_STYLE_FILL_AREA( #7953 );
#5076 = ORIENTED_EDGE( '', *, *, #7251, .T. );
#5077 = ORIENTED_EDGE( '', *, *, #7954, .T. );
#5078 = ORIENTED_EDGE( '', *, *, #7955, .T. );
#5079 = ORIENTED_EDGE( '', *, *, #7956, .T. );
#5080 = ORIENTED_EDGE( '', *, *, #7641, .T. );
#5081 = ORIENTED_EDGE( '', *, *, #7957, .T. );
#5082 = ORIENTED_EDGE( '', *, *, #7958, .T. );
#5083 = ORIENTED_EDGE( '', *, *, #7887, .T. );
#5084 = ORIENTED_EDGE( '', *, *, #7959, .T. );
#5085 = ORIENTED_EDGE( '', *, *, #7814, .T. );
#5086 = ORIENTED_EDGE( '', *, *, #7828, .T. );
#5087 = ORIENTED_EDGE( '', *, *, #7960, .T. );
#5088 = CARTESIAN_POINT( '', ( -0.237500000000000, 0.325000000000000, 0.145000000000000 ) );
#5089 = DIRECTION( '', ( 1.00000000000000, 0.000000000000000, -0.000000000000000 ) );
#5090 = DIRECTION( '', ( -0.000000000000000, 0.000000000000000, -1.00000000000000 ) );
#5091 = SURFACE_STYLE_FILL_AREA( #7961 );
#5092 = ORIENTED_EDGE( '', *, *, #7254, .T. );
#5093 = ORIENTED_EDGE( '', *, *, #7218, .T. );
#5094 = ORIENTED_EDGE( '', *, *, #7490, .T. );
#5095 = ORIENTED_EDGE( '', *, *, #7663, .T. );
#5096 = ORIENTED_EDGE( '', *, *, #7840, .F. );
#5097 = ORIENTED_EDGE( '', *, *, #7962, .T. );
#5098 = ORIENTED_EDGE( '', *, *, #7963, .T. );
#5099 = ORIENTED_EDGE( '', *, *, #7242, .F. );
#5100 = ORIENTED_EDGE( '', *, *, #7604, .T. );
#5101 = ORIENTED_EDGE( '', *, *, #7964, .F. );
#5102 = CARTESIAN_POINT( '', ( -0.237500000000000, 0.0400000000000000, 0.145000000000000 ) );
#5103 = DIRECTION( '', ( 1.00000000000000, 0.000000000000000, -0.000000000000000 ) );
#5104 = DIRECTION( '', ( -0.000000000000000, 0.000000000000000, -1.00000000000000 ) );
#5105 = SURFACE_STYLE_FILL_AREA( #7965 );
#5106 = ORIENTED_EDGE( '', *, *, #7966, .F. );
#5107 = ORIENTED_EDGE( '', *, *, #7761, .F. );
#5108 = ORIENTED_EDGE( '', *, *, #7967, .T. );
#5109 = ORIENTED_EDGE( '', *, *, #7884, .F. );
#5110 = CARTESIAN_POINT( '', ( 0.330000000000000, 0.000000000000000, 0.145000000000000 ) );
#5111 = DIRECTION( '', ( -0.000000000000000, 1.00000000000000, 0.000000000000000 ) );
#5112 = DIRECTION( '', ( 0.000000000000000, -0.000000000000000, 1.00000000000000 ) );
#5113 = SURFACE_STYLE_FILL_AREA( #7968 );
#5114 = ORIENTED_EDGE( '', *, *, #7969, .F. );
#5115 = ORIENTED_EDGE( '', *, *, #7970, .F. );
#5116 = ORIENTED_EDGE( '', *, *, #7971, .F. );
#5117 = ORIENTED_EDGE( '', *, *, #7972, .T. );
#5118 = CARTESIAN_POINT( '', ( 0.262500000000000, 0.298750000000000, 0.0375000000000000 ) );
#5119 = DIRECTION( '', ( 0.000000000000000, -0.707106781186549, 0.707106781186546 ) );
#5120 = DIRECTION( '', ( 0.000000000000000, -0.707106781186546, -0.707106781186549 ) );
#5121 = SURFACE_STYLE_FILL_AREA( #7973 );
#5122 = ORIENTED_EDGE( '', *, *, #7974, .T. );
#5123 = ORIENTED_EDGE( '', *, *, #7866, .T. );
#5124 = ORIENTED_EDGE( '', *, *, #7941, .F. );
#5125 = ORIENTED_EDGE( '', *, *, #7564, .F. );
#5126 = CARTESIAN_POINT( '', ( -0.0175000000000000, 0.000000000000000, 0.145000000000000 ) );
#5127 = DIRECTION( '', ( -1.00000000000000, 0.000000000000000, 0.000000000000000 ) );
#5128 = DIRECTION( '', ( 0.000000000000000, 0.000000000000000, 1.00000000000000 ) );
#5129 = SURFACE_STYLE_FILL_AREA( #7975 );
#5130 = ORIENTED_EDGE( '', *, *, #7976, .F. );
#5131 = ORIENTED_EDGE( '', *, *, #7249, .T. );
#5132 = ORIENTED_EDGE( '', *, *, #7977, .F. );
#5133 = ORIENTED_EDGE( '', *, *, #7978, .F. );
#5134 = CARTESIAN_POINT( '', ( 0.262500000000000, -0.147500000000000, -0.223750000000000 ) );
#5135 = DIRECTION( '', ( 0.000000000000000, -1.00000000000000, -7.22711109434990E-17 ) );
#5136 = DIRECTION( '', ( 0.000000000000000, 7.22711109434990E-17, -1.00000000000000 ) );
#5137 = SURFACE_STYLE_FILL_AREA( #7979 );
#5138 = ORIENTED_EDGE( '', *, *, #7980, .T. );
#5139 = ORIENTED_EDGE( '', *, *, #7912, .F. );
#5140 = ORIENTED_EDGE( '', *, *, #7981, .T. );
#5141 = ORIENTED_EDGE( '', *, *, #7232, .T. );
#5142 = CARTESIAN_POINT( '', ( 0.0230000000000000, 0.305000000000000, 0.0500000000000000 ) );
#5143 = DIRECTION( '', ( 0.999390827019096, 0.0348994967025016, -0.000000000000000 ) );
#5144 = DIRECTION( '', ( -0.0348994967025016, 0.999390827019096, 0.000000000000000 ) );
#5145 = SURFACE_STYLE_FILL_AREA( #7982 );
#5146 = ORIENTED_EDGE( '', *, *, #7983, .F. );
#5147 = ORIENTED_EDGE( '', *, *, #7984, .F. );
#5148 = ORIENTED_EDGE( '', *, *, #7985, .T. );
#5149 = ORIENTED_EDGE( '', *, *, #7439, .F. );
#5150 = ORIENTED_EDGE( '', *, *, #7986, .F. );
#5151 = ORIENTED_EDGE( '', *, *, #7987, .F. );
#5152 = ORIENTED_EDGE( '', *, *, #7988, .F. );
#5153 = ORIENTED_EDGE( '', *, *, #7634, .F. );
#5154 = ORIENTED_EDGE( '', *, *, #7172, .F. );
#5155 = ORIENTED_EDGE( '', *, *, #7736, .F. );
#5156 = ORIENTED_EDGE( '', *, *, #7989, .F. );
#5157 = ORIENTED_EDGE( '', *, *, #7605, .F. );
#5158 = ORIENTED_EDGE( '', *, *, #7244, .T. );
#5159 = ORIENTED_EDGE( '', *, *, #7990, .F. );
#5160 = ORIENTED_EDGE( '', *, *, #7991, .F. );
#5161 = ORIENTED_EDGE( '', *, *, #7841, .F. );
#5162 = ORIENTED_EDGE( '', *, *, #7664, .F. );
#5163 = ORIENTED_EDGE( '', *, *, #7491, .F. );
#5164 = ORIENTED_EDGE( '', *, *, #7220, .F. );
#5165 = ORIENTED_EDGE( '', *, *, #7253, .F. );
#5166 = ORIENTED_EDGE( '', *, *, #7992, .F. );
#5167 = ORIENTED_EDGE( '', *, *, #7829, .F. );
#5168 = ORIENTED_EDGE( '', *, *, #7816, .F. );
#5169 = ORIENTED_EDGE( '', *, *, #7993, .F. );
#5170 = ORIENTED_EDGE( '', *, *, #7889, .F. );
#5171 = ORIENTED_EDGE( '', *, *, #7994, .F. );
#5172 = ORIENTED_EDGE( '', *, *, #7995, .F. );
#5173 = ORIENTED_EDGE( '', *, *, #7643, .F. );
#5174 = CARTESIAN_POINT( '', ( -0.262500000000000, -0.122500000000000, 0.0125000000000000 ) );
#5175 = DIRECTION( '', ( 1.00000000000000, 0.000000000000000, 0.000000000000000 ) );
#5176 = DIRECTION( '', ( 0.000000000000000, 0.000000000000000, -1.00000000000000 ) );
#5177 = SURFACE_STYLE_FILL_AREA( #7996 );
#5178 = ORIENTED_EDGE( '', *, *, #7153, .T. );
#5179 = ORIENTED_EDGE( '', *, *, #7794, .T. );
#5180 = ORIENTED_EDGE( '', *, *, #7523, .T. );
#5181 = ORIENTED_EDGE( '', *, *, #7997, .F. );
#5182 = CARTESIAN_POINT( '', ( 0.262500000000000, -0.0662500000000000, -0.230000000000000 ) );
#5183 = DIRECTION( '', ( 0.000000000000000, 0.000000000000000, 1.00000000000000 ) );
#5184 = DIRECTION( '', ( 1.00000000000000, 0.000000000000000, -0.000000000000000 ) );
#5185 = SURFACE_STYLE_FILL_AREA( #7998 );
#5186 = ORIENTED_EDGE( '', *, *, #7487, .F. );
#5187 = ORIENTED_EDGE( '', *, *, #7999, .F. );
#5188 = ORIENTED_EDGE( '', *, *, #8000, .F. );
#5189 = ORIENTED_EDGE( '', *, *, #8001, .T. );
#5190 = CARTESIAN_POINT( '', ( 0.262500000000000, -0.172500000000000, 0.0125000000000000 ) );
#5191 = DIRECTION( '', ( -0.000000000000000, 1.00000000000000, 0.000000000000000 ) );
#5192 = DIRECTION( '', ( 0.000000000000000, -0.000000000000000, 1.00000000000000 ) );
#5193 = SURFACE_STYLE_FILL_AREA( #8002 );
#5194 = ORIENTED_EDGE( '', *, *, #8003, .T. );
#5195 = ORIENTED_EDGE( '', *, *, #8004, .F. );
#5196 = ORIENTED_EDGE( '', *, *, #8005, .F. );
#5197 = ORIENTED_EDGE( '', *, *, #7034, .T. );
#5198 = CARTESIAN_POINT( '', ( -0.00505000000000002, 0.0900000000000000, -0.114900000000000 ) );
#5199 = DIRECTION( '', ( 0.000000000000000, 0.000000000000000, -1.00000000000000 ) );
#5200 = DIRECTION( '', ( -1.00000000000000, 0.000000000000000, 0.000000000000000 ) );
#5201 = SURFACE_STYLE_FILL_AREA( #8006 );
#5202 = ORIENTED_EDGE( '', *, *, #7469, .T. );
#5203 = ORIENTED_EDGE( '', *, *, #7483, .T. );
#5204 = ORIENTED_EDGE( '', *, *, #8007, .F. );
#5205 = ORIENTED_EDGE( '', *, *, #8008, .T. );
#5206 = CARTESIAN_POINT( '', ( 0.262500000000000, -0.122500000000000, 0.0125000000000000 ) );
#5207 = DIRECTION( '', ( 1.00000000000000, -0.000000000000000, -0.000000000000000 ) );
#5208 = DIRECTION( '', ( 0.000000000000000, 0.000000000000000, 1.00000000000000 ) );
#5209 = SURFACE_STYLE_FILL_AREA( #8009 );
#5210 = ORIENTED_EDGE( '', *, *, #7193, .T. );
#5211 = ORIENTED_EDGE( '', *, *, #8010, .F. );
#5212 = ORIENTED_EDGE( '', *, *, #7255, .T. );
#5213 = ORIENTED_EDGE( '', *, *, #7964, .T. );
#5214 = ORIENTED_EDGE( '', *, *, #7606, .T. );
#5215 = ORIENTED_EDGE( '', *, *, #7989, .T. );
#5216 = ORIENTED_EDGE( '', *, *, #7735, .F. );
#5217 = ORIENTED_EDGE( '', *, *, #7169, .T. );
#5218 = ORIENTED_EDGE( '', *, *, #8011, .T. );
#5219 = ORIENTED_EDGE( '', *, *, #8012, .F. );
#5220 = ORIENTED_EDGE( '', *, *, #7686, .F. );
#5221 = ORIENTED_EDGE( '', *, *, #7551, .T. );
#5222 = ORIENTED_EDGE( '', *, *, #8013, .T. );
#5223 = ORIENTED_EDGE( '', *, *, #7930, .F. );
#5224 = ORIENTED_EDGE( '', *, *, #8014, .F. );
#5225 = ORIENTED_EDGE( '', *, *, #8015, .T. );
#5226 = ORIENTED_EDGE( '', *, *, #8016, .T. );
#5227 = ORIENTED_EDGE( '', *, *, #8017, .F. );
#5228 = ORIENTED_EDGE( '', *, *, #7059, .F. );
#5229 = ORIENTED_EDGE( '', *, *, #7733, .T. );
#5230 = ORIENTED_EDGE( '', *, *, #8018, .T. );
#5231 = ORIENTED_EDGE( '', *, *, #7518, .F. );
#5232 = ORIENTED_EDGE( '', *, *, #8019, .F. );
#5233 = ORIENTED_EDGE( '', *, *, #7158, .T. );
#5234 = ORIENTED_EDGE( '', *, *, #8020, .T. );
#5235 = ORIENTED_EDGE( '', *, *, #8021, .F. );
#5236 = ORIENTED_EDGE( '', *, *, #8022, .F. );
#5237 = ORIENTED_EDGE( '', *, *, #8023, .F. );
#5238 = ORIENTED_EDGE( '', *, *, #8024, .T. );
#5239 = ORIENTED_EDGE( '', *, *, #7481, .F. );
#5240 = ORIENTED_EDGE( '', *, *, #7270, .T. );
#5241 = ORIENTED_EDGE( '', *, *, #7363, .T. );
#5242 = ORIENTED_EDGE( '', *, *, #7740, .T. );
#5243 = ORIENTED_EDGE( '', *, *, #8025, .F. );
#5244 = ORIENTED_EDGE( '', *, *, #7266, .T. );
#5245 = ORIENTED_EDGE( '', *, *, #7812, .T. );
#5246 = ORIENTED_EDGE( '', *, *, #7780, .T. );
#5247 = ORIENTED_EDGE( '', *, *, #7946, .F. );
#5248 = ORIENTED_EDGE( '', *, *, #7262, .T. );
#5249 = ORIENTED_EDGE( '', *, *, #7126, .T. );
#5250 = ORIENTED_EDGE( '', *, *, #7773, .T. );
#5251 = ORIENTED_EDGE( '', *, *, #8026, .F. );
#5252 = ORIENTED_EDGE( '', *, *, #7259, .T. );
#5253 = ORIENTED_EDGE( '', *, *, #8027, .T. );
#5254 = CARTESIAN_POINT( '', ( 0.262500000000000, 0.0400000000000000, 0.0375000000000000 ) );
#5255 = DIRECTION( '', ( 0.000000000000000, 1.00000000000000, -1.13826999736011E-16 ) );
#5256 = DIRECTION( '', ( 0.000000000000000, 1.13826999736011E-16, 1.00000000000000 ) );
#5257 = SURFACE_STYLE_FILL_AREA( #8028 );
#5258 = ORIENTED_EDGE( '', *, *, #7120, .F. );
#5259 = ORIENTED_EDGE( '', *, *, #8029, .T. );
#5260 = ORIENTED_EDGE( '', *, *, #8030, .F. );
#5261 = ORIENTED_EDGE( '', *, *, #7649, .F. );
#5262 = CARTESIAN_POINT( '', ( 0.262500000000000, -0.172500000000000, -0.223750000000000 ) );
#5263 = DIRECTION( '', ( -0.000000000000000, 0.707106781186549, 0.707106781186546 ) );
#5264 = DIRECTION( '', ( 0.000000000000000, -0.707106781186545, 0.707106781186549 ) );
#5265 = SURFACE_STYLE_FILL_AREA( #8031 );
#5266 = ORIENTED_EDGE( '', *, *, #8032, .T. );
#5267 = ORIENTED_EDGE( '', *, *, #7066, .F. );
#5268 = ORIENTED_EDGE( '', *, *, #7435, .T. );
#5269 = ORIENTED_EDGE( '', *, *, #8033, .T. );
#5270 = CARTESIAN_POINT( '', ( -0.0266666807966335, 0.200000000000000, 0.0500000000000000 ) );
#5271 = DIRECTION( '', ( -0.999390827019096, 0.0348994967025007, 0.000000000000000 ) );
#5272 = DIRECTION( '', ( -0.0348994967025007, -0.999390827019096, 0.000000000000000 ) );
#5273 = SURFACE_STYLE_FILL_AREA( #8034 );
#5274 = ORIENTED_EDGE( '', *, *, #7279, .T. );
#5275 = ORIENTED_EDGE( '', *, *, #8035, .T. );
#5276 = ORIENTED_EDGE( '', *, *, #8036, .T. );
#5277 = ORIENTED_EDGE( '', *, *, #7442, .F. );
#5278 = CARTESIAN_POINT( '', ( 0.0625000000000000, 0.0600000000000000, 0.145000000000000 ) );
#5279 = DIRECTION( '', ( 0.000000000000000, 1.00000000000000, 0.000000000000000 ) );
#5280 = DIRECTION( '', ( 0.000000000000000, -0.000000000000000, 1.00000000000000 ) );
#5281 = SURFACE_STYLE_FILL_AREA( #8037 );
#5282 = ORIENTED_EDGE( '', *, *, #7276, .T. );
#5283 = ORIENTED_EDGE( '', *, *, #7900, .T. );
#5284 = ORIENTED_EDGE( '', *, *, #8038, .T. );
#5285 = ORIENTED_EDGE( '', *, *, #7398, .T. );
#5286 = ORIENTED_EDGE( '', *, *, #7386, .T. );
#5287 = ORIENTED_EDGE( '', *, *, #8039, .T. );
#5288 = ORIENTED_EDGE( '', *, *, #7669, .T. );
#5289 = ORIENTED_EDGE( '', *, *, #8040, .T. );
#5290 = ORIENTED_EDGE( '', *, *, #8041, .T. );
#5291 = ORIENTED_EDGE( '', *, *, #7971, .T. );
#5292 = ORIENTED_EDGE( '', *, *, #8042, .T. );
#5293 = ORIENTED_EDGE( '', *, *, #7820, .T. );
#5294 = CARTESIAN_POINT( '', ( 0.162500000000000, 0.325000000000000, 0.145000000000000 ) );
#5295 = DIRECTION( '', ( 1.00000000000000, 0.000000000000000, -0.000000000000000 ) );
#5296 = DIRECTION( '', ( -0.000000000000000, 0.000000000000000, -1.00000000000000 ) );
#5297 = SURFACE_STYLE_FILL_AREA( #8043 );
#5298 = ORIENTED_EDGE( '', *, *, #7320, .T. );
#5299 = ORIENTED_EDGE( '', *, *, #7574, .T. );
#5300 = ORIENTED_EDGE( '', *, *, #8044, .T. );
#5301 = ORIENTED_EDGE( '', *, *, #8045, .T. );
#5302 = CARTESIAN_POINT( '', ( 0.100000000000000, 0.0900000000000000, -6.40276873515062E-18 ) );
#5303 = DIRECTION( '', ( 0.000000000000000, 1.00000000000000, -0.000000000000000 ) );
#5304 = DIRECTION( '', ( 0.000000000000000, 0.000000000000000, 1.00000000000000 ) );
#5305 = SURFACE_STYLE_FILL_AREA( #8046 );
#5306 = ORIENTED_EDGE( '', *, *, #8047, .F. );
#5307 = ORIENTED_EDGE( '', *, *, #8048, .F. );
#5308 = ORIENTED_EDGE( '', *, *, #7063, .F. );
#5309 = ORIENTED_EDGE( '', *, *, #8032, .F. );
#5310 = ORIENTED_EDGE( '', *, *, #8049, .F. );
#5311 = ORIENTED_EDGE( '', *, *, #8050, .T. );
#5312 = ORIENTED_EDGE( '', *, *, #7036, .F. );
#5313 = ORIENTED_EDGE( '', *, *, #8051, .F. );
#5314 = ORIENTED_EDGE( '', *, *, #8052, .T. );
#5315 = ORIENTED_EDGE( '', *, *, #8053, .T. );
#5316 = CARTESIAN_POINT( '', ( -0.0949500000000000, 0.0900000000000000, -0.00500000000000000 ) );
#5317 = DIRECTION( '', ( 0.000000000000000, 0.000000000000000, 1.00000000000000 ) );
#5318 = DIRECTION( '', ( 1.00000000000000, 0.000000000000000, -0.000000000000000 ) );
#5319 = SURFACE_STYLE_FILL_AREA( #8054 );
#5320 = ORIENTED_EDGE( '', *, *, #7298, .F. );
#5321 = ORIENTED_EDGE( '', *, *, #8055, .F. );
#5322 = ORIENTED_EDGE( '', *, *, #8056, .T. );
#5323 = ORIENTED_EDGE( '', *, *, #7861, .T. );
#5324 = CARTESIAN_POINT( '', ( -0.117500000000000, 0.000000000000000, 0.145000000000000 ) );
#5325 = DIRECTION( '', ( -1.00000000000000, 0.000000000000000, 0.000000000000000 ) );
#5326 = DIRECTION( '', ( 0.000000000000000, 0.000000000000000, 1.00000000000000 ) );
#5327 = SURFACE_STYLE_FILL_AREA( #8057 );
#5328 = ORIENTED_EDGE( '', *, *, #7738, .F. );
#5329 = ORIENTED_EDGE( '', *, *, #7361, .T. );
#5330 = ORIENTED_EDGE( '', *, *, #8058, .T. );
#5331 = ORIENTED_EDGE( '', *, *, #8059, .T. );
#5332 = CARTESIAN_POINT( '', ( 0.262500000000000, -0.122500000000000, 0.0125000000000000 ) );
#5333 = DIRECTION( '', ( 1.00000000000000, -0.000000000000000, -0.000000000000000 ) );
#5334 = DIRECTION( '', ( 0.000000000000000, 0.000000000000000, 1.00000000000000 ) );
#5335 = SURFACE_STYLE_FILL_AREA( #8060 );
#5336 = ORIENTED_EDGE( '', *, *, #8061, .F. );
#5337 = ORIENTED_EDGE( '', *, *, #7301, .F. );
#5338 = ORIENTED_EDGE( '', *, *, #7917, .F. );
#5339 = ORIENTED_EDGE( '', *, *, #7807, .T. );
#5340 = CARTESIAN_POINT( '', ( 0.330000000000000, 0.000000000000000, -0.115000000000000 ) );
#5341 = DIRECTION( '', ( -0.000000000000000, 1.00000000000000, 0.000000000000000 ) );
#5342 = DIRECTION( '', ( 0.000000000000000, -0.000000000000000, 1.00000000000000 ) );
#5343 = SURFACE_STYLE_FILL_AREA( #8062 );
#5344 = ORIENTED_EDGE( '', *, *, #8063, .F. );
#5345 = ORIENTED_EDGE( '', *, *, #7821, .F. );
#5346 = ORIENTED_EDGE( '', *, *, #8042, .F. );
#5347 = ORIENTED_EDGE( '', *, *, #7970, .T. );
#5348 = CARTESIAN_POINT( '', ( 0.262500000000000, 0.305000000000000, 0.0437500000000000 ) );
#5349 = DIRECTION( '', ( 0.000000000000000, -1.00000000000000, 0.000000000000000 ) );
#5350 = DIRECTION( '', ( 0.000000000000000, 0.000000000000000, -1.00000000000000 ) );
#5351 = SURFACE_STYLE_FILL_AREA( #8064 );
#5352 = ORIENTED_EDGE( '', *, *, #8065, .T. );
#5353 = ORIENTED_EDGE( '', *, *, #8066, .T. );
#5354 = ORIENTED_EDGE( '', *, *, #7877, .T. );
#5355 = ORIENTED_EDGE( '', *, *, #7187, .T. );
#5356 = ORIENTED_EDGE( '', *, *, #7344, .T. );
#5357 = ORIENTED_EDGE( '', *, *, #8067, .T. );
#5358 = CARTESIAN_POINT( '', ( 0.330000000000000, 0.000000000000000, 0.000000000000000 ) );
#5359 = DIRECTION( '', ( 1.00000000000000, 0.000000000000000, -0.000000000000000 ) );
#5360 = DIRECTION( '', ( -0.000000000000000, 0.000000000000000, -1.00000000000000 ) );
#5361 = SURFACE_STYLE_FILL_AREA( #8068 );
#5362 = ORIENTED_EDGE( '', *, *, #8069, .T. );
#5363 = ORIENTED_EDGE( '', *, *, #8070, .F. );
#5364 = ORIENTED_EDGE( '', *, *, #7090, .F. );
#5365 = ORIENTED_EDGE( '', *, *, #7602, .T. );
#5366 = CARTESIAN_POINT( '', ( 0.205050000000000, 0.0900000000000000, 0.115000000000000 ) );
#5367 = DIRECTION( '', ( 0.000000000000000, 0.000000000000000, 1.00000000000000 ) );
#5368 = DIRECTION( '', ( 1.00000000000000, 0.000000000000000, -0.000000000000000 ) );
#5369 = SURFACE_STYLE_FILL_AREA( #8071 );
#5370 = ORIENTED_EDGE( '', *, *, #8072, .T. );
#5371 = ORIENTED_EDGE( '', *, *, #8073, .F. );
#5372 = ORIENTED_EDGE( '', *, *, #8074, .F. );
#5373 = ORIENTED_EDGE( '', *, *, #8075, .T. );
#5374 = CARTESIAN_POINT( '', ( -0.105050000000000, 0.0900000000000000, -0.114900000000000 ) );
#5375 = DIRECTION( '', ( 0.000000000000000, 0.000000000000000, -1.00000000000000 ) );
#5376 = DIRECTION( '', ( -1.00000000000000, 0.000000000000000, 0.000000000000000 ) );
#5377 = SURFACE_STYLE_FILL_AREA( #8076 );
#5378 = ORIENTED_EDGE( '', *, *, #8077, .T. );
#5379 = ORIENTED_EDGE( '', *, *, #7071, .F. );
#5380 = ORIENTED_EDGE( '', *, *, #7769, .F. );
#5381 = ORIENTED_EDGE( '', *, *, #7555, .T. );
#5382 = CARTESIAN_POINT( '', ( -0.294950000000000, 0.0900000000000000, 0.00510000000000001 ) );
#5383 = DIRECTION( '', ( -1.00000000000000, 0.000000000000000, 0.000000000000000 ) );
#5384 = DIRECTION( '', ( 0.000000000000000, 0.000000000000000, 1.00000000000000 ) );
#5385 = SURFACE_STYLE_FILL_AREA( #8078 );
#5386 = ORIENTED_EDGE( '', *, *, #7845, .T. );
#5387 = ORIENTED_EDGE( '', *, *, #8079, .F. );
#5388 = ORIENTED_EDGE( '', *, *, #8080, .T. );
#5389 = ORIENTED_EDGE( '', *, *, #7129, .F. );
#5390 = CARTESIAN_POINT( '', ( 0.325000000000000, 0.320000000000000, 0.0750000000000000 ) );
#5391 = DIRECTION( '', ( 0.000000000000000, 0.000000000000000, -1.00000000000000 ) );
#5392 = DIRECTION( '', ( -1.00000000000000, 0.000000000000000, 0.000000000000000 ) );
#5393 = SURFACE_STYLE_FILL_AREA( #8081 );
#5394 = ORIENTED_EDGE( '', *, *, #8082, .T. );
#5395 = ORIENTED_EDGE( '', *, *, #8075, .F. );
#5396 = ORIENTED_EDGE( '', *, *, #8083, .F. );
#5397 = ORIENTED_EDGE( '', *, *, #7201, .T. );
#5398 = CARTESIAN_POINT( '', ( -0.105050000000000, 0.0900000000000000, -0.00500000000000000 ) );
#5399 = DIRECTION( '', ( 1.00000000000000, -0.000000000000000, 0.000000000000000 ) );
#5400 = DIRECTION( '', ( 0.000000000000000, 0.000000000000000, -1.00000000000000 ) );
#5401 = SURFACE_STYLE_FILL_AREA( #8084 );
#5402 = ORIENTED_EDGE( '', *, *, #7687, .T. );
#5403 = ORIENTED_EDGE( '', *, *, #8012, .T. );
#5404 = ORIENTED_EDGE( '', *, *, #8085, .T. );
#5405 = ORIENTED_EDGE( '', *, *, #8086, .F. );
#5406 = ORIENTED_EDGE( '', *, *, #7408, .T. );
#5407 = ORIENTED_EDGE( '', *, *, #8087, .T. );
#5408 = ORIENTED_EDGE( '', *, *, #7403, .F. );
#5409 = ORIENTED_EDGE( '', *, *, #8088, .T. );
#5410 = ORIENTED_EDGE( '', *, *, #7833, .T. );
#5411 = ORIENTED_EDGE( '', *, *, #8089, .T. );
#5412 = CARTESIAN_POINT( '', ( -0.162500000000000, -0.200000000000000, 0.145000000000000 ) );
#5413 = DIRECTION( '', ( -1.00000000000000, 0.000000000000000, 0.000000000000000 ) );
#5414 = DIRECTION( '', ( 0.000000000000000, 0.000000000000000, 1.00000000000000 ) );
#5415 = SURFACE_STYLE_FILL_AREA( #8090 );
#5416 = ORIENTED_EDGE( '', *, *, #8091, .F. );
#5417 = ORIENTED_EDGE( '', *, *, #7156, .T. );
#5418 = ORIENTED_EDGE( '', *, *, #7622, .T. );
#5419 = ORIENTED_EDGE( '', *, *, #7520, .T. );
#5420 = CARTESIAN_POINT( '', ( 0.262500000000000, -0.0225000000000000, -0.0875000000000000 ) );
#5421 = DIRECTION( '', ( 1.00000000000000, -0.000000000000000, -0.000000000000000 ) );
#5422 = DIRECTION( '', ( 0.000000000000000, 0.000000000000000, 1.00000000000000 ) );
#5423 = SURFACE_STYLE_FILL_AREA( #8092 );
#5424 = ORIENTED_EDGE( '', *, *, #8093, .F. );
#5425 = ORIENTED_EDGE( '', *, *, #8094, .T. );
#5426 = ORIENTED_EDGE( '', *, *, #7701, .T. );
#5427 = ORIENTED_EDGE( '', *, *, #7858, .F. );
#5428 = CARTESIAN_POINT( '', ( 0.330000000000000, 0.000000000000000, 0.115000000000000 ) );
#5429 = DIRECTION( '', ( 0.000000000000000, 0.000000000000000, 1.00000000000000 ) );
#5430 = DIRECTION( '', ( 1.00000000000000, 0.000000000000000, -0.000000000000000 ) );
#5431 = SURFACE_STYLE_FILL_AREA( #8095 );
#5432 = ORIENTED_EDGE( '', *, *, #7149, .F. );
#5433 = ORIENTED_EDGE( '', *, *, #8019, .T. );
#5434 = ORIENTED_EDGE( '', *, *, #7517, .F. );
#5435 = ORIENTED_EDGE( '', *, *, #7902, .F. );
#5436 = CARTESIAN_POINT( '', ( 0.262500000000000, 0.0400000000000000, -0.0375000000000000 ) );
#5437 = DIRECTION( '', ( 0.000000000000000, 0.000000000000000, -1.00000000000000 ) );
#5438 = DIRECTION( '', ( -1.00000000000000, 0.000000000000000, 0.000000000000000 ) );
#5439 = SURFACE_STYLE_FILL_AREA( #8096 );
#5440 = ORIENTED_EDGE( '', *, *, #8097, .F. );
#5441 = ORIENTED_EDGE( '', *, *, #8098, .T. );
#5442 = ORIENTED_EDGE( '', *, *, #8099, .F. );
#5443 = ORIENTED_EDGE( '', *, *, #7638, .F. );
#5444 = CARTESIAN_POINT( '', ( 0.262500000000000, -0.172500000000000, -0.223750000000000 ) );
#5445 = DIRECTION( '', ( -0.000000000000000, 0.707106781186549, 0.707106781186546 ) );
#5446 = DIRECTION( '', ( 0.000000000000000, -0.707106781186545, 0.707106781186549 ) );
#5447 = SURFACE_STYLE_FILL_AREA( #8100 );
#5448 = ORIENTED_EDGE( '', *, *, #8101, .F. );
#5449 = ORIENTED_EDGE( '', *, *, #7038, .F. );
#5450 = ORIENTED_EDGE( '', *, *, #8102, .F. );
#5451 = ORIENTED_EDGE( '', *, *, #8072, .F. );
#5452 = ORIENTED_EDGE( '', *, *, #8082, .F. );
#5453 = ORIENTED_EDGE( '', *, *, #7200, .F. );
#5454 = ORIENTED_EDGE( '', *, *, #7936, .F. );
#5455 = ORIENTED_EDGE( '', *, *, #7322, .F. );
#5456 = ORIENTED_EDGE( '', *, *, #8103, .F. );
#5457 = ORIENTED_EDGE( '', *, *, #8104, .F. );
#5458 = ORIENTED_EDGE( '', *, *, #7572, .F. );
#5459 = ORIENTED_EDGE( '', *, *, #7318, .F. );
#5460 = ORIENTED_EDGE( '', *, *, #7390, .F. );
#5461 = ORIENTED_EDGE( '', *, *, #7204, .F. );
#5462 = ORIENTED_EDGE( '', *, *, #7707, .F. );
#5463 = ORIENTED_EDGE( '', *, *, #8105, .F. );
#5464 = ORIENTED_EDGE( '', *, *, #8106, .F. );
#5465 = ORIENTED_EDGE( '', *, *, #8107, .F. );
#5466 = ORIENTED_EDGE( '', *, *, #8108, .F. );
#5467 = ORIENTED_EDGE( '', *, *, #7558, .F. );
#5468 = ORIENTED_EDGE( '', *, *, #7587, .F. );
#5469 = ORIENTED_EDGE( '', *, *, #7068, .F. );
#5470 = ORIENTED_EDGE( '', *, *, #8077, .F. );
#5471 = ORIENTED_EDGE( '', *, *, #7554, .F. );
#5472 = ORIENTED_EDGE( '', *, *, #8109, .F. );
#5473 = ORIENTED_EDGE( '', *, *, #8110, .F. );
#5474 = ORIENTED_EDGE( '', *, *, #8111, .F. );
#5475 = ORIENTED_EDGE( '', *, *, #8112, .F. );
#5476 = ORIENTED_EDGE( '', *, *, #7910, .F. );
#5477 = ORIENTED_EDGE( '', *, *, #8113, .F. );
#5478 = ORIENTED_EDGE( '', *, *, #8114, .F. );
#5479 = ORIENTED_EDGE( '', *, *, #7799, .F. );
#5480 = ORIENTED_EDGE( '', *, *, #8115, .F. );
#5481 = ORIENTED_EDGE( '', *, *, #8116, .F. );
#5482 = ORIENTED_EDGE( '', *, *, #8117, .F. );
#5483 = ORIENTED_EDGE( '', *, *, #8118, .F. );
#5484 = ORIENTED_EDGE( '', *, *, #8119, .F. );
#5485 = ORIENTED_EDGE( '', *, *, #7073, .F. );
#5486 = ORIENTED_EDGE( '', *, *, #7346, .F. );
#5487 = ORIENTED_EDGE( '', *, *, #8120, .F. );
#5488 = ORIENTED_EDGE( '', *, *, #8121, .F. );
#5489 = ORIENTED_EDGE( '', *, *, #8122, .F. );
#5490 = ORIENTED_EDGE( '', *, *, #7823, .F. );
#5491 = ORIENTED_EDGE( '', *, *, #8123, .F. );
#5492 = ORIENTED_EDGE( '', *, *, #7494, .F. );
#5493 = ORIENTED_EDGE( '', *, *, #8124, .F. );
#5494 = ORIENTED_EDGE( '', *, *, #7530, .F. );
#5495 = ORIENTED_EDGE( '', *, *, #7332, .F. );
#5496 = ORIENTED_EDGE( '', *, *, #8125, .F. );
#5497 = ORIENTED_EDGE( '', *, *, #8069, .F. );
#5498 = ORIENTED_EDGE( '', *, *, #7601, .F. );
#5499 = ORIENTED_EDGE( '', *, *, #7329, .F. );
#5500 = ORIENTED_EDGE( '', *, *, #7776, .F. );
#5501 = ORIENTED_EDGE( '', *, *, #8126, .F. );
#5502 = ORIENTED_EDGE( '', *, *, #8127, .F. );
#5503 = ORIENTED_EDGE( '', *, *, #7085, .F. );
#5504 = ORIENTED_EDGE( '', *, *, #8128, .F. );
#5505 = ORIENTED_EDGE( '', *, *, #7111, .F. );
#5506 = ORIENTED_EDGE( '', *, *, #7315, .F. );
#5507 = ORIENTED_EDGE( '', *, *, #8129, .F. );
#5508 = ORIENTED_EDGE( '', *, *, #8130, .F. );
#5509 = ORIENTED_EDGE( '', *, *, #7473, .F. );
#5510 = ORIENTED_EDGE( '', *, *, #8131, .F. );
#5511 = ORIENTED_EDGE( '', *, *, #8132, .F. );
#5512 = ORIENTED_EDGE( '', *, *, #8133, .F. );
#5513 = ORIENTED_EDGE( '', *, *, #7115, .F. );
#5514 = ORIENTED_EDGE( '', *, *, #7680, .F. );
#5515 = ORIENTED_EDGE( '', *, *, #7624, .F. );
#5516 = ORIENTED_EDGE( '', *, *, #8134, .F. );
#5517 = ORIENTED_EDGE( '', *, *, #8053, .F. );
#5518 = ORIENTED_EDGE( '', *, *, #8135, .F. );
#5519 = ORIENTED_EDGE( '', *, *, #8003, .F. );
#5520 = ORIENTED_EDGE( '', *, *, #7033, .F. );
#5521 = ORIENTED_EDGE( '', *, *, #8050, .F. );
#5522 = ORIENTED_EDGE( '', *, *, #8136, .F. );
#5523 = ORIENTED_EDGE( '', *, *, #7433, .F. );
#5524 = ORIENTED_EDGE( '', *, *, #7590, .F. );
#5525 = ORIENTED_EDGE( '', *, *, #8137, .F. );
#5526 = ORIENTED_EDGE( '', *, *, #8138, .F. );
#5527 = ORIENTED_EDGE( '', *, *, #7430, .F. );
#5528 = ORIENTED_EDGE( '', *, *, #7367, .F. );
#5529 = ORIENTED_EDGE( '', *, *, #7541, .F. );
#5530 = ORIENTED_EDGE( '', *, *, #7310, .F. );
#5531 = ORIENTED_EDGE( '', *, *, #7838, .F. );
#5532 = ORIENTED_EDGE( '', *, *, #8139, .F. );
#5533 = ORIENTED_EDGE( '', *, *, #8065, .F. );
#5534 = ORIENTED_EDGE( '', *, *, #8140, .T. );
#5535 = ORIENTED_EDGE( '', *, *, #7510, .T. );
#5536 = ORIENTED_EDGE( '', *, *, #8141, .T. );
#5537 = ORIENTED_EDGE( '', *, *, #7181, .T. );
#5538 = ORIENTED_EDGE( '', *, *, #7940, .T. );
#5539 = ORIENTED_EDGE( '', *, *, #8142, .T. );
#5540 = ORIENTED_EDGE( '', *, *, #7293, .T. );
#5541 = ORIENTED_EDGE( '', *, *, #7305, .T. );
#5542 = ORIENTED_EDGE( '', *, *, #7048, .T. );
#5543 = ORIENTED_EDGE( '', *, *, #7699, .T. );
#5544 = ORIENTED_EDGE( '', *, *, #8143, .F. );
#5545 = ORIENTED_EDGE( '', *, *, #8144, .T. );
#5546 = ORIENTED_EDGE( '', *, *, #7751, .T. );
#5547 = ORIENTED_EDGE( '', *, *, #8145, .T. );
#5548 = ORIENTED_EDGE( '', *, *, #8146, .F. );
#5549 = ORIENTED_EDGE( '', *, *, #8147, .F. );
#5550 = ORIENTED_EDGE( '', *, *, #7747, .T. );
#5551 = ORIENTED_EDGE( '', *, *, #8148, .T. );
#5552 = ORIENTED_EDGE( '', *, *, #7683, .F. );
#5553 = ORIENTED_EDGE( '', *, *, #7130, .F. );
#5554 = ORIENTED_EDGE( '', *, *, #8080, .F. );
#5555 = ORIENTED_EDGE( '', *, *, #8149, .F. );
#5556 = CARTESIAN_POINT( '', ( 0.330000000000000, 0.320000000000000, -0.145000000000000 ) );
#5557 = DIRECTION( '', ( 0.000000000000000, -1.00000000000000, 0.000000000000000 ) );
#5558 = DIRECTION( '', ( 0.000000000000000, 0.000000000000000, -1.00000000000000 ) );
#5559 = SURFACE_STYLE_FILL_AREA( #8150 );
#5560 = ORIENTED_EDGE( '', *, *, #7615, .F. );
#5561 = ORIENTED_EDGE( '', *, *, #8151, .F. );
#5562 = ORIENTED_EDGE( '', *, *, #8152, .F. );
#5563 = ORIENTED_EDGE( '', *, *, #8153, .T. );
#5564 = CARTESIAN_POINT( '', ( 0.262500000000000, 0.0650000000000000, -0.0375000000000000 ) );
#5565 = DIRECTION( '', ( 0.000000000000000, -1.00000000000000, 3.41480999208033E-16 ) );
#5566 = DIRECTION( '', ( 0.000000000000000, -3.41480999208033E-16, -1.00000000000000 ) );
#5567 = SURFACE_STYLE_FILL_AREA( #8154 );
#5568 = ORIENTED_EDGE( '', *, *, #7911, .F. );
#5569 = ORIENTED_EDGE( '', *, *, #8120, .T. );
#5570 = ORIENTED_EDGE( '', *, *, #7348, .F. );
#5571 = ORIENTED_EDGE( '', *, *, #8155, .F. );
#5572 = ORIENTED_EDGE( '', *, *, #8156, .T. );
#5573 = ORIENTED_EDGE( '', *, *, #8118, .T. );
#5574 = ORIENTED_EDGE( '', *, *, #8157, .F. );
#5575 = ORIENTED_EDGE( '', *, *, #8158, .F. );
#5576 = ORIENTED_EDGE( '', *, *, #7233, .F. );
#5577 = ORIENTED_EDGE( '', *, *, #7981, .F. );
#5578 = CARTESIAN_POINT( '', ( 0.0949500000000000, 0.0900000000000000, 0.00510000000000000 ) );
#5579 = DIRECTION( '', ( 0.000000000000000, 0.000000000000000, -1.00000000000000 ) );
#5580 = DIRECTION( '', ( -1.00000000000000, 0.000000000000000, 0.000000000000000 ) );
#5581 = SURFACE_STYLE_FILL_AREA( #8159 );
#5582 = ORIENTED_EDGE( '', *, *, #7957, .F. );
#5583 = ORIENTED_EDGE( '', *, *, #7644, .T. );
#5584 = ORIENTED_EDGE( '', *, *, #7995, .T. );
#5585 = ORIENTED_EDGE( '', *, *, #8160, .F. );
#5586 = CARTESIAN_POINT( '', ( 0.262500000000000, 0.305000000000000, -0.0437500000000000 ) );
#5587 = DIRECTION( '', ( 0.000000000000000, -0.707106781186549, -0.707106781186546 ) );
#5588 = DIRECTION( '', ( 0.000000000000000, 0.707106781186546, -0.707106781186549 ) );
#5589 = SURFACE_STYLE_FILL_AREA( #8161 );
#5590 = ORIENTED_EDGE( '', *, *, #7163, .F. );
#5591 = ORIENTED_EDGE( '', *, *, #7635, .T. );
#5592 = ORIENTED_EDGE( '', *, *, #7988, .T. );
#5593 = ORIENTED_EDGE( '', *, *, #8162, .F. );
#5594 = CARTESIAN_POINT( '', ( 0.262500000000000, -0.0725000000000000, -0.223750000000000 ) );
#5595 = DIRECTION( '', ( -0.000000000000000, 0.707106781186547, 0.707106781186548 ) );
#5596 = DIRECTION( '', ( 0.000000000000000, -0.707106781186548, 0.707106781186547 ) );
#5597 = SURFACE_STYLE_FILL_AREA( #8163 );
#5598 = ORIENTED_EDGE( '', *, *, #8164, .T. );
#5599 = ORIENTED_EDGE( '', *, *, #7749, .F. );
#5600 = ORIENTED_EDGE( '', *, *, #8165, .F. );
#5601 = ORIENTED_EDGE( '', *, *, #7577, .T. );
#5602 = CARTESIAN_POINT( '', ( 0.0500000000000000, 0.233000000000000, 0.135000000000000 ) );
#5603 = DIRECTION( '', ( -0.000000000000000, 1.00000000000000, 0.000000000000000 ) );
#5604 = DIRECTION( '', ( 0.000000000000000, -0.000000000000000, 1.00000000000000 ) );
#5605 = SURFACE_STYLE_FILL_AREA( #8166 );
#5606 = ORIENTED_EDGE( '', *, *, #8135, .T. );
#5607 = ORIENTED_EDGE( '', *, *, #8052, .F. );
#5608 = ORIENTED_EDGE( '', *, *, #8167, .F. );
#5609 = ORIENTED_EDGE( '', *, *, #8004, .T. );
#5610 = CARTESIAN_POINT( '', ( -0.0949500000000000, 0.0900000000000000, -0.114900000000000 ) );
#5611 = DIRECTION( '', ( -1.00000000000000, 0.000000000000000, 0.000000000000000 ) );
#5612 = DIRECTION( '', ( 0.000000000000000, 0.000000000000000, 1.00000000000000 ) );
#5613 = SURFACE_STYLE_FILL_AREA( #8168 );
#5614 = ORIENTED_EDGE( '', *, *, #7486, .F. );
#5615 = ORIENTED_EDGE( '', *, *, #8169, .F. );
#5616 = ORIENTED_EDGE( '', *, *, #8170, .F. );
#5617 = ORIENTED_EDGE( '', *, *, #7999, .T. );
#5618 = CARTESIAN_POINT( '', ( 0.262500000000000, -0.172500000000000, -0.223750000000000 ) );
#5619 = DIRECTION( '', ( -0.000000000000000, 0.707106781186549, 0.707106781186546 ) );
#5620 = DIRECTION( '', ( 0.000000000000000, -0.707106781186545, 0.707106781186549 ) );
#5621 = SURFACE_STYLE_FILL_AREA( #8171 );
#5622 = ORIENTED_EDGE( '', *, *, #7356, .F. );
#5623 = ORIENTED_EDGE( '', *, *, #7797, .T. );
#5624 = ORIENTED_EDGE( '', *, *, #8172, .F. );
#5625 = ORIENTED_EDGE( '', *, *, #7653, .F. );
#5626 = CARTESIAN_POINT( '', ( 0.262500000000000, -0.172500000000000, 0.0125000000000000 ) );
#5627 = DIRECTION( '', ( -0.000000000000000, 1.00000000000000, 0.000000000000000 ) );
#5628 = DIRECTION( '', ( 0.000000000000000, -0.000000000000000, 1.00000000000000 ) );
#5629 = SURFACE_STYLE_FILL_AREA( #8173 );
#5630 = ORIENTED_EDGE( '', *, *, #8174, .T. );
#5631 = ORIENTED_EDGE( '', *, *, #8175, .T. );
#5632 = ORIENTED_EDGE( '', *, *, #7933, .T. );
#5633 = ORIENTED_EDGE( '', *, *, #7079, .F. );
#5634 = CARTESIAN_POINT( '', ( 0.262500000000000, -0.0662500000000000, -0.230000000000000 ) );
#5635 = DIRECTION( '', ( 0.000000000000000, 0.000000000000000, 1.00000000000000 ) );
#5636 = DIRECTION( '', ( 1.00000000000000, 0.000000000000000, -0.000000000000000 ) );
#5637 = SURFACE_STYLE_FILL_AREA( #8176 );
#5638 = ORIENTED_EDGE( '', *, *, #8177, .F. );
#5639 = ORIENTED_EDGE( '', *, *, #8178, .F. );
#5640 = ORIENTED_EDGE( '', *, *, #7446, .F. );
#5641 = ORIENTED_EDGE( '', *, *, #8179, .T. );
#5642 = CARTESIAN_POINT( '', ( 0.262500000000000, 0.305000000000000, -0.0437500000000000 ) );
#5643 = DIRECTION( '', ( 0.000000000000000, -0.707106781186549, -0.707106781186546 ) );
#5644 = DIRECTION( '', ( 0.000000000000000, 0.707106781186546, -0.707106781186549 ) );
#5645 = SURFACE_STYLE_FILL_AREA( #8180 );
#5646 = ORIENTED_EDGE( '', *, *, #7771, .F. );
#5647 = ORIENTED_EDGE( '', *, *, #7124, .T. );
#5648 = ORIENTED_EDGE( '', *, *, #8181, .T. );
#5649 = ORIENTED_EDGE( '', *, *, #8182, .T. );
#5650 = CARTESIAN_POINT( '', ( 0.262500000000000, -0.122500000000000, 0.0125000000000000 ) );
#5651 = DIRECTION( '', ( 1.00000000000000, -0.000000000000000, -0.000000000000000 ) );
#5652 = DIRECTION( '', ( 0.000000000000000, 0.000000000000000, 1.00000000000000 ) );
#5653 = SURFACE_STYLE_FILL_AREA( #8183 );
#5654 = ORIENTED_EDGE( '', *, *, #7484, .F. );
#5655 = ORIENTED_EDGE( '', *, *, #7471, .F. );
#5656 = ORIENTED_EDGE( '', *, *, #8184, .F. );
#5657 = ORIENTED_EDGE( '', *, *, #8185, .T. );
#5658 = CARTESIAN_POINT( '', ( 0.262500000000000, -0.153750000000000, -0.230000000000000 ) );
#5659 = DIRECTION( '', ( 0.000000000000000, -0.707106781186548, 0.707106781186548 ) );
#5660 = DIRECTION( '', ( 0.000000000000000, -0.707106781186547, -0.707106781186547 ) );
#5661 = SURFACE_STYLE_FILL_AREA( #8186 );
#5662 = ORIENTED_EDGE( '', *, *, #7060, .T. );
#5663 = ORIENTED_EDGE( '', *, *, #8017, .T. );
#5664 = ORIENTED_EDGE( '', *, *, #8187, .T. );
#5665 = ORIENTED_EDGE( '', *, *, #8188, .F. );
#5666 = ORIENTED_EDGE( '', *, *, #8189, .T. );
#5667 = ORIENTED_EDGE( '', *, *, #8190, .T. );
#5668 = ORIENTED_EDGE( '', *, *, #7719, .F. );
#5669 = ORIENTED_EDGE( '', *, *, #7927, .T. );
#5670 = ORIENTED_EDGE( '', *, *, #8191, .T. );
#5671 = ORIENTED_EDGE( '', *, *, #8192, .T. );
#5672 = CARTESIAN_POINT( '', ( 0.0375000000000000, -0.200000000000000, 0.145000000000000 ) );
#5673 = DIRECTION( '', ( -1.00000000000000, 0.000000000000000, 0.000000000000000 ) );
#5674 = DIRECTION( '', ( 0.000000000000000, 0.000000000000000, 1.00000000000000 ) );
#5675 = SURFACE_STYLE_FILL_AREA( #8193 );
#5676 = ORIENTED_EDGE( '', *, *, #7191, .F. );
#5677 = ORIENTED_EDGE( '', *, *, #8194, .T. );
#5678 = ORIENTED_EDGE( '', *, *, #7978, .T. );
#5679 = ORIENTED_EDGE( '', *, *, #8195, .T. );
#5680 = CARTESIAN_POINT( '', ( 0.262500000000000, -0.122500000000000, 0.0125000000000000 ) );
#5681 = DIRECTION( '', ( 1.00000000000000, -0.000000000000000, -0.000000000000000 ) );
#5682 = DIRECTION( '', ( 0.000000000000000, 0.000000000000000, 1.00000000000000 ) );
#5683 = SURFACE_STYLE_FILL_AREA( #8196 );
#5684 = ORIENTED_EDGE( '', *, *, #7758, .F. );
#5685 = ORIENTED_EDGE( '', *, *, #7144, .T. );
#5686 = ORIENTED_EDGE( '', *, *, #7454, .T. );
#5687 = ORIENTED_EDGE( '', *, *, #7854, .F. );
#5688 = CARTESIAN_POINT( '', ( -0.0825000000000000, 0.0200000000000000, 0.145000000000000 ) );
#5689 = DIRECTION( '', ( 1.00000000000000, 0.000000000000000, -0.000000000000000 ) );
#5690 = DIRECTION( '', ( -0.000000000000000, 0.000000000000000, -1.00000000000000 ) );
#5691 = SURFACE_STYLE_FILL_AREA( #8197 );
#5692 = ORIENTED_EDGE( '', *, *, #7282, .T. );
#5693 = ORIENTED_EDGE( '', *, *, #7951, .T. );
#5694 = ORIENTED_EDGE( '', *, *, #8198, .T. );
#5695 = ORIENTED_EDGE( '', *, *, #7722, .T. );
#5696 = ORIENTED_EDGE( '', *, *, #7790, .T. );
#5697 = ORIENTED_EDGE( '', *, *, #8199, .T. );
#5698 = ORIENTED_EDGE( '', *, *, #8200, .T. );
#5699 = ORIENTED_EDGE( '', *, *, #8177, .T. );
#5700 = ORIENTED_EDGE( '', *, *, #8201, .T. );
#5701 = ORIENTED_EDGE( '', *, *, #8202, .T. );
#5702 = ORIENTED_EDGE( '', *, *, #8203, .T. );
#5703 = ORIENTED_EDGE( '', *, *, #8204, .F. );
#5704 = CARTESIAN_POINT( '', ( 0.0375000000000000, 0.0600000000000000, 0.145000000000000 ) );
#5705 = DIRECTION( '', ( -1.00000000000000, 0.000000000000000, 0.000000000000000 ) );
#5706 = DIRECTION( '', ( 0.000000000000000, 0.000000000000000, 1.00000000000000 ) );
#5707 = SURFACE_STYLE_FILL_AREA( #8205 );
#5708 = ORIENTED_EDGE( '', *, *, #8206, .F. );
#5709 = ORIENTED_EDGE( '', *, *, #7039, .T. );
#5710 = ORIENTED_EDGE( '', *, *, #8101, .T. );
#5711 = ORIENTED_EDGE( '', *, *, #8207, .F. );
#5712 = CARTESIAN_POINT( '', ( -0.205050000000000, 0.0900000000000000, -0.00500000000000000 ) );
#5713 = DIRECTION( '', ( 1.00000000000000, -0.000000000000000, 0.000000000000000 ) );
#5714 = DIRECTION( '', ( 0.000000000000000, 0.000000000000000, -1.00000000000000 ) );
#5715 = SURFACE_STYLE_FILL_AREA( #8208 );
#5716 = ORIENTED_EDGE( '', *, *, #7287, .T. );
#5717 = ORIENTED_EDGE( '', *, *, #7104, .T. );
#5718 = ORIENTED_EDGE( '', *, *, #8209, .T. );
#5719 = ORIENTED_EDGE( '', *, *, #7954, .F. );
#5720 = CARTESIAN_POINT( '', ( -0.237500000000000, 0.0600000000000000, 0.145000000000000 ) );
#5721 = DIRECTION( '', ( 0.000000000000000, 1.00000000000000, 0.000000000000000 ) );
#5722 = DIRECTION( '', ( 0.000000000000000, -0.000000000000000, 1.00000000000000 ) );
#5723 = SURFACE_STYLE_FILL_AREA( #8210 );
#5724 = ORIENTED_EDGE( '', *, *, #7762, .F. );
#5725 = ORIENTED_EDGE( '', *, *, #7966, .T. );
#5726 = ORIENTED_EDGE( '', *, *, #7883, .T. );
#5727 = ORIENTED_EDGE( '', *, *, #7851, .F. );
#5728 = CARTESIAN_POINT( '', ( 0.0175000000000000, 0.0200000000000000, 0.145000000000000 ) );
#5729 = DIRECTION( '', ( 1.00000000000000, 0.000000000000000, -0.000000000000000 ) );
#5730 = DIRECTION( '', ( -0.000000000000000, 0.000000000000000, -1.00000000000000 ) );
#5731 = SURFACE_STYLE_FILL_AREA( #8211 );
#5732 = ORIENTED_EDGE( '', *, *, #8131, .T. );
#5733 = ORIENTED_EDGE( '', *, *, #7476, .F. );
#5734 = ORIENTED_EDGE( '', *, *, #7906, .F. );
#5735 = ORIENTED_EDGE( '', *, *, #8212, .T. );
#5736 = CARTESIAN_POINT( '', ( 0.105050000000000, 0.0900000000000000, 0.00510000000000000 ) );
#5737 = DIRECTION( '', ( -1.00000000000000, 0.000000000000000, 0.000000000000000 ) );
#5738 = DIRECTION( '', ( 0.000000000000000, 0.000000000000000, 1.00000000000000 ) );
#5739 = SURFACE_STYLE_FILL_AREA( #8213 );
#5740 = ORIENTED_EDGE( '', *, *, #8104, .T. );
#5741 = ORIENTED_EDGE( '', *, *, #8214, .F. );
#5742 = ORIENTED_EDGE( '', *, *, #8044, .F. );
#5743 = ORIENTED_EDGE( '', *, *, #7573, .T. );
#5744 = CARTESIAN_POINT( '', ( -0.194950000000000, 0.0900000000000000, 0.115000000000000 ) );
#5745 = DIRECTION( '', ( 0.000000000000000, 0.000000000000000, 1.00000000000000 ) );
#5746 = DIRECTION( '', ( 1.00000000000000, 0.000000000000000, -0.000000000000000 ) );
#5747 = SURFACE_STYLE_FILL_AREA( #8215 );
#5748 = ORIENTED_EDGE( '', *, *, #7765, .F. );
#5749 = ORIENTED_EDGE( '', *, *, #7421, .T. );
#5750 = ORIENTED_EDGE( '', *, *, #8216, .T. );
#5751 = ORIENTED_EDGE( '', *, *, #7848, .F. );
#5752 = CARTESIAN_POINT( '', ( 0.217500000000000, 0.0200000000000000, 0.145000000000000 ) );
#5753 = DIRECTION( '', ( 1.00000000000000, 0.000000000000000, -0.000000000000000 ) );
#5754 = DIRECTION( '', ( -0.000000000000000, 0.000000000000000, -1.00000000000000 ) );
#5755 = SURFACE_STYLE_FILL_AREA( #8217 );
#5756 = ORIENTED_EDGE( '', *, *, #7511, .T. );
#5757 = ORIENTED_EDGE( '', *, *, #8140, .F. );
#5758 = ORIENTED_EDGE( '', *, *, #8067, .F. );
#5759 = ORIENTED_EDGE( '', *, *, #7343, .T. );
#5760 = CARTESIAN_POINT( '', ( 0.330000000000000, 0.000000000000000, -0.145000000000000 ) );
#5761 = DIRECTION( '', ( 0.000000000000000, 0.000000000000000, 1.00000000000000 ) );
#5762 = DIRECTION( '', ( 1.00000000000000, 0.000000000000000, -0.000000000000000 ) );
#5763 = SURFACE_STYLE_FILL_AREA( #8218 );
#5764 = ORIENTED_EDGE( '', *, *, #7324, .T. );
#5765 = ORIENTED_EDGE( '', *, *, #7937, .T. );
#5766 = ORIENTED_EDGE( '', *, *, #7198, .T. );
#5767 = ORIENTED_EDGE( '', *, *, #8219, .F. );
#5768 = CARTESIAN_POINT( '', ( -0.126666680796634, 0.200000000000000, 0.0500000000000000 ) );
#5769 = DIRECTION( '', ( -0.999390827019096, 0.0348994967025008, 0.000000000000000 ) );
#5770 = DIRECTION( '', ( -0.0348994967025008, -0.999390827019096, 0.000000000000000 ) );
#5771 = SURFACE_STYLE_FILL_AREA( #8220 );
#5772 = ORIENTED_EDGE( '', *, *, #7755, .F. );
#5773 = ORIENTED_EDGE( '', *, *, #8221, .T. );
#5774 = ORIENTED_EDGE( '', *, *, #7350, .T. );
#5775 = ORIENTED_EDGE( '', *, *, #7856, .F. );
#5776 = CARTESIAN_POINT( '', ( -0.182500000000000, 0.0200000000000000, 0.145000000000000 ) );
#5777 = DIRECTION( '', ( 1.00000000000000, 0.000000000000000, -0.000000000000000 ) );
#5778 = DIRECTION( '', ( -0.000000000000000, 0.000000000000000, -1.00000000000000 ) );
#5779 = SURFACE_STYLE_FILL_AREA( #8222 );
#5780 = ORIENTED_EDGE( '', *, *, #8223, .T. );
#5781 = ORIENTED_EDGE( '', *, *, #8224, .F. );
#5782 = ORIENTED_EDGE( '', *, *, #8225, .F. );
#5783 = ORIENTED_EDGE( '', *, *, #7691, .T. );
#5784 = CARTESIAN_POINT( '', ( 0.330000000000000, 0.000000000000000, -0.115000000000000 ) );
#5785 = DIRECTION( '', ( -0.000000000000000, 1.00000000000000, 0.000000000000000 ) );
#5786 = DIRECTION( '', ( 0.000000000000000, -0.000000000000000, 1.00000000000000 ) );
#5787 = SURFACE_STYLE_FILL_AREA( #8226 );
#5788 = ORIENTED_EDGE( '', *, *, #7488, .F. );
#5789 = ORIENTED_EDGE( '', *, *, #8001, .F. );
#5790 = ORIENTED_EDGE( '', *, *, #8227, .F. );
#5791 = ORIENTED_EDGE( '', *, *, #7272, .T. );
#5792 = CARTESIAN_POINT( '', ( 0.262500000000000, -0.122500000000000, 0.0125000000000000 ) );
#5793 = DIRECTION( '', ( 1.00000000000000, -0.000000000000000, -0.000000000000000 ) );
#5794 = DIRECTION( '', ( 0.000000000000000, 0.000000000000000, 1.00000000000000 ) );
#5795 = SURFACE_STYLE_FILL_AREA( #8228 );
#5796 = ORIENTED_EDGE( '', *, *, #7123, .F. );
#5797 = ORIENTED_EDGE( '', *, *, #8229, .T. );
#5798 = ORIENTED_EDGE( '', *, *, #8230, .F. );
#5799 = ORIENTED_EDGE( '', *, *, #8181, .F. );
#5800 = CARTESIAN_POINT( '', ( 0.262500000000000, -0.147500000000000, -0.223750000000000 ) );
#5801 = DIRECTION( '', ( 0.000000000000000, -1.00000000000000, -7.22711109434990E-17 ) );
#5802 = DIRECTION( '', ( 0.000000000000000, 7.22711109434990E-17, -1.00000000000000 ) );
#5803 = SURFACE_STYLE_FILL_AREA( #8231 );
#5804 = ORIENTED_EDGE( '', *, *, #7294, .F. );
#5805 = ORIENTED_EDGE( '', *, *, #8142, .F. );
#5806 = ORIENTED_EDGE( '', *, *, #7939, .T. );
#5807 = ORIENTED_EDGE( '', *, *, #7864, .F. );
#5808 = CARTESIAN_POINT( '', ( -0.0750000000000000, 0.320000000000000, -0.145000000000000 ) );
#5809 = DIRECTION( '', ( 1.00000000000000, 0.000000000000000, 0.000000000000000 ) );
#5810 = DIRECTION( '', ( 0.000000000000000, 0.000000000000000, -1.00000000000000 ) );
#5811 = SURFACE_STYLE_FILL_AREA( #8232 );
#5812 = ORIENTED_EDGE( '', *, *, #7096, .F. );
#5813 = ORIENTED_EDGE( '', *, *, #7610, .F. );
#5814 = ORIENTED_EDGE( '', *, *, #8233, .F. );
#5815 = ORIENTED_EDGE( '', *, *, #7135, .T. );
#5816 = CARTESIAN_POINT( '', ( 0.262500000000000, 0.298750000000000, 0.0375000000000000 ) );
#5817 = DIRECTION( '', ( 0.000000000000000, -0.707106781186549, 0.707106781186546 ) );
#5818 = DIRECTION( '', ( 0.000000000000000, -0.707106781186546, -0.707106781186549 ) );
#5819 = SURFACE_STYLE_FILL_AREA( #8234 );
#5820 = ORIENTED_EDGE( '', *, *, #7614, .F. );
#5821 = ORIENTED_EDGE( '', *, *, #8235, .F. );
#5822 = ORIENTED_EDGE( '', *, *, #8236, .F. );
#5823 = ORIENTED_EDGE( '', *, *, #8151, .T. );
#5824 = CARTESIAN_POINT( '', ( 0.262500000000000, 0.0650000000000000, 0.0375000000000000 ) );
#5825 = DIRECTION( '', ( 0.000000000000000, 0.000000000000000, 1.00000000000000 ) );
#5826 = DIRECTION( '', ( 1.00000000000000, 0.000000000000000, -0.000000000000000 ) );
#5827 = SURFACE_STYLE_FILL_AREA( #8237 );
#5828 = ORIENTED_EDGE( '', *, *, #7616, .F. );
#5829 = ORIENTED_EDGE( '', *, *, #8153, .F. );
#5830 = ORIENTED_EDGE( '', *, *, #8238, .F. );
#5831 = ORIENTED_EDGE( '', *, *, #7598, .T. );
#5832 = CARTESIAN_POINT( '', ( 0.262500000000000, 0.298750000000000, -0.0375000000000000 ) );
#5833 = DIRECTION( '', ( 0.000000000000000, 0.000000000000000, -1.00000000000000 ) );
#5834 = DIRECTION( '', ( -1.00000000000000, 0.000000000000000, 0.000000000000000 ) );
#5835 = SURFACE_STYLE_FILL_AREA( #8239 );
#5836 = ORIENTED_EDGE( '', *, *, #8240, .F. );
#5837 = ORIENTED_EDGE( '', *, *, #8223, .F. );
#5838 = ORIENTED_EDGE( '', *, *, #7690, .T. );
#5839 = ORIENTED_EDGE( '', *, *, #7874, .T. );
#5840 = CARTESIAN_POINT( '', ( 0.182500000000000, 0.000000000000000, 0.145000000000000 ) );
#5841 = DIRECTION( '', ( -1.00000000000000, 0.000000000000000, 0.000000000000000 ) );
#5842 = DIRECTION( '', ( 0.000000000000000, 0.000000000000000, 1.00000000000000 ) );
#5843 = SURFACE_STYLE_FILL_AREA( #8241 );
#5844 = ORIENTED_EDGE( '', *, *, #8242, .F. );
#5845 = ORIENTED_EDGE( '', *, *, #7670, .F. );
#5846 = ORIENTED_EDGE( '', *, *, #8039, .F. );
#5847 = ORIENTED_EDGE( '', *, *, #7385, .T. );
#5848 = CARTESIAN_POINT( '', ( 0.262500000000000, 0.305000000000000, -0.0437500000000000 ) );
#5849 = DIRECTION( '', ( 0.000000000000000, -0.707106781186549, -0.707106781186546 ) );
#5850 = DIRECTION( '', ( 0.000000000000000, 0.707106781186546, -0.707106781186549 ) );
#5851 = SURFACE_STYLE_FILL_AREA( #8243 );
#5852 = ORIENTED_EDGE( '', *, *, #7284, .T. );
#5853 = ORIENTED_EDGE( '', *, *, #8244, .T. );
#5854 = ORIENTED_EDGE( '', *, *, #8245, .T. );
#5855 = ORIENTED_EDGE( '', *, *, #7514, .T. );
#5856 = ORIENTED_EDGE( '', *, *, #8246, .T. );
#5857 = ORIENTED_EDGE( '', *, *, #8247, .T. );
#5858 = ORIENTED_EDGE( '', *, *, #7880, .T. );
#5859 = ORIENTED_EDGE( '', *, *, #7581, .T. );
#5860 = ORIENTED_EDGE( '', *, *, #8248, .T. );
#5861 = ORIENTED_EDGE( '', *, *, #7228, .T. );
#5862 = ORIENTED_EDGE( '', *, *, #8249, .T. );
#5863 = ORIENTED_EDGE( '', *, *, #7177, .T. );
#5864 = CARTESIAN_POINT( '', ( -0.0375000000000000, 0.325000000000000, 0.145000000000000 ) );
#5865 = DIRECTION( '', ( 1.00000000000000, 0.000000000000000, -0.000000000000000 ) );
#5866 = DIRECTION( '', ( -0.000000000000000, 0.000000000000000, -1.00000000000000 ) );
#5867 = SURFACE_STYLE_FILL_AREA( #8250 );
#5868 = ORIENTED_EDGE( '', *, *, #7727, .F. );
#5869 = ORIENTED_EDGE( '', *, *, #8251, .T. );
#5870 = ORIENTED_EDGE( '', *, *, #8191, .F. );
#5871 = ORIENTED_EDGE( '', *, *, #7926, .F. );
#5872 = CARTESIAN_POINT( '', ( 0.262500000000000, -0.0725000000000000, -0.0875000000000000 ) );
#5873 = DIRECTION( '', ( -0.000000000000000, 1.00000000000000, 1.25314128149737E-16 ) );
#5874 = DIRECTION( '', ( 0.000000000000000, -1.25314128149737E-16, 1.00000000000000 ) );
#5875 = SURFACE_STYLE_FILL_AREA( #8252 );
#5876 = ORIENTED_EDGE( '', *, *, #8253, .F. );
#5877 = ORIENTED_EDGE( '', *, *, #8254, .T. );
#5878 = ORIENTED_EDGE( '', *, *, #7539, .T. );
#5879 = ORIENTED_EDGE( '', *, *, #7932, .T. );
#5880 = CARTESIAN_POINT( '', ( 0.262500000000000, -0.0225000000000000, -0.0875000000000000 ) );
#5881 = DIRECTION( '', ( 1.00000000000000, -0.000000000000000, -0.000000000000000 ) );
#5882 = DIRECTION( '', ( 0.000000000000000, 0.000000000000000, 1.00000000000000 ) );
#5883 = SURFACE_STYLE_FILL_AREA( #8255 );
#5884 = ORIENTED_EDGE( '', *, *, #8256, .T. );
#5885 = ORIENTED_EDGE( '', *, *, #7339, .T. );
#5886 = ORIENTED_EDGE( '', *, *, #7578, .T. );
#5887 = ORIENTED_EDGE( '', *, *, #8165, .T. );
#5888 = ORIENTED_EDGE( '', *, *, #7748, .T. );
#5889 = ORIENTED_EDGE( '', *, *, #8147, .T. );
#5890 = CARTESIAN_POINT( '', ( 0.0500000000000000, 0.000000000000000, 0.000000000000000 ) );
#5891 = DIRECTION( '', ( 1.00000000000000, 0.000000000000000, 0.000000000000000 ) );
#5892 = DIRECTION( '', ( 0.000000000000000, 0.000000000000000, -1.00000000000000 ) );
#5893 = SURFACE_STYLE_FILL_AREA( #8257 );
#5894 = ORIENTED_EDGE( '', *, *, #8258, .F. );
#5895 = ORIENTED_EDGE( '', *, *, #8143, .T. );
#5896 = ORIENTED_EDGE( '', *, *, #7703, .T. );
#5897 = ORIENTED_EDGE( '', *, *, #8259, .F. );
#5898 = CARTESIAN_POINT( '', ( 0.330000000000000, 0.320000000000000, 0.145000000000000 ) );
#5899 = DIRECTION( '', ( 0.000000000000000, 0.000000000000000, -1.00000000000000 ) );
#5900 = DIRECTION( '', ( -1.00000000000000, 0.000000000000000, 0.000000000000000 ) );
#5901 = SURFACE_STYLE_FILL_AREA( #8260 );
#5902 = ORIENTED_EDGE( '', *, *, #7482, .F. );
#5903 = ORIENTED_EDGE( '', *, *, #8024, .F. );
#5904 = ORIENTED_EDGE( '', *, *, #8261, .F. );
#5905 = ORIENTED_EDGE( '', *, *, #8007, .T. );
#5906 = CARTESIAN_POINT( '', ( 0.262500000000000, -0.122500000000000, 0.0375000000000000 ) );
#5907 = DIRECTION( '', ( 0.000000000000000, 0.000000000000000, 1.00000000000000 ) );
#5908 = DIRECTION( '', ( 1.00000000000000, 0.000000000000000, -0.000000000000000 ) );
#5909 = SURFACE_STYLE_FILL_AREA( #8262 );
#5910 = ORIENTED_EDGE( '', *, *, #7959, .F. );
#5911 = ORIENTED_EDGE( '', *, *, #7890, .T. );
#5912 = ORIENTED_EDGE( '', *, *, #7993, .T. );
#5913 = ORIENTED_EDGE( '', *, *, #7815, .F. );
#5914 = CARTESIAN_POINT( '', ( 0.262500000000000, 0.0650000000000000, 0.0375000000000000 ) );
#5915 = DIRECTION( '', ( 0.000000000000000, 0.000000000000000, 1.00000000000000 ) );
#5916 = DIRECTION( '', ( 1.00000000000000, 0.000000000000000, -0.000000000000000 ) );
#5917 = SURFACE_STYLE_FILL_AREA( #8263 );
#5918 = ORIENTED_EDGE( '', *, *, #8264, .T. );
#5919 = ORIENTED_EDGE( '', *, *, #8265, .T. );
#5920 = ORIENTED_EDGE( '', *, *, #7705, .T. );
#5921 = ORIENTED_EDGE( '', *, *, #7202, .T. );
#5922 = ORIENTED_EDGE( '', *, *, #8083, .T. );
#5923 = ORIENTED_EDGE( '', *, *, #8074, .T. );
#5924 = ORIENTED_EDGE( '', *, *, #8266, .T. );
#5925 = ORIENTED_EDGE( '', *, *, #7040, .T. );
#5926 = ORIENTED_EDGE( '', *, *, #8206, .T. );
#5927 = ORIENTED_EDGE( '', *, *, #8267, .T. );
#5928 = ORIENTED_EDGE( '', *, *, #8268, .T. );
#5929 = ORIENTED_EDGE( '', *, *, #8269, .T. );
#5930 = CARTESIAN_POINT( '', ( 0.000000000000000, 0.0900000000000000, -0.120000000000000 ) );
#5931 = DIRECTION( '', ( 0.000000000000000, 1.00000000000000, -0.000000000000000 ) );
#5932 = DIRECTION( '', ( 0.000000000000000, 0.000000000000000, 1.00000000000000 ) );
#5933 = SURFACE_STYLE_FILL_AREA( #8270 );
#5934 = ORIENTED_EDGE( '', *, *, #8271, .F. );
#5935 = ORIENTED_EDGE( '', *, *, #7086, .T. );
#5936 = ORIENTED_EDGE( '', *, *, #8127, .T. );
#5937 = ORIENTED_EDGE( '', *, *, #8272, .F. );
#5938 = CARTESIAN_POINT( '', ( 0.205050000000000, 0.0900000000000000, -0.114900000000000 ) );
#5939 = DIRECTION( '', ( -1.00000000000000, 0.000000000000000, 0.000000000000000 ) );
#5940 = DIRECTION( '', ( 0.000000000000000, 0.000000000000000, 1.00000000000000 ) );
#5941 = SURFACE_STYLE_FILL_AREA( #8273 );
#5942 = ORIENTED_EDGE( '', *, *, #7559, .T. );
#5943 = ORIENTED_EDGE( '', *, *, #8108, .T. );
#5944 = ORIENTED_EDGE( '', *, *, #8274, .T. );
#5945 = ORIENTED_EDGE( '', *, *, #8275, .F. );
#5946 = CARTESIAN_POINT( '', ( -0.223000000000000, 0.305000000000000, 0.0500000000000000 ) );
#5947 = DIRECTION( '', ( -0.848048096156427, 0.529919264233204, 0.000000000000000 ) );
#5948 = DIRECTION( '', ( -0.529919264233204, -0.848048096156427, 0.000000000000000 ) );
#5949 = SURFACE_STYLE_FILL_AREA( #8276 );
#5950 = ORIENTED_EDGE( '', *, *, #8201, .F. );
#5951 = ORIENTED_EDGE( '', *, *, #8179, .F. );
#5952 = ORIENTED_EDGE( '', *, *, #7445, .F. );
#5953 = ORIENTED_EDGE( '', *, *, #8277, .T. );
#5954 = CARTESIAN_POINT( '', ( 0.262500000000000, 0.305000000000000, -0.0562500000000000 ) );
#5955 = DIRECTION( '', ( 0.000000000000000, -1.00000000000000, 0.000000000000000 ) );
#5956 = DIRECTION( '', ( 0.000000000000000, 0.000000000000000, -1.00000000000000 ) );
#5957 = SURFACE_STYLE_FILL_AREA( #8278 );
#5958 = ORIENTED_EDGE( '', *, *, #8279, .F. );
#5959 = ORIENTED_EDGE( '', *, *, #7788, .T. );
#5960 = ORIENTED_EDGE( '', *, *, #8280, .F. );
#5961 = ORIENTED_EDGE( '', *, *, #8098, .F. );
#5962 = CARTESIAN_POINT( '', ( 0.262500000000000, -0.172500000000000, 0.0125000000000000 ) );
#5963 = DIRECTION( '', ( -0.000000000000000, 1.00000000000000, 0.000000000000000 ) );
#5964 = DIRECTION( '', ( 0.000000000000000, -0.000000000000000, 1.00000000000000 ) );
#5965 = SURFACE_STYLE_FILL_AREA( #8281 );
#5966 = ORIENTED_EDGE( '', *, *, #8103, .T. );
#5967 = ORIENTED_EDGE( '', *, *, #7321, .F. );
#5968 = ORIENTED_EDGE( '', *, *, #8045, .F. );
#5969 = ORIENTED_EDGE( '', *, *, #8214, .T. );
#5970 = CARTESIAN_POINT( '', ( -0.105050000000000, 0.0900000000000000, 0.115000000000000 ) );
#5971 = DIRECTION( '', ( 1.00000000000000, -0.000000000000000, 0.000000000000000 ) );
#5972 = DIRECTION( '', ( 0.000000000000000, 0.000000000000000, -1.00000000000000 ) );
#5973 = SURFACE_STYLE_FILL_AREA( #8282 );
#5974 = ORIENTED_EDGE( '', *, *, #7101, .F. );
#5975 = ORIENTED_EDGE( '', *, *, #7501, .F. );
#5976 = ORIENTED_EDGE( '', *, *, #8283, .F. );
#5977 = ORIENTED_EDGE( '', *, *, #7659, .T. );
#5978 = CARTESIAN_POINT( '', ( 0.262500000000000, 0.305000000000000, -0.0562500000000000 ) );
#5979 = DIRECTION( '', ( 0.000000000000000, -1.00000000000000, 0.000000000000000 ) );
#5980 = DIRECTION( '', ( 0.000000000000000, 0.000000000000000, -1.00000000000000 ) );
#5981 = SURFACE_STYLE_FILL_AREA( #8284 );
#5982 = ORIENTED_EDGE( '', *, *, #8138, .T. );
#5983 = ORIENTED_EDGE( '', *, *, #8285, .F. );
#5984 = ORIENTED_EDGE( '', *, *, #7371, .F. );
#5985 = ORIENTED_EDGE( '', *, *, #7431, .T. );
#5986 = CARTESIAN_POINT( '', ( -0.0949500000000000, 0.0900000000000000, 0.00510000000000000 ) );
#5987 = DIRECTION( '', ( -1.00000000000000, 0.000000000000000, 0.000000000000000 ) );
#5988 = DIRECTION( '', ( 0.000000000000000, 0.000000000000000, 1.00000000000000 ) );
#5989 = SURFACE_STYLE_FILL_AREA( #8286 );
#5990 = ORIENTED_EDGE( '', *, *, #8137, .T. );
#5991 = ORIENTED_EDGE( '', *, *, #7591, .F. );
#5992 = ORIENTED_EDGE( '', *, *, #7372, .F. );
#5993 = ORIENTED_EDGE( '', *, *, #8285, .T. );
#5994 = CARTESIAN_POINT( '', ( -0.0949500000000000, 0.0900000000000000, 0.115000000000000 ) );
#5995 = DIRECTION( '', ( 0.000000000000000, 0.000000000000000, 1.00000000000000 ) );
#5996 = DIRECTION( '', ( 1.00000000000000, 0.000000000000000, -0.000000000000000 ) );
#5997 = SURFACE_STYLE_FILL_AREA( #8287 );
#5998 = ORIENTED_EDGE( '', *, *, #7909, .F. );
#5999 = ORIENTED_EDGE( '', *, *, #7980, .F. );
#6000 = ORIENTED_EDGE( '', *, *, #7231, .F. );
#6001 = ORIENTED_EDGE( '', *, *, #8288, .F. );
#6002 = ORIENTED_EDGE( '', *, *, #8289, .F. );
#6003 = ORIENTED_EDGE( '', *, *, #8116, .T. );
#6004 = ORIENTED_EDGE( '', *, *, #8290, .F. );
#6005 = ORIENTED_EDGE( '', *, *, #8291, .F. );
#6006 = ORIENTED_EDGE( '', *, *, #8292, .T. );
#6007 = ORIENTED_EDGE( '', *, *, #8113, .T. );
#6008 = CARTESIAN_POINT( '', ( 0.00505000000000006, 0.0900000000000000, -0.00500000000000000 ) );
#6009 = DIRECTION( '', ( 0.000000000000000, 0.000000000000000, 1.00000000000000 ) );
#6010 = DIRECTION( '', ( 1.00000000000000, 0.000000000000000, -0.000000000000000 ) );
#6011 = SURFACE_STYLE_FILL_AREA( #8293 );
#6012 = ORIENTED_EDGE( '', *, *, #8294, .T. );
#6013 = ORIENTED_EDGE( '', *, *, #7083, .T. );
#6014 = ORIENTED_EDGE( '', *, *, #8271, .T. );
#6015 = ORIENTED_EDGE( '', *, *, #8295, .T. );
#6016 = ORIENTED_EDGE( '', *, *, #7496, .T. );
#6017 = ORIENTED_EDGE( '', *, *, #8296, .T. );
#6018 = ORIENTED_EDGE( '', *, *, #7825, .T. );
#6019 = ORIENTED_EDGE( '', *, *, #8297, .T. );
#6020 = ORIENTED_EDGE( '', *, *, #8298, .T. );
#6021 = ORIENTED_EDGE( '', *, *, #7626, .T. );
#6022 = ORIENTED_EDGE( '', *, *, #7681, .T. );
#6023 = ORIENTED_EDGE( '', *, *, #7113, .T. );
#6024 = CARTESIAN_POINT( '', ( 0.400000000000000, 0.0900000000000000, -0.120000000000000 ) );
#6025 = DIRECTION( '', ( 0.000000000000000, 1.00000000000000, -0.000000000000000 ) );
#6026 = DIRECTION( '', ( 0.000000000000000, 0.000000000000000, 1.00000000000000 ) );
#6027 = SURFACE_STYLE_FILL_AREA( #8299 );
#6028 = ORIENTED_EDGE( '', *, *, #7360, .F. );
#6029 = ORIENTED_EDGE( '', *, *, #7647, .T. );
#6030 = ORIENTED_EDGE( '', *, *, #8300, .F. );
#6031 = ORIENTED_EDGE( '', *, *, #8058, .F. );
#6032 = CARTESIAN_POINT( '', ( 0.262500000000000, -0.147500000000000, -0.223750000000000 ) );
#6033 = DIRECTION( '', ( 0.000000000000000, -1.00000000000000, -7.22711109434990E-17 ) );
#6034 = DIRECTION( '', ( 0.000000000000000, 7.22711109434990E-17, -1.00000000000000 ) );
#6035 = SURFACE_STYLE_FILL_AREA( #8301 );
#6036 = ORIENTED_EDGE( '', *, *, #8130, .T. );
#6037 = ORIENTED_EDGE( '', *, *, #8302, .F. );
#6038 = ORIENTED_EDGE( '', *, *, #7907, .F. );
#6039 = ORIENTED_EDGE( '', *, *, #7474, .T. );
#6040 = CARTESIAN_POINT( '', ( 0.194950000000000, 0.0900000000000000, 0.115000000000000 ) );
#6041 = DIRECTION( '', ( 1.00000000000000, -0.000000000000000, 0.000000000000000 ) );
#6042 = DIRECTION( '', ( 0.000000000000000, 0.000000000000000, -1.00000000000000 ) );
#6043 = SURFACE_STYLE_FILL_AREA( #8303 );
#6044 = ORIENTED_EDGE( '', *, *, #8304, .F. );
#6045 = ORIENTED_EDGE( '', *, *, #8132, .T. );
#6046 = ORIENTED_EDGE( '', *, *, #8212, .F. );
#6047 = ORIENTED_EDGE( '', *, *, #7905, .F. );
#6048 = ORIENTED_EDGE( '', *, *, #8302, .T. );
#6049 = ORIENTED_EDGE( '', *, *, #8129, .T. );
#6050 = ORIENTED_EDGE( '', *, *, #7314, .F. );
#6051 = ORIENTED_EDGE( '', *, *, #7585, .F. );
#6052 = ORIENTED_EDGE( '', *, *, #8305, .F. );
#6053 = ORIENTED_EDGE( '', *, *, #7893, .F. );
#6054 = CARTESIAN_POINT( '', ( 0.194950000000000, 0.0900000000000000, 0.00510000000000000 ) );
#6055 = DIRECTION( '', ( 0.000000000000000, 0.000000000000000, -1.00000000000000 ) );
#6056 = DIRECTION( '', ( -1.00000000000000, 0.000000000000000, 0.000000000000000 ) );
#6057 = SURFACE_STYLE_FILL_AREA( #8306 );
#6058 = ORIENTED_EDGE( '', *, *, #7119, .F. );
#6059 = ORIENTED_EDGE( '', *, *, #7427, .T. );
#6060 = ORIENTED_EDGE( '', *, *, #8307, .F. );
#6061 = ORIENTED_EDGE( '', *, *, #8029, .F. );
#6062 = CARTESIAN_POINT( '', ( 0.262500000000000, -0.172500000000000, 0.0125000000000000 ) );
#6063 = DIRECTION( '', ( -0.000000000000000, 1.00000000000000, 0.000000000000000 ) );
#6064 = DIRECTION( '', ( 0.000000000000000, -0.000000000000000, 1.00000000000000 ) );
#6065 = SURFACE_STYLE_FILL_AREA( #8308 );
#6066 = ORIENTED_EDGE( '', *, *, #7809, .F. );
#6067 = ORIENTED_EDGE( '', *, *, #7264, .T. );
#6068 = ORIENTED_EDGE( '', *, *, #7949, .F. );
#6069 = ORIENTED_EDGE( '', *, *, #7630, .F. );
#6070 = CARTESIAN_POINT( '', ( 0.262500000000000, -0.122500000000000, 0.0125000000000000 ) );
#6071 = DIRECTION( '', ( 1.00000000000000, -0.000000000000000, -0.000000000000000 ) );
#6072 = DIRECTION( '', ( 0.000000000000000, 0.000000000000000, 1.00000000000000 ) );
#6073 = SURFACE_STYLE_FILL_AREA( #8309 );
#6074 = ORIENTED_EDGE( '', *, *, #7801, .T. );
#6075 = ORIENTED_EDGE( '', *, *, #8310, .T. );
#6076 = ORIENTED_EDGE( '', *, *, #8291, .T. );
#6077 = ORIENTED_EDGE( '', *, *, #8311, .T. );
#6078 = CARTESIAN_POINT( '', ( 0.300000000000000, 0.0900000000000000, -0.120000000000000 ) );
#6079 = DIRECTION( '', ( 0.000000000000000, 1.00000000000000, -0.000000000000000 ) );
#6080 = DIRECTION( '', ( 0.000000000000000, 0.000000000000000, 1.00000000000000 ) );
#6081 = SURFACE_STYLE_FILL_AREA( #8312 );
#6082 = ORIENTED_EDGE( '', *, *, #7545, .F. );
#6083 = ORIENTED_EDGE( '', *, *, #7688, .T. );
#6084 = ORIENTED_EDGE( '', *, *, #8089, .F. );
#6085 = ORIENTED_EDGE( '', *, *, #7832, .F. );
#6086 = CARTESIAN_POINT( '', ( 0.262500000000000, -0.0225000000000000, -0.0875000000000000 ) );
#6087 = DIRECTION( '', ( 1.00000000000000, -0.000000000000000, -0.000000000000000 ) );
#6088 = DIRECTION( '', ( 0.000000000000000, 0.000000000000000, 1.00000000000000 ) );
#6089 = SURFACE_STYLE_FILL_AREA( #8313 );
#6090 = ORIENTED_EDGE( '', *, *, #8123, .T. );
#6091 = ORIENTED_EDGE( '', *, *, #7826, .F. );
#6092 = ORIENTED_EDGE( '', *, *, #8296, .F. );
#6093 = ORIENTED_EDGE( '', *, *, #7495, .T. );
#6094 = CARTESIAN_POINT( '', ( 0.294950000000000, 0.0900000000000000, -0.114900000000000 ) );
#6095 = DIRECTION( '', ( 0.000000000000000, 0.000000000000000, -1.00000000000000 ) );
#6096 = DIRECTION( '', ( -1.00000000000000, 0.000000000000000, 0.000000000000000 ) );
#6097 = SURFACE_STYLE_FILL_AREA( #8314 );
#6098 = ORIENTED_EDGE( '', *, *, #7122, .F. );
#6099 = ORIENTED_EDGE( '', *, *, #7651, .T. );
#6100 = ORIENTED_EDGE( '', *, *, #8315, .F. );
#6101 = ORIENTED_EDGE( '', *, *, #8229, .F. );
#6102 = CARTESIAN_POINT( '', ( 0.262500000000000, -0.153750000000000, -0.230000000000000 ) );
#6103 = DIRECTION( '', ( 0.000000000000000, -0.707106781186548, 0.707106781186548 ) );
#6104 = DIRECTION( '', ( 0.000000000000000, -0.707106781186547, -0.707106781186547 ) );
#6105 = SURFACE_STYLE_FILL_AREA( #8316 );
#6106 = ORIENTED_EDGE( '', *, *, #7207, .F. );
#6107 = ORIENTED_EDGE( '', *, *, #7178, .F. );
#6108 = ORIENTED_EDGE( '', *, *, #8249, .F. );
#6109 = ORIENTED_EDGE( '', *, *, #7227, .T. );
#6110 = CARTESIAN_POINT( '', ( 0.262500000000000, 0.305000000000000, 0.0437500000000000 ) );
#6111 = DIRECTION( '', ( 0.000000000000000, -1.00000000000000, 0.000000000000000 ) );
#6112 = DIRECTION( '', ( 0.000000000000000, 0.000000000000000, -1.00000000000000 ) );
#6113 = SURFACE_STYLE_FILL_AREA( #8317 );
#6114 = ORIENTED_EDGE( '', *, *, #7296, .F. );
#6115 = ORIENTED_EDGE( '', *, *, #7863, .F. );
#6116 = ORIENTED_EDGE( '', *, *, #8318, .T. );
#6117 = ORIENTED_EDGE( '', *, *, #8319, .T. );
#6118 = CARTESIAN_POINT( '', ( -0.0825000000000000, 0.0200000000000000, 0.145000000000000 ) );
#6119 = DIRECTION( '', ( 1.00000000000000, 0.000000000000000, -0.000000000000000 ) );
#6120 = DIRECTION( '', ( -0.000000000000000, 0.000000000000000, -1.00000000000000 ) );
#6121 = SURFACE_STYLE_FILL_AREA( #8320 );
#6122 = ORIENTED_EDGE( '', *, *, #8321, .F. );
#6123 = ORIENTED_EDGE( '', *, *, #8014, .T. );
#6124 = ORIENTED_EDGE( '', *, *, #7929, .F. );
#6125 = ORIENTED_EDGE( '', *, *, #7673, .F. );
#6126 = CARTESIAN_POINT( '', ( 0.262500000000000, 0.0400000000000000, -0.0375000000000000 ) );
#6127 = DIRECTION( '', ( 0.000000000000000, 0.000000000000000, -1.00000000000000 ) );
#6128 = DIRECTION( '', ( -1.00000000000000, 0.000000000000000, 0.000000000000000 ) );
#6129 = SURFACE_STYLE_FILL_AREA( #8322 );
#6130 = ORIENTED_EDGE( '', *, *, #7729, .F. );
#6131 = ORIENTED_EDGE( '', *, *, #7720, .T. );
#6132 = ORIENTED_EDGE( '', *, *, #8190, .F. );
#6133 = ORIENTED_EDGE( '', *, *, #8323, .F. );
#6134 = CARTESIAN_POINT( '', ( 0.262500000000000, -0.0537500000000000, -0.230000000000000 ) );
#6135 = DIRECTION( '', ( 0.000000000000000, -0.707106781186548, 0.707106781186548 ) );
#6136 = DIRECTION( '', ( 0.000000000000000, -0.707106781186547, -0.707106781186547 ) );
#6137 = SURFACE_STYLE_FILL_AREA( #8324 );
#6138 = ORIENTED_EDGE( '', *, *, #7260, .T. );
#6139 = ORIENTED_EDGE( '', *, *, #8026, .T. );
#6140 = ORIENTED_EDGE( '', *, *, #7772, .T. );
#6141 = ORIENTED_EDGE( '', *, *, #8182, .F. );
#6142 = ORIENTED_EDGE( '', *, *, #8230, .T. );
#6143 = ORIENTED_EDGE( '', *, *, #8315, .T. );
#6144 = ORIENTED_EDGE( '', *, *, #7650, .F. );
#6145 = ORIENTED_EDGE( '', *, *, #8030, .T. );
#6146 = ORIENTED_EDGE( '', *, *, #8307, .T. );
#6147 = ORIENTED_EDGE( '', *, *, #7426, .T. );
#6148 = CARTESIAN_POINT( '', ( -0.0625000000000000, -0.200000000000000, 0.145000000000000 ) );
#6149 = DIRECTION( '', ( -1.00000000000000, 0.000000000000000, 0.000000000000000 ) );
#6150 = DIRECTION( '', ( 0.000000000000000, 0.000000000000000, 1.00000000000000 ) );
#6151 = SURFACE_STYLE_FILL_AREA( #8325 );
#6152 = ORIENTED_EDGE( '', *, *, #8326, .F. );
#6153 = ORIENTED_EDGE( '', *, *, #7506, .F. );
#6154 = ORIENTED_EDGE( '', *, *, #8327, .F. );
#6155 = ORIENTED_EDGE( '', *, *, #7743, .T. );
#6156 = CARTESIAN_POINT( '', ( 0.262500000000000, -0.0725000000000000, -0.0875000000000000 ) );
#6157 = DIRECTION( '', ( -0.000000000000000, 1.00000000000000, 1.25314128149737E-16 ) );
#6158 = DIRECTION( '', ( 0.000000000000000, -1.25314128149737E-16, 1.00000000000000 ) );
#6159 = SURFACE_STYLE_FILL_AREA( #8328 );
#6160 = ORIENTED_EDGE( '', *, *, #8111, .T. );
#6161 = ORIENTED_EDGE( '', *, *, #8329, .F. );
#6162 = ORIENTED_EDGE( '', *, *, #8268, .F. );
#6163 = ORIENTED_EDGE( '', *, *, #8330, .T. );
#6164 = CARTESIAN_POINT( '', ( -0.294950000000000, 0.0900000000000000, -0.114900000000000 ) );
#6165 = DIRECTION( '', ( -1.00000000000000, 0.000000000000000, 0.000000000000000 ) );
#6166 = DIRECTION( '', ( 0.000000000000000, 0.000000000000000, 1.00000000000000 ) );
#6167 = SURFACE_STYLE_FILL_AREA( #8331 );
#6168 = ORIENTED_EDGE( '', *, *, #7267, .T. );
#6169 = ORIENTED_EDGE( '', *, *, #8025, .T. );
#6170 = ORIENTED_EDGE( '', *, *, #7739, .T. );
#6171 = ORIENTED_EDGE( '', *, *, #8059, .F. );
#6172 = ORIENTED_EDGE( '', *, *, #8300, .T. );
#6173 = ORIENTED_EDGE( '', *, *, #7646, .T. );
#6174 = ORIENTED_EDGE( '', *, *, #7381, .F. );
#6175 = ORIENTED_EDGE( '', *, *, #7654, .T. );
#6176 = ORIENTED_EDGE( '', *, *, #8172, .T. );
#6177 = ORIENTED_EDGE( '', *, *, #7796, .T. );
#6178 = CARTESIAN_POINT( '', ( 0.137500000000000, -0.200000000000000, 0.145000000000000 ) );
#6179 = DIRECTION( '', ( -1.00000000000000, 0.000000000000000, 0.000000000000000 ) );
#6180 = DIRECTION( '', ( 0.000000000000000, 0.000000000000000, 1.00000000000000 ) );
#6181 = SURFACE_STYLE_FILL_AREA( #8332 );
#6182 = ORIENTED_EDGE( '', *, *, #7730, .F. );
#6183 = ORIENTED_EDGE( '', *, *, #8323, .T. );
#6184 = ORIENTED_EDGE( '', *, *, #8189, .F. );
#6185 = ORIENTED_EDGE( '', *, *, #8333, .F. );
#6186 = CARTESIAN_POINT( '', ( 0.262500000000000, -0.0475000000000000, -0.223750000000000 ) );
#6187 = DIRECTION( '', ( 0.000000000000000, -1.00000000000000, -1.25314128149737E-16 ) );
#6188 = DIRECTION( '', ( 0.000000000000000, 1.25314128149737E-16, -1.00000000000000 ) );
#6189 = SURFACE_STYLE_FILL_AREA( #8334 );
#6190 = ORIENTED_EDGE( '', *, *, #8335, .F. );
#6191 = ORIENTED_EDGE( '', *, *, #7549, .T. );
#6192 = ORIENTED_EDGE( '', *, *, #7409, .T. );
#6193 = ORIENTED_EDGE( '', *, *, #8086, .T. );
#6194 = CARTESIAN_POINT( '', ( 0.262500000000000, -0.0225000000000000, -0.0875000000000000 ) );
#6195 = DIRECTION( '', ( 1.00000000000000, -0.000000000000000, -0.000000000000000 ) );
#6196 = DIRECTION( '', ( 0.000000000000000, 0.000000000000000, 1.00000000000000 ) );
#6197 = SURFACE_STYLE_FILL_AREA( #8336 );
#6198 = ORIENTED_EDGE( '', *, *, #8122, .T. );
#6199 = ORIENTED_EDGE( '', *, *, #8337, .F. );
#6200 = ORIENTED_EDGE( '', *, *, #8297, .F. );
#6201 = ORIENTED_EDGE( '', *, *, #7824, .F. );
#6202 = CARTESIAN_POINT( '', ( 0.220000000000000, 0.0900000000000000, -0.0600000000000000 ) );
#6203 = DIRECTION( '', ( 0.000000000000000, 0.000000000000000, -1.00000000000000 ) );
#6204 = DIRECTION( '', ( -1.00000000000000, 0.000000000000000, 0.000000000000000 ) );
#6205 = SURFACE_STYLE_FILL_AREA( #8338 );
#6206 = ORIENTED_EDGE( '', *, *, #7258, .T. );
#6207 = ORIENTED_EDGE( '', *, *, #7786, .T. );
#6208 = ORIENTED_EDGE( '', *, *, #8279, .T. );
#6209 = ORIENTED_EDGE( '', *, *, #8097, .T. );
#6210 = ORIENTED_EDGE( '', *, *, #7637, .F. );
#6211 = ORIENTED_EDGE( '', *, *, #7246, .T. );
#6212 = ORIENTED_EDGE( '', *, *, #7976, .T. );
#6213 = ORIENTED_EDGE( '', *, *, #8194, .F. );
#6214 = ORIENTED_EDGE( '', *, *, #7190, .T. );
#6215 = ORIENTED_EDGE( '', *, *, #8027, .F. );
#6216 = CARTESIAN_POINT( '', ( -0.137500000000000, 0.0400000000000000, 0.145000000000000 ) );
#6217 = DIRECTION( '', ( 1.00000000000000, 0.000000000000000, -0.000000000000000 ) );
#6218 = DIRECTION( '', ( -0.000000000000000, 0.000000000000000, -1.00000000000000 ) );
#6219 = SURFACE_STYLE_FILL_AREA( #8339 );
#6220 = ORIENTED_EDGE( '', *, *, #8128, .T. );
#6221 = ORIENTED_EDGE( '', *, *, #7084, .T. );
#6222 = ORIENTED_EDGE( '', *, *, #8294, .F. );
#6223 = ORIENTED_EDGE( '', *, *, #7112, .T. );
#6224 = CARTESIAN_POINT( '', ( 0.194950000000000, 0.0900000000000000, -0.00500000000000000 ) );
#6225 = DIRECTION( '', ( 1.00000000000000, -0.000000000000000, 0.000000000000000 ) );
#6226 = DIRECTION( '', ( 0.000000000000000, 0.000000000000000, -1.00000000000000 ) );
#6227 = SURFACE_STYLE_FILL_AREA( #8340 );
#6228 = ORIENTED_EDGE( '', *, *, #8055, .T. );
#6229 = ORIENTED_EDGE( '', *, *, #7297, .F. );
#6230 = ORIENTED_EDGE( '', *, *, #8319, .F. );
#6231 = ORIENTED_EDGE( '', *, *, #8341, .T. );
#6232 = CARTESIAN_POINT( '', ( 0.330000000000000, 0.000000000000000, -0.115000000000000 ) );
#6233 = DIRECTION( '', ( -0.000000000000000, 1.00000000000000, 0.000000000000000 ) );
#6234 = DIRECTION( '', ( 0.000000000000000, -0.000000000000000, 1.00000000000000 ) );
#6235 = SURFACE_STYLE_FILL_AREA( #8342 );
#6236 = ORIENTED_EDGE( '', *, *, #7962, .F. );
#6237 = ORIENTED_EDGE( '', *, *, #7842, .T. );
#6238 = ORIENTED_EDGE( '', *, *, #7991, .T. );
#6239 = ORIENTED_EDGE( '', *, *, #8343, .F. );
#6240 = CARTESIAN_POINT( '', ( 0.262500000000000, -0.153750000000000, -0.230000000000000 ) );
#6241 = DIRECTION( '', ( 0.000000000000000, -0.707106781186548, 0.707106781186548 ) );
#6242 = DIRECTION( '', ( 0.000000000000000, -0.707106781186547, -0.707106781186547 ) );
#6243 = SURFACE_STYLE_FILL_AREA( #8344 );
#6244 = ORIENTED_EDGE( '', *, *, #7485, .T. );
#6245 = ORIENTED_EDGE( '', *, *, #8185, .F. );
#6246 = ORIENTED_EDGE( '', *, *, #8345, .F. );
#6247 = ORIENTED_EDGE( '', *, *, #8169, .T. );
#6248 = CARTESIAN_POINT( '', ( 0.262500000000000, -0.166250000000000, -0.230000000000000 ) );
#6249 = DIRECTION( '', ( 0.000000000000000, 0.000000000000000, 1.00000000000000 ) );
#6250 = DIRECTION( '', ( 1.00000000000000, 0.000000000000000, -0.000000000000000 ) );
#6251 = SURFACE_STYLE_FILL_AREA( #8346 );
#6252 = ORIENTED_EDGE( '', *, *, #8318, .F. );
#6253 = ORIENTED_EDGE( '', *, *, #7862, .T. );
#6254 = ORIENTED_EDGE( '', *, *, #8056, .F. );
#6255 = ORIENTED_EDGE( '', *, *, #8341, .F. );
#6256 = CARTESIAN_POINT( '', ( 0.330000000000000, 0.0200000000000000, -0.115000000000000 ) );
#6257 = DIRECTION( '', ( 0.000000000000000, 0.000000000000000, -1.00000000000000 ) );
#6258 = DIRECTION( '', ( -1.00000000000000, 0.000000000000000, 0.000000000000000 ) );
#6259 = SURFACE_STYLE_FILL_AREA( #8347 );
#6260 = ORIENTED_EDGE( '', *, *, #7757, .F. );
#6261 = ORIENTED_EDGE( '', *, *, #7855, .T. );
#6262 = ORIENTED_EDGE( '', *, *, #7455, .T. );
#6263 = ORIENTED_EDGE( '', *, *, #7146, .F. );
#6264 = CARTESIAN_POINT( '', ( -0.117500000000000, 0.000000000000000, 0.145000000000000 ) );
#6265 = DIRECTION( '', ( -1.00000000000000, 0.000000000000000, 0.000000000000000 ) );
#6266 = DIRECTION( '', ( 0.000000000000000, 0.000000000000000, 1.00000000000000 ) );
#6267 = SURFACE_STYLE_FILL_AREA( #8348 );
#6268 = ORIENTED_EDGE( '', *, *, #8289, .T. );
#6269 = ORIENTED_EDGE( '', *, *, #8349, .F. );
#6270 = ORIENTED_EDGE( '', *, *, #8157, .T. );
#6271 = ORIENTED_EDGE( '', *, *, #8117, .T. );
#6272 = CARTESIAN_POINT( '', ( 0.0770000000000000, 0.305000000000000, 0.0500000000000000 ) );
#6273 = DIRECTION( '', ( -0.848048096156427, 0.529919264233204, 0.000000000000000 ) );
#6274 = DIRECTION( '', ( -0.529919264233204, -0.848048096156427, 0.000000000000000 ) );
#6275 = SURFACE_STYLE_FILL_AREA( #8350 );
#6276 = ORIENTED_EDGE( '', *, *, #7106, .T. );
#6277 = ORIENTED_EDGE( '', *, *, #8133, .T. );
#6278 = ORIENTED_EDGE( '', *, *, #8304, .T. );
#6279 = ORIENTED_EDGE( '', *, *, #7892, .T. );
#6280 = CARTESIAN_POINT( '', ( 0.111752351665632, 0.323000000000000, 0.0500000000000000 ) );
#6281 = DIRECTION( '', ( 0.848048096156426, 0.529919264233205, -0.000000000000000 ) );
#6282 = DIRECTION( '', ( -0.529919264233205, 0.848048096156426, 0.000000000000000 ) );
#6283 = SURFACE_STYLE_FILL_AREA( #8351 );
#6284 = ORIENTED_EDGE( '', *, *, #8288, .T. );
#6285 = ORIENTED_EDGE( '', *, *, #7234, .F. );
#6286 = ORIENTED_EDGE( '', *, *, #8158, .T. );
#6287 = ORIENTED_EDGE( '', *, *, #8349, .T. );
#6288 = CARTESIAN_POINT( '', ( 0.0733333192033665, 0.200000000000000, 0.0500000000000000 ) );
#6289 = DIRECTION( '', ( -0.999390827019096, 0.0348994967025008, 0.000000000000000 ) );
#6290 = DIRECTION( '', ( -0.0348994967025008, -0.999390827019096, 0.000000000000000 ) );
#6291 = SURFACE_STYLE_FILL_AREA( #8352 );
#6292 = ORIENTED_EDGE( '', *, *, #7963, .F. );
#6293 = ORIENTED_EDGE( '', *, *, #8343, .T. );
#6294 = ORIENTED_EDGE( '', *, *, #7990, .T. );
#6295 = ORIENTED_EDGE( '', *, *, #7243, .F. );
#6296 = CARTESIAN_POINT( '', ( 0.262500000000000, -0.147500000000000, -0.223750000000000 ) );
#6297 = DIRECTION( '', ( 0.000000000000000, -1.00000000000000, -7.22711109434990E-17 ) );
#6298 = DIRECTION( '', ( 0.000000000000000, 7.22711109434990E-17, -1.00000000000000 ) );
#6299 = SURFACE_STYLE_FILL_AREA( #8353 );
#6300 = ORIENTED_EDGE( '', *, *, #8354, .F. );
#6301 = ORIENTED_EDGE( '', *, *, #7875, .F. );
#6302 = ORIENTED_EDGE( '', *, *, #7692, .T. );
#6303 = ORIENTED_EDGE( '', *, *, #8225, .T. );
#6304 = CARTESIAN_POINT( '', ( 0.217500000000000, 0.0200000000000000, 0.145000000000000 ) );
#6305 = DIRECTION( '', ( 1.00000000000000, 0.000000000000000, -0.000000000000000 ) );
#6306 = DIRECTION( '', ( -0.000000000000000, 0.000000000000000, -1.00000000000000 ) );
#6307 = SURFACE_STYLE_FILL_AREA( #8355 );
#6308 = ORIENTED_EDGE( '', *, *, #8049, .T. );
#6309 = ORIENTED_EDGE( '', *, *, #8033, .F. );
#6310 = ORIENTED_EDGE( '', *, *, #7434, .T. );
#6311 = ORIENTED_EDGE( '', *, *, #8136, .T. );
#6312 = CARTESIAN_POINT( '', ( -0.0230000000000000, 0.305000000000000, 0.0500000000000000 ) );
#6313 = DIRECTION( '', ( -0.848048096156426, 0.529919264233205, 0.000000000000000 ) );
#6314 = DIRECTION( '', ( -0.529919264233204, -0.848048096156426, 0.000000000000000 ) );
#6315 = SURFACE_STYLE_FILL_AREA( #8356 );
#6316 = ORIENTED_EDGE( '', *, *, #7958, .F. );
#6317 = ORIENTED_EDGE( '', *, *, #8160, .T. );
#6318 = ORIENTED_EDGE( '', *, *, #7994, .T. );
#6319 = ORIENTED_EDGE( '', *, *, #7888, .F. );
#6320 = CARTESIAN_POINT( '', ( 0.262500000000000, 0.298750000000000, -0.0375000000000000 ) );
#6321 = DIRECTION( '', ( 0.000000000000000, 0.000000000000000, -1.00000000000000 ) );
#6322 = DIRECTION( '', ( -1.00000000000000, 0.000000000000000, 0.000000000000000 ) );
#6323 = SURFACE_STYLE_FILL_AREA( #8357 );
#6324 = ORIENTED_EDGE( '', *, *, #7213, .F. );
#6325 = ORIENTED_EDGE( '', *, *, #8358, .F. );
#6326 = ORIENTED_EDGE( '', *, *, #8246, .F. );
#6327 = ORIENTED_EDGE( '', *, *, #7513, .T. );
#6328 = CARTESIAN_POINT( '', ( 0.262500000000000, 0.305000000000000, -0.0562500000000000 ) );
#6329 = DIRECTION( '', ( 0.000000000000000, -1.00000000000000, 0.000000000000000 ) );
#6330 = DIRECTION( '', ( 0.000000000000000, 0.000000000000000, -1.00000000000000 ) );
#6331 = SURFACE_STYLE_FILL_AREA( #8359 );
#6332 = ORIENTED_EDGE( '', *, *, #8112, .T. );
#6333 = ORIENTED_EDGE( '', *, *, #8330, .F. );
#6334 = ORIENTED_EDGE( '', *, *, #8267, .F. );
#6335 = ORIENTED_EDGE( '', *, *, #8207, .T. );
#6336 = CARTESIAN_POINT( '', ( -0.205050000000000, 0.0900000000000000, -0.114900000000000 ) );
#6337 = DIRECTION( '', ( 0.000000000000000, 0.000000000000000, -1.00000000000000 ) );
#6338 = DIRECTION( '', ( -1.00000000000000, 0.000000000000000, 0.000000000000000 ) );
#6339 = SURFACE_STYLE_FILL_AREA( #8360 );
#6340 = ORIENTED_EDGE( '', *, *, #7593, .T. );
#6341 = ORIENTED_EDGE( '', *, *, #7684, .T. );
#6342 = ORIENTED_EDGE( '', *, *, #8148, .F. );
#6343 = ORIENTED_EDGE( '', *, *, #7767, .T. );
#6344 = ORIENTED_EDGE( '', *, *, #7847, .T. );
#6345 = ORIENTED_EDGE( '', *, *, #7915, .T. );
#6346 = CARTESIAN_POINT( '', ( 0.307500000000000, -0.0200000000000000, 0.145000000000000 ) );
#6347 = DIRECTION( '', ( -1.00000000000000, 0.000000000000000, 0.000000000000000 ) );
#6348 = DIRECTION( '', ( 0.000000000000000, 0.000000000000000, 1.00000000000000 ) );
#6349 = SURFACE_STYLE_FILL_AREA( #8361 );
#6350 = ORIENTED_EDGE( '', *, *, #7844, .T. );
#6351 = ORIENTED_EDGE( '', *, *, #7368, .F. );
#6352 = ORIENTED_EDGE( '', *, *, #8149, .T. );
#6353 = ORIENTED_EDGE( '', *, *, #8079, .T. );
#6354 = CARTESIAN_POINT( '', ( 0.325000000000000, 0.320000000000000, 0.0250000000000000 ) );
#6355 = DIRECTION( '', ( 1.00000000000000, 0.000000000000000, 0.000000000000000 ) );
#6356 = DIRECTION( '', ( 0.000000000000000, 0.000000000000000, -1.00000000000000 ) );
#6357 = SURFACE_STYLE_FILL_AREA( #8362 );
#6358 = ORIENTED_EDGE( '', *, *, #7108, .T. );
#6359 = ORIENTED_EDGE( '', *, *, #7894, .F. );
#6360 = ORIENTED_EDGE( '', *, *, #8305, .T. );
#6361 = ORIENTED_EDGE( '', *, *, #7584, .T. );
#6362 = CARTESIAN_POINT( '', ( 0.126666680796634, 0.200000000000000, 0.0500000000000000 ) );
#6363 = DIRECTION( '', ( 0.000000000000000, 1.00000000000000, 0.000000000000000 ) );
#6364 = DIRECTION( '', ( 0.000000000000000, -0.000000000000000, 1.00000000000000 ) );
#6365 = SURFACE_STYLE_FILL_AREA( #8363 );
#6366 = ORIENTED_EDGE( '', *, *, #8047, .T. );
#6367 = ORIENTED_EDGE( '', *, *, #8134, .T. );
#6368 = ORIENTED_EDGE( '', *, *, #7429, .T. );
#6369 = ORIENTED_EDGE( '', *, *, #8364, .T. );
#6370 = CARTESIAN_POINT( '', ( -0.0882476483343679, 0.323000000000000, 0.0500000000000000 ) );
#6371 = DIRECTION( '', ( 0.848048096156426, 0.529919264233206, -0.000000000000000 ) );
#6372 = DIRECTION( '', ( -0.529919264233206, 0.848048096156425, 0.000000000000000 ) );
#6373 = SURFACE_STYLE_FILL_AREA( #8365 );
#6374 = ORIENTED_EDGE( '', *, *, #8048, .T. );
#6375 = ORIENTED_EDGE( '', *, *, #8364, .F. );
#6376 = ORIENTED_EDGE( '', *, *, #7436, .T. );
#6377 = ORIENTED_EDGE( '', *, *, #7064, .T. );
#6378 = CARTESIAN_POINT( '', ( -0.0770000000000000, 0.305000000000000, 0.0500000000000000 ) );
#6379 = DIRECTION( '', ( 0.999390827019096, 0.0348994967025015, -0.000000000000000 ) );
#6380 = DIRECTION( '', ( -0.0348994967025015, 0.999390827019096, 0.000000000000000 ) );
#6381 = SURFACE_STYLE_FILL_AREA( #8366 );
#6382 = ORIENTED_EDGE( '', *, *, #7956, .F. );
#6383 = ORIENTED_EDGE( '', *, *, #8367, .T. );
#6384 = ORIENTED_EDGE( '', *, *, #7983, .T. );
#6385 = ORIENTED_EDGE( '', *, *, #7642, .F. );
#6386 = CARTESIAN_POINT( '', ( 0.262500000000000, 0.298750000000000, -0.0625000000000000 ) );
#6387 = DIRECTION( '', ( 0.000000000000000, -0.707106781186549, 0.707106781186546 ) );
#6388 = DIRECTION( '', ( 0.000000000000000, -0.707106781186545, -0.707106781186549 ) );
#6389 = SURFACE_STYLE_FILL_AREA( #8368 );
#6390 = ORIENTED_EDGE( '', *, *, #8265, .F. );
#6391 = ORIENTED_EDGE( '', *, *, #8369, .F. );
#6392 = ORIENTED_EDGE( '', *, *, #8105, .T. );
#6393 = ORIENTED_EDGE( '', *, *, #7706, .F. );
#6394 = CARTESIAN_POINT( '', ( -0.220000000000000, 0.0900000000000000, -0.0200000000000000 ) );
#6395 = DIRECTION( '', ( -1.06712812252510E-16, 0.000000000000000, 1.00000000000000 ) );
#6396 = DIRECTION( '', ( 1.00000000000000, 0.000000000000000, 1.06712812252510E-16 ) );
#6397 = SURFACE_STYLE_FILL_AREA( #8370 );
#6398 = ORIENTED_EDGE( '', *, *, #8221, .F. );
#6399 = ORIENTED_EDGE( '', *, *, #7754, .F. );
#6400 = ORIENTED_EDGE( '', *, *, #7678, .F. );
#6401 = ORIENTED_EDGE( '', *, *, #7351, .F. );
#6402 = CARTESIAN_POINT( '', ( 0.330000000000000, 0.000000000000000, 0.145000000000000 ) );
#6403 = DIRECTION( '', ( -0.000000000000000, 1.00000000000000, 0.000000000000000 ) );
#6404 = DIRECTION( '', ( 0.000000000000000, -0.000000000000000, 1.00000000000000 ) );
#6405 = SURFACE_STYLE_FILL_AREA( #8371 );
#6406 = ORIENTED_EDGE( '', *, *, #8372, .T. );
#6407 = ORIENTED_EDGE( '', *, *, #7340, .F. );
#6408 = ORIENTED_EDGE( '', *, *, #8256, .F. );
#6409 = ORIENTED_EDGE( '', *, *, #8146, .T. );
#6410 = CARTESIAN_POINT( '', ( 0.0500000000000000, 0.320000000000000, 0.130000000000000 ) );
#6411 = DIRECTION( '', ( 0.000000000000000, -0.422885465331124, -0.906183139995265 ) );
#6412 = DIRECTION( '', ( 0.000000000000000, 0.906183139995265, -0.422885465331124 ) );
#6413 = SURFACE_STYLE_FILL_AREA( #8373 );
#6414 = ORIENTED_EDGE( '', *, *, #7810, .T. );
#6415 = ORIENTED_EDGE( '', *, *, #7784, .T. );
#6416 = ORIENTED_EDGE( '', *, *, #7948, .T. );
#6417 = ORIENTED_EDGE( '', *, *, #7710, .F. );
#6418 = CARTESIAN_POINT( '', ( 0.262500000000000, -0.166250000000000, -0.230000000000000 ) );
#6419 = DIRECTION( '', ( 0.000000000000000, 0.000000000000000, 1.00000000000000 ) );
#6420 = DIRECTION( '', ( 1.00000000000000, 0.000000000000000, -0.000000000000000 ) );
#6421 = SURFACE_STYLE_FILL_AREA( #8374 );
#6422 = ORIENTED_EDGE( '', *, *, #7326, .T. );
#6423 = ORIENTED_EDGE( '', *, *, #8375, .T. );
#6424 = ORIENTED_EDGE( '', *, *, #7196, .T. );
#6425 = ORIENTED_EDGE( '', *, *, #7389, .F. );
#6426 = CARTESIAN_POINT( '', ( -0.177000000000000, 0.305000000000000, 0.0500000000000000 ) );
#6427 = DIRECTION( '', ( 0.999390827019096, 0.0348994967025014, -0.000000000000000 ) );
#6428 = DIRECTION( '', ( -0.0348994967025014, 0.999390827019096, 0.000000000000000 ) );
#6429 = SURFACE_STYLE_FILL_AREA( #8376 );
#6430 = ORIENTED_EDGE( '', *, *, #7209, .F. );
#6431 = ORIENTED_EDGE( '', *, *, #7229, .F. );
#6432 = ORIENTED_EDGE( '', *, *, #8248, .F. );
#6433 = ORIENTED_EDGE( '', *, *, #7580, .T. );
#6434 = CARTESIAN_POINT( '', ( 0.262500000000000, 0.0650000000000000, 0.0375000000000000 ) );
#6435 = DIRECTION( '', ( 0.000000000000000, 0.000000000000000, 1.00000000000000 ) );
#6436 = DIRECTION( '', ( 1.00000000000000, 0.000000000000000, -0.000000000000000 ) );
#6437 = SURFACE_STYLE_FILL_AREA( #8377 );
#6438 = ORIENTED_EDGE( '', *, *, #7212, .F. );
#6439 = ORIENTED_EDGE( '', *, *, #7881, .F. );
#6440 = ORIENTED_EDGE( '', *, *, #8247, .F. );
#6441 = ORIENTED_EDGE( '', *, *, #8358, .T. );
#6442 = CARTESIAN_POINT( '', ( 0.262500000000000, 0.305000000000000, -0.0437500000000000 ) );
#6443 = DIRECTION( '', ( 0.000000000000000, -0.707106781186549, -0.707106781186546 ) );
#6444 = DIRECTION( '', ( 0.000000000000000, 0.707106781186546, -0.707106781186549 ) );
#6445 = SURFACE_STYLE_FILL_AREA( #8378 );
#6446 = ORIENTED_EDGE( '', *, *, #7960, .F. );
#6447 = ORIENTED_EDGE( '', *, *, #7830, .T. );
#6448 = ORIENTED_EDGE( '', *, *, #7992, .T. );
#6449 = ORIENTED_EDGE( '', *, *, #7252, .F. );
#6450 = CARTESIAN_POINT( '', ( 0.262500000000000, 0.305000000000000, 0.0562500000000000 ) );
#6451 = DIRECTION( '', ( 0.000000000000000, -0.707106781186549, -0.707106781186546 ) );
#6452 = DIRECTION( '', ( 0.000000000000000, 0.707106781186545, -0.707106781186549 ) );
#6453 = SURFACE_STYLE_FILL_AREA( #8379 );
#6454 = ORIENTED_EDGE( '', *, *, #8198, .F. );
#6455 = ORIENTED_EDGE( '', *, *, #7952, .F. );
#6456 = ORIENTED_EDGE( '', *, *, #7451, .F. );
#6457 = ORIENTED_EDGE( '', *, *, #7723, .T. );
#6458 = CARTESIAN_POINT( '', ( 0.262500000000000, 0.305000000000000, 0.0437500000000000 ) );
#6459 = DIRECTION( '', ( 0.000000000000000, -1.00000000000000, 0.000000000000000 ) );
#6460 = DIRECTION( '', ( 0.000000000000000, 0.000000000000000, -1.00000000000000 ) );
#6461 = SURFACE_STYLE_FILL_AREA( #8380 );
#6462 = ORIENTED_EDGE( '', *, *, #8381, .F. );
#6463 = ORIENTED_EDGE( '', *, *, #8382, .F. );
#6464 = ORIENTED_EDGE( '', *, *, #8040, .F. );
#6465 = ORIENTED_EDGE( '', *, *, #7668, .T. );
#6466 = CARTESIAN_POINT( '', ( 0.262500000000000, 0.0650000000000000, -0.0375000000000000 ) );
#6467 = DIRECTION( '', ( 0.000000000000000, -1.00000000000000, 3.41480999208033E-16 ) );
#6468 = DIRECTION( '', ( 0.000000000000000, -3.41480999208033E-16, -1.00000000000000 ) );
#6469 = SURFACE_STYLE_FILL_AREA( #8383 );
#6470 = ORIENTED_EDGE( '', *, *, #7760, .F. );
#6471 = ORIENTED_EDGE( '', *, *, #7853, .T. );
#6472 = ORIENTED_EDGE( '', *, *, #7885, .T. );
#6473 = ORIENTED_EDGE( '', *, *, #7967, .F. );
#6474 = CARTESIAN_POINT( '', ( -0.0175000000000000, 0.000000000000000, 0.145000000000000 ) );
#6475 = DIRECTION( '', ( -1.00000000000000, 0.000000000000000, 0.000000000000000 ) );
#6476 = DIRECTION( '', ( 0.000000000000000, 0.000000000000000, 1.00000000000000 ) );
#6477 = SURFACE_STYLE_FILL_AREA( #8384 );
#6478 = ORIENTED_EDGE( '', *, *, #8385, .F. );
#6479 = ORIENTED_EDGE( '', *, *, #7731, .T. );
#6480 = ORIENTED_EDGE( '', *, *, #8333, .T. );
#6481 = ORIENTED_EDGE( '', *, *, #8188, .T. );
#6482 = CARTESIAN_POINT( '', ( 0.262500000000000, -0.0225000000000000, -0.0875000000000000 ) );
#6483 = DIRECTION( '', ( 1.00000000000000, -0.000000000000000, -0.000000000000000 ) );
#6484 = DIRECTION( '', ( 0.000000000000000, 0.000000000000000, 1.00000000000000 ) );
#6485 = SURFACE_STYLE_FILL_AREA( #8386 );
#6486 = ORIENTED_EDGE( '', *, *, #7775, .F. );
#6487 = ORIENTED_EDGE( '', *, *, #7236, .F. );
#6488 = ORIENTED_EDGE( '', *, *, #7656, .F. );
#6489 = ORIENTED_EDGE( '', *, *, #8387, .F. );
#6490 = ORIENTED_EDGE( '', *, *, #7528, .F. );
#6491 = ORIENTED_EDGE( '', *, *, #8124, .T. );
#6492 = ORIENTED_EDGE( '', *, *, #7497, .F. );
#6493 = ORIENTED_EDGE( '', *, *, #8295, .F. );
#6494 = ORIENTED_EDGE( '', *, *, #8272, .T. );
#6495 = ORIENTED_EDGE( '', *, *, #8126, .T. );
#6496 = CARTESIAN_POINT( '', ( 0.205050000000000, 0.0900000000000000, -0.00500000000000000 ) );
#6497 = DIRECTION( '', ( 0.000000000000000, 0.000000000000000, 1.00000000000000 ) );
#6498 = DIRECTION( '', ( 1.00000000000000, 0.000000000000000, -0.000000000000000 ) );
#6499 = SURFACE_STYLE_FILL_AREA( #8388 );
#6500 = ORIENTED_EDGE( '', *, *, #8106, .T. );
#6501 = ORIENTED_EDGE( '', *, *, #8369, .T. );
#6502 = ORIENTED_EDGE( '', *, *, #8264, .F. );
#6503 = ORIENTED_EDGE( '', *, *, #8389, .T. );
#6504 = CARTESIAN_POINT( '', ( -0.205050000000000, 0.0900000000000000, -0.00500000000000000 ) );
#6505 = DIRECTION( '', ( 1.00000000000000, -0.000000000000000, 0.000000000000000 ) );
#6506 = DIRECTION( '', ( 0.000000000000000, 0.000000000000000, -1.00000000000000 ) );
#6507 = SURFACE_STYLE_FILL_AREA( #8390 );
#6508 = ORIENTED_EDGE( '', *, *, #8199, .F. );
#6509 = ORIENTED_EDGE( '', *, *, #7791, .F. );
#6510 = ORIENTED_EDGE( '', *, *, #7448, .F. );
#6511 = ORIENTED_EDGE( '', *, *, #8391, .T. );
#6512 = CARTESIAN_POINT( '', ( 0.262500000000000, 0.0650000000000000, -0.0375000000000000 ) );
#6513 = DIRECTION( '', ( 0.000000000000000, -1.00000000000000, 3.41480999208033E-16 ) );
#6514 = DIRECTION( '', ( 0.000000000000000, -3.41480999208033E-16, -1.00000000000000 ) );
#6515 = SURFACE_STYLE_FILL_AREA( #8392 );
#6516 = ORIENTED_EDGE( '', *, *, #7302, .F. );
#6517 = ORIENTED_EDGE( '', *, *, #8061, .T. );
#6518 = ORIENTED_EDGE( '', *, *, #7806, .T. );
#6519 = ORIENTED_EDGE( '', *, *, #7859, .T. );
#6520 = CARTESIAN_POINT( '', ( -0.217500000000000, -0.0200000000000000, 0.145000000000000 ) );
#6521 = DIRECTION( '', ( -1.00000000000000, 0.000000000000000, 0.000000000000000 ) );
#6522 = DIRECTION( '', ( 0.000000000000000, 0.000000000000000, 1.00000000000000 ) );
#6523 = SURFACE_STYLE_FILL_AREA( #8393 );
#6524 = ORIENTED_EDGE( '', *, *, #7553, .T. );
#6525 = ORIENTED_EDGE( '', *, *, #8394, .T. );
#6526 = ORIENTED_EDGE( '', *, *, #8395, .T. );
#6527 = ORIENTED_EDGE( '', *, *, #8109, .T. );
#6528 = CARTESIAN_POINT( '', ( -0.288247648334368, 0.323000000000000, 0.0500000000000000 ) );
#6529 = DIRECTION( '', ( 0.848048096156427, 0.529919264233204, -0.000000000000000 ) );
#6530 = DIRECTION( '', ( -0.529919264233204, 0.848048096156427, 0.000000000000000 ) );
#6531 = SURFACE_STYLE_FILL_AREA( #8396 );
#6532 = ORIENTED_EDGE( '', *, *, #8119, .T. );
#6533 = ORIENTED_EDGE( '', *, *, #8156, .F. );
#6534 = ORIENTED_EDGE( '', *, *, #8397, .F. );
#6535 = ORIENTED_EDGE( '', *, *, #7074, .T. );
#6536 = CARTESIAN_POINT( '', ( 0.0949500000000000, 0.0900000000000000, 0.115000000000000 ) );
#6537 = DIRECTION( '', ( 1.00000000000000, -0.000000000000000, 0.000000000000000 ) );
#6538 = DIRECTION( '', ( 0.000000000000000, 0.000000000000000, -1.00000000000000 ) );
#6539 = SURFACE_STYLE_FILL_AREA( #8398 );
#6540 = ORIENTED_EDGE( '', *, *, #8399, .F. );
#6541 = ORIENTED_EDGE( '', *, *, #8259, .T. );
#6542 = ORIENTED_EDGE( '', *, *, #7702, .T. );
#6543 = ORIENTED_EDGE( '', *, *, #8094, .F. );
#6544 = CARTESIAN_POINT( '', ( 0.330000000000000, 0.000000000000000, 0.145000000000000 ) );
#6545 = DIRECTION( '', ( -0.000000000000000, 1.00000000000000, 0.000000000000000 ) );
#6546 = DIRECTION( '', ( 0.000000000000000, -0.000000000000000, 1.00000000000000 ) );
#6547 = SURFACE_STYLE_FILL_AREA( #8400 );
#6548 = ORIENTED_EDGE( '', *, *, #7697, .F. );
#6549 = ORIENTED_EDGE( '', *, *, #7849, .F. );
#6550 = ORIENTED_EDGE( '', *, *, #8216, .F. );
#6551 = ORIENTED_EDGE( '', *, *, #7424, .T. );
#6552 = CARTESIAN_POINT( '', ( 0.330000000000000, 0.000000000000000, 0.115000000000000 ) );
#6553 = DIRECTION( '', ( 0.000000000000000, 0.000000000000000, 1.00000000000000 ) );
#6554 = DIRECTION( '', ( 1.00000000000000, 0.000000000000000, -0.000000000000000 ) );
#6555 = SURFACE_STYLE_FILL_AREA( #8401 );
#6556 = ORIENTED_EDGE( '', *, *, #7560, .T. );
#6557 = ORIENTED_EDGE( '', *, *, #8275, .T. );
#6558 = ORIENTED_EDGE( '', *, *, #8402, .T. );
#6559 = ORIENTED_EDGE( '', *, *, #7533, .F. );
#6560 = CARTESIAN_POINT( '', ( -0.226666680796634, 0.200000000000000, 0.0500000000000000 ) );
#6561 = DIRECTION( '', ( -0.999390827019096, 0.0348994967025008, 0.000000000000000 ) );
#6562 = DIRECTION( '', ( -0.0348994967025008, -0.999390827019096, 0.000000000000000 ) );
#6563 = SURFACE_STYLE_FILL_AREA( #8403 );
#6564 = ORIENTED_EDGE( '', *, *, #7857, .F. );
#6565 = ORIENTED_EDGE( '', *, *, #7752, .F. );
#6566 = ORIENTED_EDGE( '', *, *, #8144, .F. );
#6567 = ORIENTED_EDGE( '', *, *, #8258, .T. );
#6568 = ORIENTED_EDGE( '', *, *, #8399, .T. );
#6569 = ORIENTED_EDGE( '', *, *, #8093, .T. );
#6570 = CARTESIAN_POINT( '', ( -0.307500000000000, 0.0200000000000000, 0.145000000000000 ) );
#6571 = DIRECTION( '', ( 1.00000000000000, 0.000000000000000, -0.000000000000000 ) );
#6572 = DIRECTION( '', ( -0.000000000000000, 0.000000000000000, -1.00000000000000 ) );
#6573 = SURFACE_STYLE_FILL_AREA( #8404 );
#6574 = ORIENTED_EDGE( '', *, *, #7164, .T. );
#6575 = ORIENTED_EDGE( '', *, *, #8162, .T. );
#6576 = ORIENTED_EDGE( '', *, *, #7987, .T. );
#6577 = ORIENTED_EDGE( '', *, *, #8405, .F. );
#6578 = CARTESIAN_POINT( '', ( 0.262500000000000, -0.0662500000000000, -0.230000000000000 ) );
#6579 = DIRECTION( '', ( 0.000000000000000, 0.000000000000000, 1.00000000000000 ) );
#6580 = DIRECTION( '', ( 1.00000000000000, 0.000000000000000, -0.000000000000000 ) );
#6581 = SURFACE_STYLE_FILL_AREA( #8406 );
#6582 = ORIENTED_EDGE( '', *, *, #7811, .F. );
#6583 = ORIENTED_EDGE( '', *, *, #7712, .T. );
#6584 = ORIENTED_EDGE( '', *, *, #7947, .F. );
#6585 = ORIENTED_EDGE( '', *, *, #7569, .F. );
#6586 = CARTESIAN_POINT( '', ( 0.262500000000000, -0.147500000000000, -0.223750000000000 ) );
#6587 = DIRECTION( '', ( 0.000000000000000, -1.00000000000000, -7.22711109434990E-17 ) );
#6588 = DIRECTION( '', ( 0.000000000000000, 7.22711109434990E-17, -1.00000000000000 ) );
#6589 = SURFACE_STYLE_FILL_AREA( #8407 );
#6590 = ORIENTED_EDGE( '', *, *, #8372, .F. );
#6591 = ORIENTED_EDGE( '', *, *, #8145, .F. );
#6592 = ORIENTED_EDGE( '', *, *, #7750, .F. );
#6593 = ORIENTED_EDGE( '', *, *, #8164, .F. );
#6594 = ORIENTED_EDGE( '', *, *, #7576, .F. );
#6595 = ORIENTED_EDGE( '', *, *, #7337, .F. );
#6596 = CARTESIAN_POINT( '', ( -0.0500000000000000, 0.000000000000000, 0.000000000000000 ) );
#6597 = DIRECTION( '', ( 1.00000000000000, 0.000000000000000, 0.000000000000000 ) );
#6598 = DIRECTION( '', ( 0.000000000000000, 0.000000000000000, -1.00000000000000 ) );
#6599 = SURFACE_STYLE_FILL_AREA( #8408 );
#6600 = ORIENTED_EDGE( '', *, *, #8395, .F. );
#6601 = ORIENTED_EDGE( '', *, *, #8409, .F. );
#6602 = ORIENTED_EDGE( '', *, *, #7534, .F. );
#6603 = ORIENTED_EDGE( '', *, *, #8402, .F. );
#6604 = ORIENTED_EDGE( '', *, *, #8274, .F. );
#6605 = ORIENTED_EDGE( '', *, *, #8107, .T. );
#6606 = ORIENTED_EDGE( '', *, *, #8389, .F. );
#6607 = ORIENTED_EDGE( '', *, *, #8269, .F. );
#6608 = ORIENTED_EDGE( '', *, *, #8329, .T. );
#6609 = ORIENTED_EDGE( '', *, *, #8110, .T. );
#6610 = CARTESIAN_POINT( '', ( -0.294950000000000, 0.0900000000000000, -0.00500000000000000 ) );
#6611 = DIRECTION( '', ( 0.000000000000000, 0.000000000000000, 1.00000000000000 ) );
#6612 = DIRECTION( '', ( 1.00000000000000, 0.000000000000000, -0.000000000000000 ) );
#6613 = SURFACE_STYLE_FILL_AREA( #8410 );
#6614 = ORIENTED_EDGE( '', *, *, #8298, .F. );
#6615 = ORIENTED_EDGE( '', *, *, #8337, .T. );
#6616 = ORIENTED_EDGE( '', *, *, #8121, .T. );
#6617 = ORIENTED_EDGE( '', *, *, #7627, .F. );
#6618 = CARTESIAN_POINT( '', ( 0.194950000000000, 0.0900000000000000, -0.00500000000000000 ) );
#6619 = DIRECTION( '', ( 1.00000000000000, -0.000000000000000, 0.000000000000000 ) );
#6620 = DIRECTION( '', ( 0.000000000000000, 0.000000000000000, -1.00000000000000 ) );
#6621 = SURFACE_STYLE_FILL_AREA( #8411 );
#6622 = ORIENTED_EDGE( '', *, *, #7165, .F. );
#6623 = ORIENTED_EDGE( '', *, *, #8405, .T. );
#6624 = ORIENTED_EDGE( '', *, *, #7986, .T. );
#6625 = ORIENTED_EDGE( '', *, *, #7438, .F. );
#6626 = CARTESIAN_POINT( '', ( 0.262500000000000, -0.0537500000000000, -0.230000000000000 ) );
#6627 = DIRECTION( '', ( 0.000000000000000, -0.707106781186548, 0.707106781186548 ) );
#6628 = DIRECTION( '', ( 0.000000000000000, -0.707106781186547, -0.707106781186547 ) );
#6629 = SURFACE_STYLE_FILL_AREA( #8412 );
#6630 = ORIENTED_EDGE( '', *, *, #8413, .F. );
#6631 = ORIENTED_EDGE( '', *, *, #7167, .T. );
#6632 = ORIENTED_EDGE( '', *, *, #7440, .T. );
#6633 = ORIENTED_EDGE( '', *, *, #7985, .F. );
#6634 = CARTESIAN_POINT( '', ( 0.262500000000000, -0.0225000000000000, -0.0875000000000000 ) );
#6635 = DIRECTION( '', ( 1.00000000000000, -0.000000000000000, -0.000000000000000 ) );
#6636 = DIRECTION( '', ( 0.000000000000000, 0.000000000000000, 1.00000000000000 ) );
#6637 = SURFACE_STYLE_FILL_AREA( #8414 );
#6638 = ORIENTED_EDGE( '', *, *, #7547, .F. );
#6639 = ORIENTED_EDGE( '', *, *, #7834, .T. );
#6640 = ORIENTED_EDGE( '', *, *, #8088, .F. );
#6641 = ORIENTED_EDGE( '', *, *, #7402, .F. );
#6642 = CARTESIAN_POINT( '', ( 0.262500000000000, -0.0725000000000000, -0.223750000000000 ) );
#6643 = DIRECTION( '', ( -0.000000000000000, 0.707106781186547, 0.707106781186548 ) );
#6644 = DIRECTION( '', ( 0.000000000000000, -0.707106781186548, 0.707106781186547 ) );
#6645 = SURFACE_STYLE_FILL_AREA( #8415 );
#6646 = ORIENTED_EDGE( '', *, *, #8354, .T. );
#6647 = ORIENTED_EDGE( '', *, *, #8224, .T. );
#6648 = ORIENTED_EDGE( '', *, *, #8240, .T. );
#6649 = ORIENTED_EDGE( '', *, *, #7873, .F. );
#6650 = ORIENTED_EDGE( '', *, *, #8416, .T. );
#6651 = ORIENTED_EDGE( '', *, *, #8417, .T. );
#6652 = ORIENTED_EDGE( '', *, *, #8418, .T. );
#6653 = ORIENTED_EDGE( '', *, *, #7869, .F. );
#6654 = ORIENTED_EDGE( '', *, *, #7182, .F. );
#6655 = ORIENTED_EDGE( '', *, *, #8141, .F. );
#6656 = ORIENTED_EDGE( '', *, *, #7509, .T. );
#6657 = ORIENTED_EDGE( '', *, *, #7876, .F. );
#6658 = CARTESIAN_POINT( '', ( 0.307500000000000, 0.320000000000000, -0.125000000000000 ) );
#6659 = DIRECTION( '', ( 0.000000000000000, -0.000000000000000, 1.00000000000000 ) );
#6660 = DIRECTION( '', ( 1.00000000000000, 0.000000000000000, -0.000000000000000 ) );
#6661 = SURFACE_STYLE_FILL_AREA( #8419 );
#6662 = ORIENTED_EDGE( '', *, *, #7613, .F. );
#6663 = ORIENTED_EDGE( '', *, *, #8420, .F. );
#6664 = ORIENTED_EDGE( '', *, *, #8421, .F. );
#6665 = ORIENTED_EDGE( '', *, *, #8235, .T. );
#6666 = CARTESIAN_POINT( '', ( 0.262500000000000, 0.298750000000000, 0.0375000000000000 ) );
#6667 = DIRECTION( '', ( 0.000000000000000, -0.707106781186549, 0.707106781186546 ) );
#6668 = DIRECTION( '', ( 0.000000000000000, -0.707106781186546, -0.707106781186549 ) );
#6669 = SURFACE_STYLE_FILL_AREA( #8422 );
#6670 = ORIENTED_EDGE( '', *, *, #8423, .F. );
#6671 = ORIENTED_EDGE( '', *, *, #7972, .F. );
#6672 = ORIENTED_EDGE( '', *, *, #8041, .F. );
#6673 = ORIENTED_EDGE( '', *, *, #8382, .T. );
#6674 = CARTESIAN_POINT( '', ( 0.262500000000000, 0.0650000000000000, 0.0375000000000000 ) );
#6675 = DIRECTION( '', ( 0.000000000000000, 0.000000000000000, 1.00000000000000 ) );
#6676 = DIRECTION( '', ( 1.00000000000000, 0.000000000000000, -0.000000000000000 ) );
#6677 = SURFACE_STYLE_FILL_AREA( #8424 );
#6678 = ORIENTED_EDGE( '', *, *, #7278, .T. );
#6679 = ORIENTED_EDGE( '', *, *, #7819, .T. );
#6680 = ORIENTED_EDGE( '', *, *, #8063, .T. );
#6681 = ORIENTED_EDGE( '', *, *, #7969, .T. );
#6682 = ORIENTED_EDGE( '', *, *, #8423, .T. );
#6683 = ORIENTED_EDGE( '', *, *, #8381, .T. );
#6684 = ORIENTED_EDGE( '', *, *, #7667, .T. );
#6685 = ORIENTED_EDGE( '', *, *, #8242, .T. );
#6686 = ORIENTED_EDGE( '', *, *, #7384, .T. );
#6687 = ORIENTED_EDGE( '', *, *, #7397, .T. );
#6688 = ORIENTED_EDGE( '', *, *, #8425, .T. );
#6689 = ORIENTED_EDGE( '', *, *, #8035, .F. );
#6690 = CARTESIAN_POINT( '', ( 0.137500000000000, 0.0600000000000000, 0.145000000000000 ) );
#6691 = DIRECTION( '', ( -1.00000000000000, 0.000000000000000, 0.000000000000000 ) );
#6692 = DIRECTION( '', ( 0.000000000000000, 0.000000000000000, 1.00000000000000 ) );
#6693 = SURFACE_STYLE_FILL_AREA( #8426 );
#6694 = ORIENTED_EDGE( '', *, *, #8115, .T. );
#6695 = ORIENTED_EDGE( '', *, *, #7802, .F. );
#6696 = ORIENTED_EDGE( '', *, *, #8311, .F. );
#6697 = ORIENTED_EDGE( '', *, *, #8290, .T. );
#6698 = CARTESIAN_POINT( '', ( 0.0949500000000000, 0.0900000000000000, -0.00500000000000000 ) );
#6699 = DIRECTION( '', ( 1.00000000000000, -0.000000000000000, 0.000000000000000 ) );
#6700 = DIRECTION( '', ( 0.000000000000000, 0.000000000000000, -1.00000000000000 ) );
#6701 = SURFACE_STYLE_FILL_AREA( #8427 );
#6702 = ORIENTED_EDGE( '', *, *, #8418, .F. );
#6703 = ORIENTED_EDGE( '', *, *, #8428, .F. );
#6704 = ORIENTED_EDGE( '', *, *, #7923, .T. );
#6705 = ORIENTED_EDGE( '', *, *, #7870, .T. );
#6706 = CARTESIAN_POINT( '', ( 0.0825000000000000, 0.000000000000000, 0.145000000000000 ) );
#6707 = DIRECTION( '', ( -1.00000000000000, 0.000000000000000, 0.000000000000000 ) );
#6708 = DIRECTION( '', ( 0.000000000000000, 0.000000000000000, 1.00000000000000 ) );
#6709 = SURFACE_STYLE_FILL_AREA( #8429 );
#6710 = ORIENTED_EDGE( '', *, *, #8202, .F. );
#6711 = ORIENTED_EDGE( '', *, *, #8277, .F. );
#6712 = ORIENTED_EDGE( '', *, *, #7444, .F. );
#6713 = ORIENTED_EDGE( '', *, *, #8430, .T. );
#6714 = CARTESIAN_POINT( '', ( 0.262500000000000, 0.298750000000000, -0.0625000000000000 ) );
#6715 = DIRECTION( '', ( 0.000000000000000, -0.707106781186549, 0.707106781186546 ) );
#6716 = DIRECTION( '', ( 0.000000000000000, -0.707106781186545, -0.707106781186549 ) );
#6717 = SURFACE_STYLE_FILL_AREA( #8431 );
#6718 = ORIENTED_EDGE( '', *, *, #7256, .T. );
#6719 = ORIENTED_EDGE( '', *, *, #8010, .T. );
#6720 = ORIENTED_EDGE( '', *, *, #7192, .T. );
#6721 = ORIENTED_EDGE( '', *, *, #8195, .F. );
#6722 = ORIENTED_EDGE( '', *, *, #7977, .T. );
#6723 = ORIENTED_EDGE( '', *, *, #7248, .T. );
#6724 = ORIENTED_EDGE( '', *, *, #7639, .F. );
#6725 = ORIENTED_EDGE( '', *, *, #8099, .T. );
#6726 = ORIENTED_EDGE( '', *, *, #8280, .T. );
#6727 = ORIENTED_EDGE( '', *, *, #7787, .T. );
#6728 = CARTESIAN_POINT( '', ( -0.162500000000000, -0.200000000000000, 0.145000000000000 ) );
#6729 = DIRECTION( '', ( -1.00000000000000, 0.000000000000000, 0.000000000000000 ) );
#6730 = DIRECTION( '', ( 0.000000000000000, 0.000000000000000, 1.00000000000000 ) );
#6731 = SURFACE_STYLE_FILL_AREA( #8432 );
#6732 = ORIENTED_EDGE( '', *, *, #8321, .T. );
#6733 = ORIENTED_EDGE( '', *, *, #7672, .T. );
#6734 = ORIENTED_EDGE( '', *, *, #7411, .T. );
#6735 = ORIENTED_EDGE( '', *, *, #8433, .T. );
#6736 = ORIENTED_EDGE( '', *, *, #8174, .F. );
#6737 = ORIENTED_EDGE( '', *, *, #7078, .T. );
#6738 = ORIENTED_EDGE( '', *, *, #7537, .T. );
#6739 = ORIENTED_EDGE( '', *, *, #8254, .F. );
#6740 = ORIENTED_EDGE( '', *, *, #8434, .T. );
#6741 = ORIENTED_EDGE( '', *, *, #8015, .F. );
#6742 = CARTESIAN_POINT( '', ( -0.0375000000000000, 0.0400000000000000, 0.145000000000000 ) );
#6743 = DIRECTION( '', ( 1.00000000000000, 0.000000000000000, -0.000000000000000 ) );
#6744 = DIRECTION( '', ( -0.000000000000000, 0.000000000000000, -1.00000000000000 ) );
#6745 = SURFACE_STYLE_FILL_AREA( #8435 );
#6746 = ORIENTED_EDGE( '', *, *, #8200, .F. );
#6747 = ORIENTED_EDGE( '', *, *, #8391, .F. );
#6748 = ORIENTED_EDGE( '', *, *, #7447, .F. );
#6749 = ORIENTED_EDGE( '', *, *, #8178, .T. );
#6750 = CARTESIAN_POINT( '', ( 0.262500000000000, 0.298750000000000, -0.0375000000000000 ) );
#6751 = DIRECTION( '', ( 0.000000000000000, 0.000000000000000, -1.00000000000000 ) );
#6752 = DIRECTION( '', ( -1.00000000000000, 0.000000000000000, 0.000000000000000 ) );
#6753 = SURFACE_STYLE_FILL_AREA( #8436 );
#6754 = ORIENTED_EDGE( '', *, *, #7878, .T. );
#6755 = ORIENTED_EDGE( '', *, *, #8066, .F. );
#6756 = ORIENTED_EDGE( '', *, *, #8139, .T. );
#6757 = ORIENTED_EDGE( '', *, *, #7837, .T. );
#6758 = CARTESIAN_POINT( '', ( 0.340000000000000, 0.320000000000000, -0.0750000000000000 ) );
#6759 = DIRECTION( '', ( 0.000000000000000, -0.000000000000000, 1.00000000000000 ) );
#6760 = DIRECTION( '', ( 1.00000000000000, 0.000000000000000, -0.000000000000000 ) );
#6761 = SURFACE_STYLE_FILL_AREA( #8437 );
#6762 = ORIENTED_EDGE( '', *, *, #8114, .T. );
#6763 = ORIENTED_EDGE( '', *, *, #8292, .F. );
#6764 = ORIENTED_EDGE( '', *, *, #8310, .F. );
#6765 = ORIENTED_EDGE( '', *, *, #7800, .T. );
#6766 = CARTESIAN_POINT( '', ( 0.00505000000000006, 0.0900000000000000, -0.114900000000000 ) );
#6767 = DIRECTION( '', ( -1.00000000000000, 0.000000000000000, 0.000000000000000 ) );
#6768 = DIRECTION( '', ( 0.000000000000000, 0.000000000000000, 1.00000000000000 ) );
#6769 = SURFACE_STYLE_FILL_AREA( #8438 );
#6770 = ORIENTED_EDGE( '', *, *, #7273, .T. );
#6771 = ORIENTED_EDGE( '', *, *, #8227, .T. );
#6772 = ORIENTED_EDGE( '', *, *, #8000, .T. );
#6773 = ORIENTED_EDGE( '', *, *, #8170, .T. );
#6774 = ORIENTED_EDGE( '', *, *, #8345, .T. );
#6775 = ORIENTED_EDGE( '', *, *, #8184, .T. );
#6776 = ORIENTED_EDGE( '', *, *, #7470, .T. );
#6777 = ORIENTED_EDGE( '', *, *, #8008, .F. );
#6778 = ORIENTED_EDGE( '', *, *, #8261, .T. );
#6779 = ORIENTED_EDGE( '', *, *, #8023, .T. );
#6780 = ORIENTED_EDGE( '', *, *, #8439, .T. );
#6781 = ORIENTED_EDGE( '', *, *, #7744, .T. );
#6782 = ORIENTED_EDGE( '', *, *, #8327, .T. );
#6783 = ORIENTED_EDGE( '', *, *, #7505, .T. );
#6784 = ORIENTED_EDGE( '', *, *, #7897, .T. );
#6785 = ORIENTED_EDGE( '', *, *, #7377, .T. );
#6786 = ORIENTED_EDGE( '', *, *, #7944, .T. );
#6787 = ORIENTED_EDGE( '', *, *, #7395, .F. );
#6788 = ORIENTED_EDGE( '', *, *, #8440, .T. );
#6789 = ORIENTED_EDGE( '', *, *, #7714, .T. );
#6790 = ORIENTED_EDGE( '', *, *, #7045, .T. );
#6791 = ORIENTED_EDGE( '', *, *, #7599, .T. );
#6792 = ORIENTED_EDGE( '', *, *, #8238, .T. );
#6793 = ORIENTED_EDGE( '', *, *, #8152, .T. );
#6794 = ORIENTED_EDGE( '', *, *, #8236, .T. );
#6795 = ORIENTED_EDGE( '', *, *, #8421, .T. );
#6796 = ORIENTED_EDGE( '', *, *, #8441, .T. );
#6797 = ORIENTED_EDGE( '', *, *, #7141, .T. );
#6798 = CARTESIAN_POINT( '', ( 0.262500000000000, -0.122500000000000, 0.0125000000000000 ) );
#6799 = DIRECTION( '', ( 1.00000000000000, 0.000000000000000, 0.000000000000000 ) );
#6800 = DIRECTION( '', ( 0.000000000000000, 0.000000000000000, -1.00000000000000 ) );
#6801 = SURFACE_STYLE_FILL_AREA( #8442 );
#6802 = ORIENTED_EDGE( '', *, *, #7458, .F. );
#6803 = ORIENTED_EDGE( '', *, *, #7867, .T. );
#6804 = ORIENTED_EDGE( '', *, *, #7974, .F. );
#6805 = ORIENTED_EDGE( '', *, *, #7563, .F. );
#6806 = CARTESIAN_POINT( '', ( 0.330000000000000, 0.0200000000000000, -0.115000000000000 ) );
#6807 = DIRECTION( '', ( 0.000000000000000, 0.000000000000000, -1.00000000000000 ) );
#6808 = DIRECTION( '', ( -1.00000000000000, 0.000000000000000, 0.000000000000000 ) );
#6809 = SURFACE_STYLE_FILL_AREA( #8443 );
#6810 = ORIENTED_EDGE( '', *, *, #8416, .F. );
#6811 = ORIENTED_EDGE( '', *, *, #7872, .F. );
#6812 = ORIENTED_EDGE( '', *, *, #7922, .T. );
#6813 = ORIENTED_EDGE( '', *, *, #8444, .T. );
#6814 = CARTESIAN_POINT( '', ( 0.117500000000000, 0.0200000000000000, 0.145000000000000 ) );
#6815 = DIRECTION( '', ( 1.00000000000000, 0.000000000000000, -0.000000000000000 ) );
#6816 = DIRECTION( '', ( -0.000000000000000, 0.000000000000000, -1.00000000000000 ) );
#6817 = SURFACE_STYLE_FILL_AREA( #8445 );
#6818 = ORIENTED_EDGE( '', *, *, #7154, .F. );
#6819 = ORIENTED_EDGE( '', *, *, #7997, .T. );
#6820 = ORIENTED_EDGE( '', *, *, #7522, .F. );
#6821 = ORIENTED_EDGE( '', *, *, #7621, .F. );
#6822 = CARTESIAN_POINT( '', ( 0.262500000000000, -0.0537500000000000, -0.230000000000000 ) );
#6823 = DIRECTION( '', ( 0.000000000000000, -0.707106781186548, 0.707106781186548 ) );
#6824 = DIRECTION( '', ( 0.000000000000000, -0.707106781186547, -0.707106781186547 ) );
#6825 = SURFACE_STYLE_FILL_AREA( #8446 );
#6826 = ORIENTED_EDGE( '', *, *, #8155, .T. );
#6827 = ORIENTED_EDGE( '', *, *, #7347, .T. );
#6828 = ORIENTED_EDGE( '', *, *, #7075, .T. );
#6829 = ORIENTED_EDGE( '', *, *, #8397, .T. );
#6830 = CARTESIAN_POINT( '', ( 0.300000000000000, 0.0900000000000000, -6.40276873515062E-18 ) );
#6831 = DIRECTION( '', ( 0.000000000000000, 1.00000000000000, -0.000000000000000 ) );
#6832 = DIRECTION( '', ( 0.000000000000000, 0.000000000000000, 1.00000000000000 ) );
#6833 = SURFACE_STYLE_FILL_AREA( #8447 );
#6834 = ORIENTED_EDGE( '', *, *, #8102, .T. );
#6835 = ORIENTED_EDGE( '', *, *, #7041, .T. );
#6836 = ORIENTED_EDGE( '', *, *, #8266, .F. );
#6837 = ORIENTED_EDGE( '', *, *, #8073, .T. );
#6838 = CARTESIAN_POINT( '', ( -0.194950000000000, 0.0900000000000000, -0.114900000000000 ) );
#6839 = DIRECTION( '', ( -1.00000000000000, 0.000000000000000, 0.000000000000000 ) );
#6840 = DIRECTION( '', ( 0.000000000000000, 0.000000000000000, 1.00000000000000 ) );
#6841 = SURFACE_STYLE_FILL_AREA( #8448 );
#6842 = ORIENTED_EDGE( '', *, *, #8387, .T. );
#6843 = ORIENTED_EDGE( '', *, *, #7657, .F. );
#6844 = ORIENTED_EDGE( '', *, *, #7334, .T. );
#6845 = ORIENTED_EDGE( '', *, *, #7529, .T. );
#6846 = CARTESIAN_POINT( '', ( 0.273333319203367, 0.200000000000000, 0.0500000000000000 ) );
#6847 = DIRECTION( '', ( -0.999390827019096, 0.0348994967025008, 0.000000000000000 ) );
#6848 = DIRECTION( '', ( -0.0348994967025008, -0.999390827019096, 0.000000000000000 ) );
#6849 = SURFACE_STYLE_FILL_AREA( #8449 );
#6850 = ORIENTED_EDGE( '', *, *, #7098, .F. );
#6851 = ORIENTED_EDGE( '', *, *, #7137, .F. );
#6852 = ORIENTED_EDGE( '', *, *, #8450, .F. );
#6853 = ORIENTED_EDGE( '', *, *, #8451, .T. );
#6854 = CARTESIAN_POINT( '', ( 0.262500000000000, 0.0650000000000000, -0.0375000000000000 ) );
#6855 = DIRECTION( '', ( 0.000000000000000, -1.00000000000000, 3.41480999208033E-16 ) );
#6856 = DIRECTION( '', ( 0.000000000000000, -3.41480999208033E-16, -1.00000000000000 ) );
#6857 = SURFACE_STYLE_FILL_AREA( #8452 );
#6858 = ORIENTED_EDGE( '', *, *, #8453, .F. );
#6859 = ORIENTED_EDGE( '', *, *, #7745, .F. );
#6860 = ORIENTED_EDGE( '', *, *, #8439, .F. );
#6861 = ORIENTED_EDGE( '', *, *, #8022, .T. );
#6862 = CARTESIAN_POINT( '', ( 0.262500000000000, 0.0400000000000000, -0.0375000000000000 ) );
#6863 = DIRECTION( '', ( 0.000000000000000, 0.000000000000000, -1.00000000000000 ) );
#6864 = DIRECTION( '', ( -1.00000000000000, 0.000000000000000, 0.000000000000000 ) );
#6865 = SURFACE_STYLE_FILL_AREA( #8454 );
#6866 = ORIENTED_EDGE( '', *, *, #7285, .T. );
#6867 = ORIENTED_EDGE( '', *, *, #7225, .T. );
#6868 = ORIENTED_EDGE( '', *, *, #8455, .T. );
#6869 = ORIENTED_EDGE( '', *, *, #7660, .T. );
#6870 = ORIENTED_EDGE( '', *, *, #8283, .T. );
#6871 = ORIENTED_EDGE( '', *, *, #7500, .T. );
#6872 = ORIENTED_EDGE( '', *, *, #8456, .T. );
#6873 = ORIENTED_EDGE( '', *, *, #8450, .T. );
#6874 = ORIENTED_EDGE( '', *, *, #7136, .T. );
#6875 = ORIENTED_EDGE( '', *, *, #8233, .T. );
#6876 = ORIENTED_EDGE( '', *, *, #7609, .T. );
#6877 = ORIENTED_EDGE( '', *, *, #7919, .T. );
#6878 = CARTESIAN_POINT( '', ( -0.137500000000000, 0.325000000000000, 0.145000000000000 ) );
#6879 = DIRECTION( '', ( 1.00000000000000, 0.000000000000000, -0.000000000000000 ) );
#6880 = DIRECTION( '', ( -0.000000000000000, 0.000000000000000, -1.00000000000000 ) );
#6881 = SURFACE_STYLE_FILL_AREA( #8457 );
#6882 = ORIENTED_EDGE( '', *, *, #8005, .T. );
#6883 = ORIENTED_EDGE( '', *, *, #8167, .T. );
#6884 = ORIENTED_EDGE( '', *, *, #8051, .T. );
#6885 = ORIENTED_EDGE( '', *, *, #7035, .T. );
#6886 = CARTESIAN_POINT( '', ( 0.200000000000000, 0.0900000000000000, -0.120000000000000 ) );
#6887 = DIRECTION( '', ( 0.000000000000000, 1.00000000000000, -0.000000000000000 ) );
#6888 = DIRECTION( '', ( 0.000000000000000, 0.000000000000000, 1.00000000000000 ) );
#6889 = SURFACE_STYLE_FILL_AREA( #8458 );
#6890 = ORIENTED_EDGE( '', *, *, #8428, .T. );
#6891 = ORIENTED_EDGE( '', *, *, #8417, .F. );
#6892 = ORIENTED_EDGE( '', *, *, #8444, .F. );
#6893 = ORIENTED_EDGE( '', *, *, #7924, .T. );
#6894 = CARTESIAN_POINT( '', ( 0.330000000000000, 0.000000000000000, -0.115000000000000 ) );
#6895 = DIRECTION( '', ( -0.000000000000000, 1.00000000000000, 0.000000000000000 ) );
#6896 = DIRECTION( '', ( 0.000000000000000, -0.000000000000000, 1.00000000000000 ) );
#6897 = SURFACE_STYLE_FILL_AREA( #8459 );
#6898 = ORIENTED_EDGE( '', *, *, #7548, .F. );
#6899 = ORIENTED_EDGE( '', *, *, #7404, .T. );
#6900 = ORIENTED_EDGE( '', *, *, #8087, .F. );
#6901 = ORIENTED_EDGE( '', *, *, #7407, .F. );
#6902 = CARTESIAN_POINT( '', ( 0.262500000000000, -0.0537500000000000, -0.230000000000000 ) );
#6903 = DIRECTION( '', ( 0.000000000000000, -0.707106781186548, 0.707106781186548 ) );
#6904 = DIRECTION( '', ( 0.000000000000000, -0.707106781186547, -0.707106781186547 ) );
#6905 = SURFACE_STYLE_FILL_AREA( #8460 );
#6906 = ORIENTED_EDGE( '', *, *, #7726, .F. );
#6907 = ORIENTED_EDGE( '', *, *, #7061, .T. );
#6908 = ORIENTED_EDGE( '', *, *, #8192, .F. );
#6909 = ORIENTED_EDGE( '', *, *, #8251, .F. );
#6910 = CARTESIAN_POINT( '', ( 0.262500000000000, -0.0225000000000000, -0.0875000000000000 ) );
#6911 = DIRECTION( '', ( 1.00000000000000, -0.000000000000000, -0.000000000000000 ) );
#6912 = DIRECTION( '', ( 0.000000000000000, 0.000000000000000, 1.00000000000000 ) );
#6913 = SURFACE_STYLE_FILL_AREA( #8461 );
#6914 = ORIENTED_EDGE( '', *, *, #7283, .T. );
#6915 = ORIENTED_EDGE( '', *, *, #8204, .T. );
#6916 = ORIENTED_EDGE( '', *, *, #8462, .T. );
#6917 = ORIENTED_EDGE( '', *, *, #8244, .F. );
#6918 = CARTESIAN_POINT( '', ( -0.0375000000000000, 0.0600000000000000, 0.145000000000000 ) );
#6919 = DIRECTION( '', ( 0.000000000000000, 1.00000000000000, 0.000000000000000 ) );
#6920 = DIRECTION( '', ( 0.000000000000000, -0.000000000000000, 1.00000000000000 ) );
#6921 = SURFACE_STYLE_FILL_AREA( #8463 );
#6922 = ORIENTED_EDGE( '', *, *, #7561, .T. );
#6923 = ORIENTED_EDGE( '', *, *, #7535, .T. );
#6924 = ORIENTED_EDGE( '', *, *, #8409, .T. );
#6925 = ORIENTED_EDGE( '', *, *, #8394, .F. );
#6926 = CARTESIAN_POINT( '', ( -0.277000000000000, 0.305000000000000, 0.0500000000000000 ) );
#6927 = DIRECTION( '', ( 0.999390827019096, 0.0348994967025014, -0.000000000000000 ) );
#6928 = DIRECTION( '', ( -0.0348994967025014, 0.999390827019096, 0.000000000000000 ) );
#6929 = SURFACE_STYLE_FILL_AREA( #8464 );
#6930 = ORIENTED_EDGE( '', *, *, #8125, .T. );
#6931 = ORIENTED_EDGE( '', *, *, #7331, .F. );
#6932 = ORIENTED_EDGE( '', *, *, #7091, .F. );
#6933 = ORIENTED_EDGE( '', *, *, #8070, .T. );
#6934 = CARTESIAN_POINT( '', ( 0.294950000000000, 0.0900000000000000, 0.115000000000000 ) );
#6935 = DIRECTION( '', ( 1.00000000000000, -0.000000000000000, 0.000000000000000 ) );
#6936 = DIRECTION( '', ( 0.000000000000000, 0.000000000000000, -1.00000000000000 ) );
#6937 = SURFACE_STYLE_FILL_AREA( #8465 );
#6938 = ORIENTED_EDGE( '', *, *, #8433, .F. );
#6939 = ORIENTED_EDGE( '', *, *, #7414, .T. );
#6940 = ORIENTED_EDGE( '', *, *, #7934, .F. );
#6941 = ORIENTED_EDGE( '', *, *, #8175, .F. );
#6942 = CARTESIAN_POINT( '', ( 0.262500000000000, -0.0725000000000000, -0.223750000000000 ) );
#6943 = DIRECTION( '', ( -0.000000000000000, 0.707106781186547, 0.707106781186548 ) );
#6944 = DIRECTION( '', ( 0.000000000000000, -0.707106781186548, 0.707106781186547 ) );
#6945 = SURFACE_STYLE_FILL_AREA( #8466 );
#6946 = ORIENTED_EDGE( '', *, *, #7099, .F. );
#6947 = ORIENTED_EDGE( '', *, *, #8451, .F. );
#6948 = ORIENTED_EDGE( '', *, *, #8456, .F. );
#6949 = ORIENTED_EDGE( '', *, *, #7499, .T. );
#6950 = CARTESIAN_POINT( '', ( 0.262500000000000, 0.298750000000000, -0.0375000000000000 ) );
#6951 = DIRECTION( '', ( 0.000000000000000, 0.000000000000000, -1.00000000000000 ) );
#6952 = DIRECTION( '', ( -1.00000000000000, 0.000000000000000, 0.000000000000000 ) );
#6953 = SURFACE_STYLE_FILL_AREA( #8467 );
#6954 = ORIENTED_EDGE( '', *, *, #8453, .T. );
#6955 = ORIENTED_EDGE( '', *, *, #8021, .T. );
#6956 = ORIENTED_EDGE( '', *, *, #8468, .T. );
#6957 = ORIENTED_EDGE( '', *, *, #7393, .F. );
#6958 = ORIENTED_EDGE( '', *, *, #7943, .T. );
#6959 = ORIENTED_EDGE( '', *, *, #7375, .T. );
#6960 = ORIENTED_EDGE( '', *, *, #7896, .F. );
#6961 = ORIENTED_EDGE( '', *, *, #7503, .T. );
#6962 = ORIENTED_EDGE( '', *, *, #8326, .T. );
#6963 = ORIENTED_EDGE( '', *, *, #7742, .T. );
#6964 = CARTESIAN_POINT( '', ( 0.237500000000000, -0.200000000000000, 0.145000000000000 ) );
#6965 = DIRECTION( '', ( -1.00000000000000, 0.000000000000000, 0.000000000000000 ) );
#6966 = DIRECTION( '', ( 0.000000000000000, 0.000000000000000, 1.00000000000000 ) );
#6967 = SURFACE_STYLE_FILL_AREA( #8469 );
#6968 = ORIENTED_EDGE( '', *, *, #7612, .F. );
#6969 = ORIENTED_EDGE( '', *, *, #7142, .F. );
#6970 = ORIENTED_EDGE( '', *, *, #8441, .F. );
#6971 = ORIENTED_EDGE( '', *, *, #8420, .T. );
#6972 = CARTESIAN_POINT( '', ( 0.262500000000000, 0.305000000000000, 0.0437500000000000 ) );
#6973 = DIRECTION( '', ( 0.000000000000000, -1.00000000000000, 0.000000000000000 ) );
#6974 = DIRECTION( '', ( 0.000000000000000, 0.000000000000000, -1.00000000000000 ) );
#6975 = SURFACE_STYLE_FILL_AREA( #8470 );
#6976 = ORIENTED_EDGE( '', *, *, #7325, .T. );
#6977 = ORIENTED_EDGE( '', *, *, #8219, .T. );
#6978 = ORIENTED_EDGE( '', *, *, #7197, .T. );
#6979 = ORIENTED_EDGE( '', *, *, #8375, .F. );
#6980 = CARTESIAN_POINT( '', ( -0.173333319203366, 0.200000000000000, 0.0500000000000000 ) );
#6981 = DIRECTION( '', ( 0.000000000000000, 1.00000000000000, 0.000000000000000 ) );
#6982 = DIRECTION( '', ( 0.000000000000000, -0.000000000000000, 1.00000000000000 ) );
#6983 = SURFACE_STYLE_FILL_AREA( #8471 );
#6984 = ORIENTED_EDGE( '', *, *, #7955, .F. );
#6985 = ORIENTED_EDGE( '', *, *, #8209, .F. );
#6986 = ORIENTED_EDGE( '', *, *, #7103, .F. );
#6987 = ORIENTED_EDGE( '', *, *, #7661, .F. );
#6988 = ORIENTED_EDGE( '', *, *, #8455, .F. );
#6989 = ORIENTED_EDGE( '', *, *, #7224, .F. );
#6990 = ORIENTED_EDGE( '', *, *, #7215, .F. );
#6991 = ORIENTED_EDGE( '', *, *, #7515, .F. );
#6992 = ORIENTED_EDGE( '', *, *, #8245, .F. );
#6993 = ORIENTED_EDGE( '', *, *, #8462, .F. );
#6994 = ORIENTED_EDGE( '', *, *, #8203, .F. );
#6995 = ORIENTED_EDGE( '', *, *, #8430, .F. );
#6996 = ORIENTED_EDGE( '', *, *, #7443, .F. );
#6997 = ORIENTED_EDGE( '', *, *, #8036, .F. );
#6998 = ORIENTED_EDGE( '', *, *, #8425, .F. );
#6999 = ORIENTED_EDGE( '', *, *, #7399, .F. );
#7000 = ORIENTED_EDGE( '', *, *, #8038, .F. );
#7001 = ORIENTED_EDGE( '', *, *, #7899, .F. );
#7002 = ORIENTED_EDGE( '', *, *, #7618, .F. );
#7003 = ORIENTED_EDGE( '', *, *, #7715, .F. );
#7004 = ORIENTED_EDGE( '', *, *, #8440, .F. );
#7005 = ORIENTED_EDGE( '', *, *, #7394, .T. );
#7006 = ORIENTED_EDGE( '', *, *, #8468, .F. );
#7007 = ORIENTED_EDGE( '', *, *, #8020, .F. );
#7008 = ORIENTED_EDGE( '', *, *, #7157, .F. );
#7009 = ORIENTED_EDGE( '', *, *, #8091, .T. );
#7010 = ORIENTED_EDGE( '', *, *, #7519, .F. );
#7011 = ORIENTED_EDGE( '', *, *, #8018, .F. );
#7012 = ORIENTED_EDGE( '', *, *, #7732, .F. );
#7013 = ORIENTED_EDGE( '', *, *, #8385, .T. );
#7014 = ORIENTED_EDGE( '', *, *, #8187, .F. );
#7015 = ORIENTED_EDGE( '', *, *, #8016, .F. );
#7016 = ORIENTED_EDGE( '', *, *, #8434, .F. );
#7017 = ORIENTED_EDGE( '', *, *, #8253, .T. );
#7018 = ORIENTED_EDGE( '', *, *, #7931, .F. );
#7019 = ORIENTED_EDGE( '', *, *, #8013, .F. );
#7020 = ORIENTED_EDGE( '', *, *, #7550, .F. );
#7021 = ORIENTED_EDGE( '', *, *, #8335, .T. );
#7022 = ORIENTED_EDGE( '', *, *, #8085, .F. );
#7023 = ORIENTED_EDGE( '', *, *, #8011, .F. );
#7024 = ORIENTED_EDGE( '', *, *, #7168, .F. );
#7025 = ORIENTED_EDGE( '', *, *, #8413, .T. );
#7026 = ORIENTED_EDGE( '', *, *, #7984, .T. );
#7027 = ORIENTED_EDGE( '', *, *, #8367, .F. );
#7028 = CARTESIAN_POINT( '', ( 0.262500000000000, -0.0225000000000000, -0.0625000000000000 ) );
#7029 = DIRECTION( '', ( 0.000000000000000, 0.000000000000000, 1.00000000000000 ) );
#7030 = DIRECTION( '', ( 1.00000000000000, 0.000000000000000, -0.000000000000000 ) );
#7032 = FILL_AREA_STYLE( '', ( #8472 ) );
#7033 = EDGE_CURVE( '', #8473, #8474, #8475, .T. );
#7034 = EDGE_CURVE( '', #8476, #8474, #8477, .T. );
#7035 = EDGE_CURVE( '', #8478, #8476, #8479, .T. );
#7036 = EDGE_CURVE( '', #8478, #8473, #8480, .T. );
#7037 = FILL_AREA_STYLE( '', ( #8481 ) );
#7038 = EDGE_CURVE( '', #8482, #8483, #8484, .T. );
#7039 = EDGE_CURVE( '', #8485, #8483, #8486, .T. );
#7040 = EDGE_CURVE( '', #8487, #8485, #8488, .T. );
#7041 = EDGE_CURVE( '', #8482, #8487, #8489, .T. );
#7042 = FILL_AREA_STYLE( '', ( #8490 ) );
#7043 = EDGE_CURVE( '', #8491, #8492, #8493, .T. );
#7044 = EDGE_CURVE( '', #8494, #8491, #8495, .T. );
#7045 = EDGE_CURVE( '', #8496, #8494, #8497, .T. );
#7046 = EDGE_CURVE( '', #8496, #8492, #8498, .T. );
#7047 = FILL_AREA_STYLE( '', ( #8499 ) );
#7048 = EDGE_CURVE( '', #8500, #8501, #8502, .T. );
#7049 = EDGE_CURVE( '', #8500, #8503, #8504, .T. );
#7050 = EDGE_CURVE( '', #8503, #8505, #8506, .T. );
#7051 = EDGE_CURVE( '', #8505, #8501, #8507, .T. );
#7052 = FILL_AREA_STYLE( '', ( #8508 ) );
#7053 = EDGE_CURVE( '', #8509, #8510, #8511, .T. );
#7054 = EDGE_CURVE( '', #8509, #8512, #8513, .T. );
#7055 = EDGE_CURVE( '', #8512, #8514, #8515, .T. );
#7056 = EDGE_CURVE( '', #8510, #8514, #8516, .T. );
#7057 = FILL_AREA_STYLE( '', ( #8517 ) );
#7058 = EDGE_CURVE( '', #8518, #8519, #8520, .T. );
#7059 = EDGE_CURVE( '', #8518, #8521, #8522, .T. );
#7060 = EDGE_CURVE( '', #8523, #8521, #8524, .T. );
#7061 = EDGE_CURVE( '', #8519, #8523, #8525, .T. );
#7062 = FILL_AREA_STYLE( '', ( #8526 ) );
#7063 = EDGE_CURVE( '', #8527, #8528, #8529, .T. );
#7064 = EDGE_CURVE( '', #8530, #8528, #8531, .T. );
#7065 = EDGE_CURVE( '', #8530, #8532, #8533, .T. );
#7066 = EDGE_CURVE( '', #8532, #8527, #8534, .T. );
#7067 = FILL_AREA_STYLE( '', ( #8535 ) );
#7068 = EDGE_CURVE( '', #8536, #8537, #8538, .T. );
#7069 = EDGE_CURVE( '', #8539, #8537, #8540, .T. );
#7070 = EDGE_CURVE( '', #8541, #8539, #8542, .T. );
#7071 = EDGE_CURVE( '', #8541, #8536, #8543, .T. );
#7072 = FILL_AREA_STYLE( '', ( #8544 ) );
#7073 = EDGE_CURVE( '', #8545, #8546, #8547, .T. );
#7074 = EDGE_CURVE( '', #8548, #8546, #8549, .T. );
#7075 = EDGE_CURVE( '', #8550, #8548, #8551, .T. );
#7076 = EDGE_CURVE( '', #8550, #8545, #8552, .T. );
#7077 = FILL_AREA_STYLE( '', ( #8553 ) );
#7078 = EDGE_CURVE( '', #8554, #8555, #8556, .T. );
#7079 = EDGE_CURVE( '', #8554, #8557, #8558, .T. );
#7080 = EDGE_CURVE( '', #8559, #8557, #8560, .T. );
#7081 = EDGE_CURVE( '', #8555, #8559, #8561, .T. );
#7082 = FILL_AREA_STYLE( '', ( #8562 ) );
#7083 = EDGE_CURVE( '', #8563, #8564, #8565, .T. );
#7084 = EDGE_CURVE( '', #8566, #8563, #8567, .T. );
#7085 = EDGE_CURVE( '', #8566, #8568, #8569, .T. );
#7086 = EDGE_CURVE( '', #8564, #8568, #8570, .T. );
#7087 = FILL_AREA_STYLE( '', ( #8571 ) );
#7088 = EDGE_CURVE( '', #8572, #8573, #8574, .T. );
#7089 = EDGE_CURVE( '', #8573, #8575, #8576, .T. );
#7090 = EDGE_CURVE( '', #8575, #8577, #8578, .T. );
#7091 = EDGE_CURVE( '', #8577, #8572, #8579, .T. );
#7092 = FILL_AREA_STYLE( '', ( #8580 ) );
#7093 = EDGE_CURVE( '', #8581, #8582, #8583, .T. );
#7094 = EDGE_CURVE( '', #8582, #8584, #8585, .T. );
#7095 = EDGE_CURVE( '', #8584, #8586, #8587, .T. );
#7096 = EDGE_CURVE( '', #8586, #8588, #8589, .T. );
#7097 = EDGE_CURVE( '', #8588, #8590, #8591, .T. );
#7098 = EDGE_CURVE( '', #8590, #8592, #8593, .T. );
#7099 = EDGE_CURVE( '', #8592, #8594, #8595, .T. );
#7100 = EDGE_CURVE( '', #8594, #8596, #8597, .T. );
#7101 = EDGE_CURVE( '', #8596, #8598, #8599, .T. );
#7102 = EDGE_CURVE( '', #8598, #8600, #8601, .T. );
#7103 = EDGE_CURVE( '', #8600, #8602, #8603, .T. );
#7104 = EDGE_CURVE( '', #8581, #8602, #8604, .T. );
#7105 = FILL_AREA_STYLE( '', ( #8605 ) );
#7106 = EDGE_CURVE( '', #8606, #8607, #8608, .T. );
#7107 = EDGE_CURVE( '', #8609, #8606, #8610, .T. );
#7108 = EDGE_CURVE( '', #8611, #8609, #8612, .T. );
#7109 = EDGE_CURVE( '', #8613, #8611, #8614, .T. );
#7110 = EDGE_CURVE( '', #8615, #8613, #8616, .T. );
#7111 = EDGE_CURVE( '', #8615, #8617, #8618, .T. );
#7112 = EDGE_CURVE( '', #8619, #8617, #8620, .T. );
#7113 = EDGE_CURVE( '', #8621, #8619, #8622, .T. );
#7114 = EDGE_CURVE( '', #8621, #8623, #8624, .T. );
#7115 = EDGE_CURVE( '', #8623, #8607, #8625, .T. );
#7116 = FILL_AREA_STYLE( '', ( #8626 ) );
#7117 = EDGE_CURVE( '', #8627, #8628, #8629, .T. );
#7118 = EDGE_CURVE( '', #8628, #8630, #8631, .T. );
#7119 = EDGE_CURVE( '', #8630, #8632, #8633, .T. );
#7120 = EDGE_CURVE( '', #8632, #8634, #8635, .T. );
#7121 = EDGE_CURVE( '', #8636, #8634, #8637, .T. );
#7122 = EDGE_CURVE( '', #8636, #8638, #8639, .T. );
#7123 = EDGE_CURVE( '', #8638, #8640, #8641, .T. );
#7124 = EDGE_CURVE( '', #8642, #8640, #8643, .T. );
#7125 = EDGE_CURVE( '', #8642, #8644, #8645, .T. );
#7126 = EDGE_CURVE( '', #8627, #8644, #8646, .T. );
#7127 = FILL_AREA_STYLE( '', ( #8647 ) );
#7128 = EDGE_CURVE( '', #8648, #8649, #8650, .T. );
#7129 = EDGE_CURVE( '', #8649, #8651, #8652, .T. );
#7130 = EDGE_CURVE( '', #8651, #8653, #8654, .T. );
#7131 = EDGE_CURVE( '', #8653, #8655, #8656, .T. );
#7132 = EDGE_CURVE( '', #8655, #8657, #8658, .T. );
#7133 = EDGE_CURVE( '', #8657, #8648, #8659, .T. );
#7134 = FILL_AREA_STYLE( '', ( #8660 ) );
#7135 = EDGE_CURVE( '', #8661, #8588, #8662, .T. );
#7136 = EDGE_CURVE( '', #8663, #8661, #8664, .T. );
#7137 = EDGE_CURVE( '', #8663, #8590, #8665, .T. );
#7138 = FILL_AREA_STYLE( '', ( #8666 ) );
#7139 = EDGE_CURVE( '', #8667, #8668, #8669, .T. );
#7140 = EDGE_CURVE( '', #8670, #8667, #8671, .T. );
#7141 = EDGE_CURVE( '', #8672, #8670, #8673, .T. );
#7142 = EDGE_CURVE( '', #8672, #8668, #8674, .T. );
#7143 = FILL_AREA_STYLE( '', ( #8675 ) );
#7144 = EDGE_CURVE( '', #8676, #8677, #8678, .T. );
#7145 = EDGE_CURVE( '', #8679, #8676, #8680, .T. );
#7146 = EDGE_CURVE( '', #8679, #8681, #8682, .T. );
#7147 = EDGE_CURVE( '', #8677, #8681, #8683, .T. );
#7148 = FILL_AREA_STYLE( '', ( #8684 ) );
#7149 = EDGE_CURVE( '', #8685, #8686, #8687, .T. );
#7150 = EDGE_CURVE( '', #8686, #8688, #8689, .T. );
#7151 = EDGE_CURVE( '', #8688, #8690, #8691, .T. );
#7152 = EDGE_CURVE( '', #8690, #8692, #8693, .T. );
#7153 = EDGE_CURVE( '', #8694, #8692, #8695, .T. );
#7154 = EDGE_CURVE( '', #8694, #8696, #8697, .T. );
#7155 = EDGE_CURVE( '', #8696, #8698, #8699, .T. );
#7156 = EDGE_CURVE( '', #8700, #8698, #8701, .T. );
#7157 = EDGE_CURVE( '', #8700, #8702, #8703, .T. );
#7158 = EDGE_CURVE( '', #8685, #8702, #8704, .T. );
#7159 = FILL_AREA_STYLE( '', ( #8705 ) );
#7160 = EDGE_CURVE( '', #8706, #8707, #8708, .T. );
#7161 = EDGE_CURVE( '', #8707, #8709, #8710, .T. );
#7162 = EDGE_CURVE( '', #8709, #8711, #8712, .T. );
#7163 = EDGE_CURVE( '', #8711, #8713, #8714, .T. );
#7164 = EDGE_CURVE( '', #8715, #8713, #8716, .T. );
#7165 = EDGE_CURVE( '', #8715, #8717, #8718, .T. );
#7166 = EDGE_CURVE( '', #8717, #8719, #8720, .T. );
#7167 = EDGE_CURVE( '', #8721, #8719, #8722, .T. );
#7168 = EDGE_CURVE( '', #8721, #8723, #8724, .T. );
#7169 = EDGE_CURVE( '', #8706, #8723, #8725, .T. );
#7170 = FILL_AREA_STYLE( '', ( #8726 ) );
#7171 = EDGE_CURVE( '', #8707, #8727, #8728, .T. );
#7172 = EDGE_CURVE( '', #8727, #8729, #8730, .T. );
#7173 = EDGE_CURVE( '', #8709, #8729, #8731, .T. );
#7174 = FILL_AREA_STYLE( '', ( #8732 ) );
#7175 = EDGE_CURVE( '', #8733, #8734, #8735, .T. );
#7176 = EDGE_CURVE( '', #8736, #8733, #8737, .T. );
#7177 = EDGE_CURVE( '', #8738, #8736, #8739, .T. );
#7178 = EDGE_CURVE( '', #8738, #8734, #8740, .T. );
#7179 = FILL_AREA_STYLE( '', ( #8741 ) );
#7180 = EDGE_CURVE( '', #8742, #8743, #8744, .T. );
#7181 = EDGE_CURVE( '', #8745, #8742, #8746, .T. );
#7182 = EDGE_CURVE( '', #8745, #8747, #8748, .T. );
#7183 = EDGE_CURVE( '', #8743, #8747, #8749, .T. );
#7184 = FILL_AREA_STYLE( '', ( #8750 ) );
#7185 = EDGE_CURVE( '', #8751, #8752, #8753, .T. );
#7186 = EDGE_CURVE( '', #8754, #8751, #8755, .T. );
#7187 = EDGE_CURVE( '', #8756, #8754, #8757, .T. );
#7188 = EDGE_CURVE( '', #8756, #8752, #8758, .T. );
#7189 = FILL_AREA_STYLE( '', ( #8759 ) );
#7190 = EDGE_CURVE( '', #8760, #8761, #8762, .T. );
#7191 = EDGE_CURVE( '', #8760, #8763, #8764, .T. );
#7192 = EDGE_CURVE( '', #8765, #8763, #8766, .T. );
#7193 = EDGE_CURVE( '', #8761, #8765, #8767, .T. );
#7194 = FILL_AREA_STYLE( '', ( #8768 ) );
#7195 = EDGE_CURVE( '', #8769, #8770, #8771, .T. );
#7196 = EDGE_CURVE( '', #8772, #8769, #8773, .T. );
#7197 = EDGE_CURVE( '', #8774, #8772, #8775, .T. );
#7198 = EDGE_CURVE( '', #8776, #8774, #8777, .T. );
#7199 = EDGE_CURVE( '', #8778, #8776, #8779, .T. );
#7200 = EDGE_CURVE( '', #8778, #8780, #8781, .T. );
#7201 = EDGE_CURVE( '', #8782, #8780, #8783, .T. );
#7202 = EDGE_CURVE( '', #8784, #8782, #8785, .T. );
#7203 = EDGE_CURVE( '', #8784, #8786, #8787, .T. );
#7204 = EDGE_CURVE( '', #8786, #8770, #8788, .T. );
#7205 = FILL_AREA_STYLE( '', ( #8789 ) );
#7206 = EDGE_CURVE( '', #8790, #8733, #8791, .T. );
#7207 = EDGE_CURVE( '', #8734, #8792, #8793, .T. );
#7208 = EDGE_CURVE( '', #8792, #8794, #8795, .T. );
#7209 = EDGE_CURVE( '', #8794, #8796, #8797, .T. );
#7210 = EDGE_CURVE( '', #8796, #8798, #8799, .T. );
#7211 = EDGE_CURVE( '', #8798, #8800, #8801, .T. );
#7212 = EDGE_CURVE( '', #8800, #8802, #8803, .T. );
#7213 = EDGE_CURVE( '', #8802, #8804, #8805, .T. );
#7214 = EDGE_CURVE( '', #8804, #8806, #8807, .T. );
#7215 = EDGE_CURVE( '', #8806, #8808, #8809, .T. );
#7216 = EDGE_CURVE( '', #8790, #8808, #8810, .T. );
#7217 = FILL_AREA_STYLE( '', ( #8811 ) );
#7218 = EDGE_CURVE( '', #8812, #8813, #8814, .T. );
#7219 = EDGE_CURVE( '', #8812, #8815, #8816, .T. );
#7220 = EDGE_CURVE( '', #8815, #8817, #8818, .T. );
#7221 = EDGE_CURVE( '', #8813, #8817, #8819, .T. );
#7222 = FILL_AREA_STYLE( '', ( #8820 ) );
#7223 = EDGE_CURVE( '', #8821, #8790, #8822, .T. );
#7224 = EDGE_CURVE( '', #8808, #8823, #8824, .T. );
#7225 = EDGE_CURVE( '', #8821, #8823, #8825, .T. );
#7226 = FILL_AREA_STYLE( '', ( #8826 ) );
#7227 = EDGE_CURVE( '', #8827, #8792, #8828, .T. );
#7228 = EDGE_CURVE( '', #8829, #8827, #8830, .T. );
#7229 = EDGE_CURVE( '', #8829, #8794, #8831, .T. );
#7230 = FILL_AREA_STYLE( '', ( #8832 ) );
#7231 = EDGE_CURVE( '', #8833, #8834, #8835, .T. );
#7232 = EDGE_CURVE( '', #8836, #8834, #8837, .T. );
#7233 = EDGE_CURVE( '', #8836, #8838, #8839, .T. );
#7234 = EDGE_CURVE( '', #8838, #8833, #8840, .T. );
#7235 = FILL_AREA_STYLE( '', ( #8841 ) );
#7236 = EDGE_CURVE( '', #8842, #8843, #8844, .T. );
#7237 = EDGE_CURVE( '', #8845, #8843, #8846, .T. );
#7238 = EDGE_CURVE( '', #8845, #8847, #8848, .T. );
#7239 = EDGE_CURVE( '', #8847, #8842, #8849, .T. );
#7240 = FILL_AREA_STYLE( '', ( #8850 ) );
#7241 = EDGE_CURVE( '', #8851, #8852, #8853, .T. );
#7242 = EDGE_CURVE( '', #8851, #8854, #8855, .T. );
#7243 = EDGE_CURVE( '', #8854, #8856, #8857, .T. );
#7244 = EDGE_CURVE( '', #8852, #8856, #8858, .T. );
#7245 = FILL_AREA_STYLE( '', ( #8859 ) );
#7246 = EDGE_CURVE( '', #8860, #8861, #8862, .T. );
#7247 = EDGE_CURVE( '', #8860, #8863, #8864, .T. );
#7248 = EDGE_CURVE( '', #8865, #8863, #8866, .T. );
#7249 = EDGE_CURVE( '', #8861, #8865, #8867, .T. );
#7250 = FILL_AREA_STYLE( '', ( #8868 ) );
#7251 = EDGE_CURVE( '', #8869, #8870, #8871, .T. );
#7252 = EDGE_CURVE( '', #8869, #8872, #8873, .T. );
#7253 = EDGE_CURVE( '', #8872, #8815, #8874, .T. );
#7254 = EDGE_CURVE( '', #8875, #8812, #8876, .T. );
#7255 = EDGE_CURVE( '', #8877, #8875, #8878, .T. );
#7256 = EDGE_CURVE( '', #8879, #8877, #8880, .T. );
#7257 = EDGE_CURVE( '', #8881, #8879, #8882, .T. );
#7258 = EDGE_CURVE( '', #8883, #8881, #8884, .T. );
#7259 = EDGE_CURVE( '', #8885, #8883, #8886, .T. );
#7260 = EDGE_CURVE( '', #8887, #8885, #8888, .T. );
#7261 = EDGE_CURVE( '', #8628, #8887, #8889, .T. );
#7262 = EDGE_CURVE( '', #8890, #8627, #8891, .T. );
#7263 = EDGE_CURVE( '', #8892, #8890, #8893, .T. );
#7264 = EDGE_CURVE( '', #8894, #8892, #8895, .T. );
#7265 = EDGE_CURVE( '', #8896, #8894, #8897, .T. );
#7266 = EDGE_CURVE( '', #8898, #8896, #8899, .T. );
#7267 = EDGE_CURVE( '', #8900, #8898, #8901, .T. );
#7268 = EDGE_CURVE( '', #8902, #8900, #8903, .T. );
#7269 = EDGE_CURVE( '', #8904, #8902, #8905, .T. );
#7270 = EDGE_CURVE( '', #8906, #8904, #8907, .T. );
#7271 = EDGE_CURVE( '', #8908, #8906, #8909, .T. );
#7272 = EDGE_CURVE( '', #8910, #8908, #8911, .T. );
#7273 = EDGE_CURVE( '', #8670, #8910, #8912, .T. );
#7274 = EDGE_CURVE( '', #8913, #8667, #8914, .T. );
#7275 = EDGE_CURVE( '', #8915, #8913, #8916, .T. );
#7276 = EDGE_CURVE( '', #8917, #8915, #8918, .T. );
#7277 = EDGE_CURVE( '', #8917, #8919, #8920, .T. );
#7278 = EDGE_CURVE( '', #8921, #8919, #8922, .T. );
#7279 = EDGE_CURVE( '', #8923, #8921, #8924, .T. );
#7280 = EDGE_CURVE( '', #8925, #8923, #8926, .T. );
#7281 = EDGE_CURVE( '', #8925, #8927, #8928, .T. );
#7282 = EDGE_CURVE( '', #8929, #8927, #8930, .T. );
#7283 = EDGE_CURVE( '', #8931, #8929, #8932, .T. );
#7284 = EDGE_CURVE( '', #8736, #8931, #8933, .T. );
#7285 = EDGE_CURVE( '', #8934, #8821, #8935, .T. );
#7286 = EDGE_CURVE( '', #8934, #8582, #8936, .T. );
#7287 = EDGE_CURVE( '', #8870, #8581, #8937, .T. );
#7288 = FILL_AREA_STYLE( '', ( #8938 ) );
#7289 = EDGE_CURVE( '', #8510, #8503, #8939, .T. );
#7290 = EDGE_CURVE( '', #8514, #8505, #8940, .T. );
#7291 = FILL_AREA_STYLE( '', ( #8941 ) );
#7292 = EDGE_CURVE( '', #8942, #8943, #8944, .T. );
#7293 = EDGE_CURVE( '', #8945, #8942, #8946, .T. );
#7294 = EDGE_CURVE( '', #8945, #8947, #8948, .T. );
#7295 = EDGE_CURVE( '', #8949, #8947, #8950, .T. );
#7296 = EDGE_CURVE( '', #8949, #8951, #8952, .T. );
#7297 = EDGE_CURVE( '', #8951, #8953, #8954, .T. );
#7298 = EDGE_CURVE( '', #8953, #8955, #8956, .T. );
#7299 = EDGE_CURVE( '', #8957, #8955, #8958, .T. );
#7300 = EDGE_CURVE( '', #8957, #8959, #8960, .T. );
#7301 = EDGE_CURVE( '', #8959, #8961, #8962, .T. );
#7302 = EDGE_CURVE( '', #8961, #8963, #8964, .T. );
#7303 = EDGE_CURVE( '', #8943, #8963, #8965, .T. );
#7304 = FILL_AREA_STYLE( '', ( #8966 ) );
#7305 = EDGE_CURVE( '', #8942, #8500, #8967, .T. );
#7306 = EDGE_CURVE( '', #8509, #8943, #8968, .T. );
#7307 = FILL_AREA_STYLE( '', ( #8969 ) );
#7308 = EDGE_CURVE( '', #8970, #8971, #8972, .T. );
#7309 = EDGE_CURVE( '', #8973, #8971, #8974, .T. );
#7310 = EDGE_CURVE( '', #8973, #8975, #8976, .T. );
#7311 = EDGE_CURVE( '', #8970, #8975, #8977, .T. );
#7312 = FILL_AREA_STYLE( '', ( #8978 ) );
#7313 = EDGE_CURVE( '', #8979, #8613, #8980, .T. );
#7314 = EDGE_CURVE( '', #8979, #8981, #8982, .T. );
#7315 = EDGE_CURVE( '', #8981, #8615, #8983, .T. );
#7316 = FILL_AREA_STYLE( '', ( #8984 ) );
#7317 = EDGE_CURVE( '', #8985, #8986, #8987, .T. );
#7318 = EDGE_CURVE( '', #8985, #8988, #8989, .T. );
#7319 = EDGE_CURVE( '', #8990, #8988, #8991, .T. );
#7320 = EDGE_CURVE( '', #8992, #8990, #8993, .T. );
#7321 = EDGE_CURVE( '', #8992, #8994, #8995, .T. );
#7322 = EDGE_CURVE( '', #8994, #8996, #8997, .T. );
#7323 = EDGE_CURVE( '', #8998, #8996, #8999, .T. );
#7324 = EDGE_CURVE( '', #9000, #8998, #9001, .T. );
#7325 = EDGE_CURVE( '', #9002, #9000, #9003, .T. );
#7326 = EDGE_CURVE( '', #8986, #9002, #9004, .T. );
#7327 = FILL_AREA_STYLE( '', ( #9005 ) );
#7328 = EDGE_CURVE( '', #9006, #8845, #9007, .T. );
#7329 = EDGE_CURVE( '', #9006, #9008, #9009, .T. );
#7330 = EDGE_CURVE( '', #8573, #9008, #9010, .T. );
#7331 = EDGE_CURVE( '', #8572, #9011, #9012, .T. );
#7332 = EDGE_CURVE( '', #9011, #9013, #9014, .T. );
#7333 = EDGE_CURVE( '', #9015, #9013, #9016, .T. );
#7334 = EDGE_CURVE( '', #9017, #9015, #9018, .T. );
#7335 = EDGE_CURVE( '', #8847, #9017, #9019, .T. );
#7336 = FILL_AREA_STYLE( '', ( #9020 ) );
#7337 = EDGE_CURVE( '', #9021, #9022, #9023, .T. );
#7338 = EDGE_CURVE( '', #9024, #9022, #9025, .T. );
#7339 = EDGE_CURVE( '', #9026, #9024, #9027, .T. );
#7340 = EDGE_CURVE( '', #9026, #9021, #9028, .T. );
#7341 = FILL_AREA_STYLE( '', ( #9029 ) );
#7342 = EDGE_CURVE( '', #9030, #8751, #9031, .T. );
#7343 = EDGE_CURVE( '', #9032, #9030, #9033, .T. );
#7344 = EDGE_CURVE( '', #8754, #9032, #9034, .T. );
#7345 = FILL_AREA_STYLE( '', ( #9035 ) );
#7346 = EDGE_CURVE( '', #9036, #8545, #9037, .T. );
#7347 = EDGE_CURVE( '', #9038, #8550, #9039, .T. );
#7348 = EDGE_CURVE( '', #9038, #9036, #9040, .T. );
#7349 = FILL_AREA_STYLE( '', ( #9041 ) );
#7350 = EDGE_CURVE( '', #9042, #9043, #9044, .T. );
#7351 = EDGE_CURVE( '', #9042, #9045, #9046, .T. );
#7352 = EDGE_CURVE( '', #9047, #9045, #9048, .T. );
#7353 = EDGE_CURVE( '', #9043, #9047, #9049, .T. );
#7354 = FILL_AREA_STYLE( '', ( #9050 ) );
#7355 = EDGE_CURVE( '', #8902, #9051, #9052, .T. );
#7356 = EDGE_CURVE( '', #9051, #9053, #9054, .T. );
#7357 = EDGE_CURVE( '', #9053, #9055, #9056, .T. );
#7358 = EDGE_CURVE( '', #9057, #9055, #9058, .T. );
#7359 = EDGE_CURVE( '', #9057, #9059, #9060, .T. );
#7360 = EDGE_CURVE( '', #9059, #9061, #9062, .T. );
#7361 = EDGE_CURVE( '', #9063, #9061, #9064, .T. );
#7362 = EDGE_CURVE( '', #9063, #9065, #9066, .T. );
#7363 = EDGE_CURVE( '', #8904, #9065, #9067, .T. );
#7364 = FILL_AREA_STYLE( '', ( #9068 ) );
#7365 = EDGE_CURVE( '', #9069, #9070, #9071, .T. );
#7366 = EDGE_CURVE( '', #9072, #9070, #9073, .T. );
#7367 = EDGE_CURVE( '', #9072, #9074, #9075, .T. );
#7368 = EDGE_CURVE( '', #9074, #9069, #9076, .T. );
#7369 = FILL_AREA_STYLE( '', ( #9077 ) );
#7370 = EDGE_CURVE( '', #9078, #9079, #9080, .T. );
#7371 = EDGE_CURVE( '', #9079, #9081, #9082, .T. );
#7372 = EDGE_CURVE( '', #9081, #9083, #9084, .T. );
#7373 = EDGE_CURVE( '', #9083, #9078, #9085, .T. );
#7374 = FILL_AREA_STYLE( '', ( #9086 ) );
#7375 = EDGE_CURVE( '', #9087, #9088, #9089, .T. );
#7376 = EDGE_CURVE( '', #9090, #9087, #9091, .T. );
#7377 = EDGE_CURVE( '', #9092, #9090, #9093, .T. );
#7378 = EDGE_CURVE( '', #9092, #9088, #9094, .T. );
#7379 = FILL_AREA_STYLE( '', ( #9095 ) );
#7380 = EDGE_CURVE( '', #9055, #9096, #9097, .T. );
#7381 = EDGE_CURVE( '', #9096, #9098, #9099, .T. );
#7382 = EDGE_CURVE( '', #9057, #9098, #9100, .T. );
#7383 = FILL_AREA_STYLE( '', ( #9101 ) );
#7384 = EDGE_CURVE( '', #9102, #9103, #9104, .T. );
#7385 = EDGE_CURVE( '', #9105, #9102, #9106, .T. );
#7386 = EDGE_CURVE( '', #9107, #9105, #9108, .T. );
#7387 = EDGE_CURVE( '', #9107, #9103, #9109, .T. );
#7388 = FILL_AREA_STYLE( '', ( #9110 ) );
#7389 = EDGE_CURVE( '', #8986, #8769, #9111, .T. );
#7390 = EDGE_CURVE( '', #8770, #8985, #9112, .T. );
#7391 = FILL_AREA_STYLE( '', ( #9113 ) );
#7392 = EDGE_CURVE( '', #9114, #9115, #9116, .T. );
#7393 = EDGE_CURVE( '', #9115, #9117, #9118, .T. );
#7394 = EDGE_CURVE( '', #9119, #9117, #9120, .T. );
#7395 = EDGE_CURVE( '', #9119, #9114, #9121, .T. );
#7396 = FILL_AREA_STYLE( '', ( #9122 ) );
#7397 = EDGE_CURVE( '', #9103, #9123, #9124, .T. );
#7398 = EDGE_CURVE( '', #9125, #9107, #9126, .T. );
#7399 = EDGE_CURVE( '', #9125, #9123, #9127, .T. );
#7400 = FILL_AREA_STYLE( '', ( #9128 ) );
#7401 = EDGE_CURVE( '', #9129, #9130, #9131, .T. );
#7402 = EDGE_CURVE( '', #9130, #9132, #9133, .T. );
#7403 = EDGE_CURVE( '', #9132, #9134, #9135, .T. );
#7404 = EDGE_CURVE( '', #9129, #9134, #9136, .T. );
#7405 = FILL_AREA_STYLE( '', ( #9137 ) );
#7406 = EDGE_CURVE( '', #9138, #9139, #9140, .T. );
#7407 = EDGE_CURVE( '', #9138, #9141, #9142, .T. );
#7408 = EDGE_CURVE( '', #9143, #9141, #9144, .T. );
#7409 = EDGE_CURVE( '', #9139, #9143, #9145, .T. );
#7410 = FILL_AREA_STYLE( '', ( #9146 ) );
#7411 = EDGE_CURVE( '', #9147, #9148, #9149, .T. );
#7412 = EDGE_CURVE( '', #9147, #9150, #9151, .T. );
#7413 = EDGE_CURVE( '', #9152, #9150, #9153, .T. );
#7414 = EDGE_CURVE( '', #9148, #9152, #9154, .T. );
#7415 = FILL_AREA_STYLE( '', ( #9155 ) );
#7416 = EDGE_CURVE( '', #9156, #9157, #9158, .T. );
#7417 = EDGE_CURVE( '', #9156, #9159, #9160, .T. );
#7418 = EDGE_CURVE( '', #9159, #9161, #9162, .T. );
#7419 = EDGE_CURVE( '', #9157, #9161, #9163, .T. );
#7420 = FILL_AREA_STYLE( '', ( #9164 ) );
#7421 = EDGE_CURVE( '', #9165, #9166, #9167, .T. );
#7422 = EDGE_CURVE( '', #9168, #9165, #9169, .T. );
#7423 = EDGE_CURVE( '', #9168, #9170, #9171, .T. );
#7424 = EDGE_CURVE( '', #9166, #9170, #9172, .T. );
#7425 = FILL_AREA_STYLE( '', ( #9173 ) );
#7426 = EDGE_CURVE( '', #9174, #8887, #9175, .T. );
#7427 = EDGE_CURVE( '', #8630, #9174, #9176, .T. );
#7428 = FILL_AREA_STYLE( '', ( #9177 ) );
#7429 = EDGE_CURVE( '', #9178, #9179, #9180, .T. );
#7430 = EDGE_CURVE( '', #9178, #9181, #9182, .T. );
#7431 = EDGE_CURVE( '', #9079, #9181, #9183, .T. );
#7432 = EDGE_CURVE( '', #9078, #9184, #9185, .T. );
#7433 = EDGE_CURVE( '', #9184, #9186, #9187, .T. );
#7434 = EDGE_CURVE( '', #9188, #9186, #9189, .T. );
#7435 = EDGE_CURVE( '', #8532, #9188, #9190, .T. );
#7436 = EDGE_CURVE( '', #9179, #8530, #9191, .T. );
#7437 = FILL_AREA_STYLE( '', ( #9192 ) );
#7438 = EDGE_CURVE( '', #8717, #9193, #9194, .T. );
#7439 = EDGE_CURVE( '', #9193, #9195, #9196, .T. );
#7440 = EDGE_CURVE( '', #8719, #9195, #9197, .T. );
#7441 = FILL_AREA_STYLE( '', ( #9198 ) );
#7442 = EDGE_CURVE( '', #8923, #9199, #9200, .T. );
#7443 = EDGE_CURVE( '', #9199, #9201, #9202, .T. );
#7444 = EDGE_CURVE( '', #9201, #9203, #9204, .T. );
#7445 = EDGE_CURVE( '', #9203, #9205, #9206, .T. );
#7446 = EDGE_CURVE( '', #9205, #9207, #9208, .T. );
#7447 = EDGE_CURVE( '', #9207, #9209, #9210, .T. );
#7448 = EDGE_CURVE( '', #9209, #9211, #9212, .T. );
#7449 = EDGE_CURVE( '', #9211, #9213, #9214, .T. );
#7450 = EDGE_CURVE( '', #9213, #9215, #9216, .T. );
#7451 = EDGE_CURVE( '', #9215, #9217, #9218, .T. );
#7452 = EDGE_CURVE( '', #9217, #8925, #9219, .T. );
#7453 = FILL_AREA_STYLE( '', ( #9220 ) );
#7454 = EDGE_CURVE( '', #8677, #9221, #9222, .T. );
#7455 = EDGE_CURVE( '', #9223, #8681, #9224, .T. );
#7456 = EDGE_CURVE( '', #9221, #9223, #9225, .T. );
#7457 = FILL_AREA_STYLE( '', ( #9226 ) );
#7458 = EDGE_CURVE( '', #9227, #9228, #9229, .T. );
#7459 = EDGE_CURVE( '', #9228, #9230, #9231, .T. );
#7460 = EDGE_CURVE( '', #9232, #9230, #9233, .T. );
#7461 = EDGE_CURVE( '', #9227, #9232, #9234, .T. );
#7462 = FILL_AREA_STYLE( '', ( #9235 ) );
#7463 = EDGE_CURVE( '', #9236, #9237, #9238, .T. );
#7464 = EDGE_CURVE( '', #9236, #9239, #9240, .T. );
#7465 = EDGE_CURVE( '', #9239, #9241, #9242, .T. );
#7466 = EDGE_CURVE( '', #9237, #9241, #9243, .T. );
#7467 = FILL_AREA_STYLE( '', ( #9244 ) );
#7468 = EDGE_CURVE( '', #9245, #9246, #9247, .T. );
#7469 = EDGE_CURVE( '', #9248, #9245, #9249, .T. );
#7470 = EDGE_CURVE( '', #9250, #9248, #9251, .T. );
#7471 = EDGE_CURVE( '', #9250, #9246, #9252, .T. );
#7472 = FILL_AREA_STYLE( '', ( #9253 ) );
#7473 = EDGE_CURVE( '', #9254, #9255, #9256, .T. );
#7474 = EDGE_CURVE( '', #9257, #9255, #9258, .T. );
#7475 = EDGE_CURVE( '', #9259, #9257, #9260, .T. );
#7476 = EDGE_CURVE( '', #9259, #9254, #9261, .T. );
#7477 = FILL_AREA_STYLE( '', ( #9262 ) );
#7478 = EDGE_CURVE( '', #9157, #9236, #9263, .T. );
#7479 = EDGE_CURVE( '', #9239, #9161, #9264, .T. );
#7480 = FILL_AREA_STYLE( '', ( #9265 ) );
#7481 = EDGE_CURVE( '', #8906, #9266, #9267, .T. );
#7482 = EDGE_CURVE( '', #9266, #9268, #9269, .T. );
#7483 = EDGE_CURVE( '', #9245, #9268, #9270, .T. );
#7484 = EDGE_CURVE( '', #9246, #9271, #9272, .T. );
#7485 = EDGE_CURVE( '', #9273, #9271, #9274, .T. );
#7486 = EDGE_CURVE( '', #9273, #9275, #9276, .T. );
#7487 = EDGE_CURVE( '', #9275, #9277, #9278, .T. );
#7488 = EDGE_CURVE( '', #9277, #8908, #9279, .T. );
#7489 = FILL_AREA_STYLE( '', ( #9280 ) );
#7490 = EDGE_CURVE( '', #8813, #9281, #9282, .T. );
#7491 = EDGE_CURVE( '', #8817, #9283, #9284, .T. );
#7492 = EDGE_CURVE( '', #9281, #9283, #9285, .T. );
#7493 = FILL_AREA_STYLE( '', ( #9286 ) );
#7494 = EDGE_CURVE( '', #9287, #9288, #9289, .T. );
#7495 = EDGE_CURVE( '', #9290, #9288, #9291, .T. );
#7496 = EDGE_CURVE( '', #9292, #9290, #9293, .T. );
#7497 = EDGE_CURVE( '', #9292, #9287, #9294, .T. );
#7498 = FILL_AREA_STYLE( '', ( #9295 ) );
#7499 = EDGE_CURVE( '', #9296, #8594, #9297, .T. );
#7500 = EDGE_CURVE( '', #9298, #9296, #9299, .T. );
#7501 = EDGE_CURVE( '', #9298, #8596, #9300, .T. );
#7502 = FILL_AREA_STYLE( '', ( #9301 ) );
#7503 = EDGE_CURVE( '', #9302, #9303, #9304, .T. );
#7504 = EDGE_CURVE( '', #9305, #9302, #9306, .T. );
#7505 = EDGE_CURVE( '', #9307, #9305, #9308, .T. );
#7506 = EDGE_CURVE( '', #9307, #9303, #9309, .T. );
#7507 = FILL_AREA_STYLE( '', ( #9310 ) );
#7508 = EDGE_CURVE( '', #8752, #9311, #9312, .T. );
#7509 = EDGE_CURVE( '', #9313, #9311, #9314, .T. );
#7510 = EDGE_CURVE( '', #9315, #9313, #9316, .T. );
#7511 = EDGE_CURVE( '', #9030, #9315, #9317, .T. );
#7512 = FILL_AREA_STYLE( '', ( #9318 ) );
#7513 = EDGE_CURVE( '', #9319, #8804, #9320, .T. );
#7514 = EDGE_CURVE( '', #9321, #9319, #9322, .T. );
#7515 = EDGE_CURVE( '', #9321, #8806, #9323, .T. );
#7516 = FILL_AREA_STYLE( '', ( #9324 ) );
#7517 = EDGE_CURVE( '', #9325, #9326, #9327, .T. );
#7518 = EDGE_CURVE( '', #9326, #9328, #9329, .T. );
#7519 = EDGE_CURVE( '', #9328, #9330, #9331, .T. );
#7520 = EDGE_CURVE( '', #9332, #9330, #9333, .T. );
#7521 = EDGE_CURVE( '', #9332, #9334, #9335, .T. );
#7522 = EDGE_CURVE( '', #9334, #9336, #9337, .T. );
#7523 = EDGE_CURVE( '', #9338, #9336, #9339, .T. );
#7524 = EDGE_CURVE( '', #9338, #9340, #9341, .T. );
#7525 = EDGE_CURVE( '', #9340, #9342, #9343, .T. );
#7526 = EDGE_CURVE( '', #9342, #9325, #9344, .T. );
#7527 = FILL_AREA_STYLE( '', ( #9345 ) );
#7528 = EDGE_CURVE( '', #9346, #9347, #9348, .T. );
#7529 = EDGE_CURVE( '', #9015, #9347, #9349, .T. );
#7530 = EDGE_CURVE( '', #9013, #9346, #9350, .T. );
#7531 = FILL_AREA_STYLE( '', ( #9351 ) );
#7532 = EDGE_CURVE( '', #9352, #9353, #9354, .T. );
#7533 = EDGE_CURVE( '', #9353, #9355, #9356, .T. );
#7534 = EDGE_CURVE( '', #9355, #9357, #9358, .T. );
#7535 = EDGE_CURVE( '', #9352, #9357, #9359, .T. );
#7536 = FILL_AREA_STYLE( '', ( #9360 ) );
#7537 = EDGE_CURVE( '', #8555, #9361, #9362, .T. );
#7538 = EDGE_CURVE( '', #9363, #8559, #9364, .T. );
#7539 = EDGE_CURVE( '', #9361, #9363, #9365, .T. );
#7540 = FILL_AREA_STYLE( '', ( #9366 ) );
#7541 = EDGE_CURVE( '', #8975, #9072, #9367, .T. );
#7542 = EDGE_CURVE( '', #9070, #8970, #9368, .T. );
#7543 = FILL_AREA_STYLE( '', ( #9369 ) );
#7544 = EDGE_CURVE( '', #9370, #9371, #9372, .T. );
#7545 = EDGE_CURVE( '', #9371, #9373, #9374, .T. );
#7546 = EDGE_CURVE( '', #9373, #9375, #9376, .T. );
#7547 = EDGE_CURVE( '', #9375, #9130, #9377, .T. );
#7548 = EDGE_CURVE( '', #9129, #9138, #9378, .T. );
#7549 = EDGE_CURVE( '', #9379, #9139, #9380, .T. );
#7550 = EDGE_CURVE( '', #9379, #9381, #9382, .T. );
#7551 = EDGE_CURVE( '', #9370, #9381, #9383, .T. );
#7552 = FILL_AREA_STYLE( '', ( #9384 ) );
#7553 = EDGE_CURVE( '', #9385, #9386, #9387, .T. );
#7554 = EDGE_CURVE( '', #9385, #9388, #9389, .T. );
#7555 = EDGE_CURVE( '', #9390, #9388, #9391, .T. );
#7556 = EDGE_CURVE( '', #9392, #9390, #9393, .T. );
#7557 = EDGE_CURVE( '', #9392, #9394, #9395, .T. );
#7558 = EDGE_CURVE( '', #9394, #9396, #9397, .T. );
#7559 = EDGE_CURVE( '', #9398, #9396, #9399, .T. );
#7560 = EDGE_CURVE( '', #9353, #9398, #9400, .T. );
#7561 = EDGE_CURVE( '', #9386, #9352, #9401, .T. );
#7562 = FILL_AREA_STYLE( '', ( #9402 ) );
#7563 = EDGE_CURVE( '', #9228, #9403, #9404, .T. );
#7564 = EDGE_CURVE( '', #9403, #9405, #9406, .T. );
#7565 = EDGE_CURVE( '', #9230, #9405, #9407, .T. );
#7566 = FILL_AREA_STYLE( '', ( #9408 ) );
#7567 = EDGE_CURVE( '', #9409, #9410, #9411, .T. );
#7568 = EDGE_CURVE( '', #9409, #9412, #9413, .T. );
#7569 = EDGE_CURVE( '', #9412, #9414, #9415, .T. );
#7570 = EDGE_CURVE( '', #9414, #9410, #9416, .T. );
#7571 = FILL_AREA_STYLE( '', ( #9417 ) );
#7572 = EDGE_CURVE( '', #8988, #9418, #9419, .T. );
#7573 = EDGE_CURVE( '', #9420, #9418, #9421, .T. );
#7574 = EDGE_CURVE( '', #8990, #9420, #9422, .T. );
#7575 = FILL_AREA_STYLE( '', ( #9423 ) );
#7576 = EDGE_CURVE( '', #9022, #9424, #9425, .T. );
#7577 = EDGE_CURVE( '', #9426, #9424, #9427, .T. );
#7578 = EDGE_CURVE( '', #9024, #9426, #9428, .T. );
#7579 = FILL_AREA_STYLE( '', ( #9429 ) );
#7580 = EDGE_CURVE( '', #9430, #8796, #9431, .T. );
#7581 = EDGE_CURVE( '', #9432, #9430, #9433, .T. );
#7582 = EDGE_CURVE( '', #9432, #8798, #9434, .T. );
#7583 = FILL_AREA_STYLE( '', ( #9435 ) );
#7584 = EDGE_CURVE( '', #9436, #8611, #9437, .T. );
#7585 = EDGE_CURVE( '', #9436, #8979, #9438, .T. );
#7586 = FILL_AREA_STYLE( '', ( #9439 ) );
#7587 = EDGE_CURVE( '', #8537, #9394, #9440, .T. );
#7588 = EDGE_CURVE( '', #8539, #9392, #9441, .T. );
#7589 = FILL_AREA_STYLE( '', ( #9442 ) );
#7590 = EDGE_CURVE( '', #9443, #9184, #9444, .T. );
#7591 = EDGE_CURVE( '', #9083, #9443, #9445, .T. );
#7592 = FILL_AREA_STYLE( '', ( #9446 ) );
#7593 = EDGE_CURVE( '', #9447, #9448, #9449, .T. );
#7594 = EDGE_CURVE( '', #8657, #9447, #9450, .T. );
#7595 = EDGE_CURVE( '', #8655, #9448, #9451, .T. );
#7596 = FILL_AREA_STYLE( '', ( #9452 ) );
#7597 = EDGE_CURVE( '', #9453, #8491, #9454, .T. );
#7598 = EDGE_CURVE( '', #9455, #9453, #9456, .T. );
#7599 = EDGE_CURVE( '', #8494, #9455, #9457, .T. );
#7600 = FILL_AREA_STYLE( '', ( #9458 ) );
#7601 = EDGE_CURVE( '', #9008, #9459, #9460, .T. );
#7602 = EDGE_CURVE( '', #8575, #9459, #9461, .T. );
#7603 = FILL_AREA_STYLE( '', ( #9462 ) );
#7604 = EDGE_CURVE( '', #8851, #9463, #9464, .T. );
#7605 = EDGE_CURVE( '', #8852, #9465, #9466, .T. );
#7606 = EDGE_CURVE( '', #9463, #9465, #9467, .T. );
#7607 = FILL_AREA_STYLE( '', ( #9468 ) );
#7608 = EDGE_CURVE( '', #9469, #8584, #9470, .T. );
#7609 = EDGE_CURVE( '', #9471, #9469, #9472, .T. );
#7610 = EDGE_CURVE( '', #9471, #8586, #9473, .T. );
#7611 = FILL_AREA_STYLE( '', ( #9474 ) );
#7612 = EDGE_CURVE( '', #8668, #9475, #9476, .T. );
#7613 = EDGE_CURVE( '', #9475, #9477, #9478, .T. );
#7614 = EDGE_CURVE( '', #9477, #9479, #9480, .T. );
#7615 = EDGE_CURVE( '', #9479, #9481, #9482, .T. );
#7616 = EDGE_CURVE( '', #9481, #9453, #9483, .T. );
#7617 = EDGE_CURVE( '', #8492, #9484, #9485, .T. );
#7618 = EDGE_CURVE( '', #9484, #9486, #9487, .T. );
#7619 = EDGE_CURVE( '', #8913, #9486, #9488, .T. );
#7620 = FILL_AREA_STYLE( '', ( #9489 ) );
#7621 = EDGE_CURVE( '', #8696, #9334, #9490, .T. );
#7622 = EDGE_CURVE( '', #8698, #9332, #9491, .T. );
#7623 = FILL_AREA_STYLE( '', ( #9492 ) );
#7624 = EDGE_CURVE( '', #9493, #9494, #9495, .T. );
#7625 = EDGE_CURVE( '', #9496, #9494, #9497, .T. );
#7626 = EDGE_CURVE( '', #9498, #9496, #9499, .T. );
#7627 = EDGE_CURVE( '', #9498, #9493, #9500, .T. );
#7628 = FILL_AREA_STYLE( '', ( #9501 ) );
#7629 = EDGE_CURVE( '', #9502, #9503, #9504, .T. );
#7630 = EDGE_CURVE( '', #9502, #9505, #9506, .T. );
#7631 = EDGE_CURVE( '', #9507, #9505, #9508, .T. );
#7632 = EDGE_CURVE( '', #9503, #9507, #9509, .T. );
#7633 = FILL_AREA_STYLE( '', ( #9510 ) );
#7634 = EDGE_CURVE( '', #8729, #9511, #9512, .T. );
#7635 = EDGE_CURVE( '', #8711, #9511, #9513, .T. );
#7636 = FILL_AREA_STYLE( '', ( #9514 ) );
#7637 = EDGE_CURVE( '', #8860, #9515, #9516, .T. );
#7638 = EDGE_CURVE( '', #9515, #9517, #9518, .T. );
#7639 = EDGE_CURVE( '', #9517, #8863, #9519, .T. );
#7640 = FILL_AREA_STYLE( '', ( #9520 ) );
#7641 = EDGE_CURVE( '', #9521, #9522, #9523, .T. );
#7642 = EDGE_CURVE( '', #9521, #9524, #9525, .T. );
#7643 = EDGE_CURVE( '', #9524, #9526, #9527, .T. );
#7644 = EDGE_CURVE( '', #9522, #9526, #9528, .T. );
#7645 = FILL_AREA_STYLE( '', ( #9529 ) );
#7646 = EDGE_CURVE( '', #9530, #9098, #9531, .T. );
#7647 = EDGE_CURVE( '', #9059, #9530, #9532, .T. );
#7648 = FILL_AREA_STYLE( '', ( #9533 ) );
#7649 = EDGE_CURVE( '', #8634, #9534, #9535, .T. );
#7650 = EDGE_CURVE( '', #9534, #9536, #9537, .T. );
#7651 = EDGE_CURVE( '', #8636, #9536, #9538, .T. );
#7652 = FILL_AREA_STYLE( '', ( #9539 ) );
#7653 = EDGE_CURVE( '', #9053, #9540, #9541, .T. );
#7654 = EDGE_CURVE( '', #9096, #9540, #9542, .T. );
#7655 = FILL_AREA_STYLE( '', ( #9543 ) );
#7656 = EDGE_CURVE( '', #9544, #8842, #9545, .T. );
#7657 = EDGE_CURVE( '', #9017, #9544, #9546, .T. );
#7658 = FILL_AREA_STYLE( '', ( #9547 ) );
#7659 = EDGE_CURVE( '', #9548, #8598, #9549, .T. );
#7660 = EDGE_CURVE( '', #9550, #9548, #9551, .T. );
#7661 = EDGE_CURVE( '', #9550, #8600, #9552, .T. );
#7662 = FILL_AREA_STYLE( '', ( #9553 ) );
#7663 = EDGE_CURVE( '', #9281, #9554, #9555, .T. );
#7664 = EDGE_CURVE( '', #9283, #9556, #9557, .T. );
#7665 = EDGE_CURVE( '', #9554, #9556, #9558, .T. );
#7666 = FILL_AREA_STYLE( '', ( #9559 ) );
#7667 = EDGE_CURVE( '', #9560, #9561, #9562, .T. );
#7668 = EDGE_CURVE( '', #9563, #9560, #9564, .T. );
#7669 = EDGE_CURVE( '', #9565, #9563, #9566, .T. );
#7670 = EDGE_CURVE( '', #9565, #9561, #9567, .T. );
#7671 = FILL_AREA_STYLE( '', ( #9568 ) );
#7672 = EDGE_CURVE( '', #9569, #9147, #9570, .T. );
#7673 = EDGE_CURVE( '', #9569, #9571, #9572, .T. );
#7674 = EDGE_CURVE( '', #9150, #9571, #9573, .T. );
#7675 = FILL_AREA_STYLE( '', ( #9574 ) );
#7676 = EDGE_CURVE( '', #9575, #9576, #9577, .T. );
#7677 = EDGE_CURVE( '', #9575, #9047, #9578, .T. );
#7678 = EDGE_CURVE( '', #9045, #9576, #9579, .T. );
#7679 = FILL_AREA_STYLE( '', ( #9580 ) );
#7680 = EDGE_CURVE( '', #9494, #8623, #9581, .T. );
#7681 = EDGE_CURVE( '', #9496, #8621, #9582, .T. );
#7682 = FILL_AREA_STYLE( '', ( #9583 ) );
#7683 = EDGE_CURVE( '', #8653, #9584, #9585, .T. );
#7684 = EDGE_CURVE( '', #9448, #9584, #9586, .T. );
#7685 = FILL_AREA_STYLE( '', ( #9587 ) );
#7686 = EDGE_CURVE( '', #9370, #9588, #9589, .T. );
#7687 = EDGE_CURVE( '', #9590, #9588, #9591, .T. );
#7688 = EDGE_CURVE( '', #9371, #9590, #9592, .T. );
#7689 = FILL_AREA_STYLE( '', ( #9593 ) );
#7690 = EDGE_CURVE( '', #9594, #9595, #9596, .T. );
#7691 = EDGE_CURVE( '', #9597, #9594, #9598, .T. );
#7692 = EDGE_CURVE( '', #9599, #9597, #9600, .T. );
#7693 = EDGE_CURVE( '', #9599, #9595, #9601, .T. );
#7694 = FILL_AREA_STYLE( '', ( #9602 ) );
#7695 = EDGE_CURVE( '', #9603, #9168, #9604, .T. );
#7696 = EDGE_CURVE( '', #9603, #9605, #9606, .T. );
#7697 = EDGE_CURVE( '', #9605, #9170, #9607, .T. );
#7698 = FILL_AREA_STYLE( '', ( #9608 ) );
#7699 = EDGE_CURVE( '', #8501, #9609, #9610, .T. );
#7700 = EDGE_CURVE( '', #9611, #8512, #9612, .T. );
#7701 = EDGE_CURVE( '', #9613, #9611, #9614, .T. );
#7702 = EDGE_CURVE( '', #9615, #9613, #9616, .T. );
#7703 = EDGE_CURVE( '', #9609, #9615, #9617, .T. );
#7704 = FILL_AREA_STYLE( '', ( #9618 ) );
#7705 = EDGE_CURVE( '', #9619, #8784, #9620, .T. );
#7706 = EDGE_CURVE( '', #9619, #9621, #9622, .T. );
#7707 = EDGE_CURVE( '', #9621, #8786, #9623, .T. );
#7708 = FILL_AREA_STYLE( '', ( #9624 ) );
#7709 = EDGE_CURVE( '', #9625, #9626, #9627, .T. );
#7710 = EDGE_CURVE( '', #9625, #9628, #9629, .T. );
#7711 = EDGE_CURVE( '', #9630, #9628, #9631, .T. );
#7712 = EDGE_CURVE( '', #9626, #9630, #9632, .T. );
#7713 = FILL_AREA_STYLE( '', ( #9633 ) );
#7714 = EDGE_CURVE( '', #9634, #8496, #9635, .T. );
#7715 = EDGE_CURVE( '', #9634, #9484, #9636, .T. );
#7716 = FILL_AREA_STYLE( '', ( #9637 ) );
#7717 = EDGE_CURVE( '', #9638, #9639, #9640, .T. );
#7718 = EDGE_CURVE( '', #9639, #9641, #9642, .T. );
#7719 = EDGE_CURVE( '', #9641, #9643, #9644, .T. );
#7720 = EDGE_CURVE( '', #9638, #9643, #9645, .T. );
#7721 = FILL_AREA_STYLE( '', ( #9646 ) );
#7722 = EDGE_CURVE( '', #9647, #9648, #9649, .T. );
#7723 = EDGE_CURVE( '', #9215, #9647, #9650, .T. );
#7724 = EDGE_CURVE( '', #9213, #9648, #9651, .T. );
#7725 = FILL_AREA_STYLE( '', ( #9652 ) );
#7726 = EDGE_CURVE( '', #8519, #9653, #9654, .T. );
#7727 = EDGE_CURVE( '', #9653, #9655, #9656, .T. );
#7728 = EDGE_CURVE( '', #9655, #9639, #9657, .T. );
#7729 = EDGE_CURVE( '', #9638, #9658, #9659, .T. );
#7730 = EDGE_CURVE( '', #9658, #9660, #9661, .T. );
#7731 = EDGE_CURVE( '', #9662, #9660, #9663, .T. );
#7732 = EDGE_CURVE( '', #9662, #9664, #9665, .T. );
#7733 = EDGE_CURVE( '', #8518, #9664, #9666, .T. );
#7734 = FILL_AREA_STYLE( '', ( #9667 ) );
#7735 = EDGE_CURVE( '', #8706, #9668, #9669, .T. );
#7736 = EDGE_CURVE( '', #9668, #8727, #9670, .T. );
#7737 = FILL_AREA_STYLE( '', ( #9671 ) );
#7738 = EDGE_CURVE( '', #9063, #9672, #9673, .T. );
#7739 = EDGE_CURVE( '', #9674, #9672, #9675, .T. );
#7740 = EDGE_CURVE( '', #9065, #9674, #9676, .T. );
#7741 = FILL_AREA_STYLE( '', ( #9677 ) );
#7742 = EDGE_CURVE( '', #9678, #9679, #9680, .T. );
#7743 = EDGE_CURVE( '', #9681, #9678, #9682, .T. );
#7744 = EDGE_CURVE( '', #9683, #9681, #9684, .T. );
#7745 = EDGE_CURVE( '', #9683, #9679, #9685, .T. );
#7746 = FILL_AREA_STYLE( '', ( #9686 ) );
#7747 = EDGE_CURVE( '', #9687, #9688, #9689, .T. );
#7748 = EDGE_CURVE( '', #9690, #9687, #9691, .T. );
#7749 = EDGE_CURVE( '', #9690, #9692, #9693, .T. );
#7750 = EDGE_CURVE( '', #9692, #9694, #9695, .T. );
#7751 = EDGE_CURVE( '', #9696, #9694, #9697, .T. );
#7752 = EDGE_CURVE( '', #9696, #9698, #9699, .T. );
#7753 = EDGE_CURVE( '', #9575, #9698, #9700, .T. );
#7754 = EDGE_CURVE( '', #9576, #9701, #9702, .T. );
#7755 = EDGE_CURVE( '', #9701, #9703, #9704, .T. );
#7756 = EDGE_CURVE( '', #9705, #9703, #9706, .T. );
#7757 = EDGE_CURVE( '', #9705, #8679, #9707, .T. );
#7758 = EDGE_CURVE( '', #8676, #9708, #9709, .T. );
#7759 = EDGE_CURVE( '', #9710, #9708, #9711, .T. );
#7760 = EDGE_CURVE( '', #9710, #9712, #9713, .T. );
#7761 = EDGE_CURVE( '', #9712, #9714, #9715, .T. );
#7762 = EDGE_CURVE( '', #9714, #9716, #9717, .T. );
#7763 = EDGE_CURVE( '', #9156, #9716, #9718, .T. );
#7764 = EDGE_CURVE( '', #9603, #9237, #9719, .T. );
#7765 = EDGE_CURVE( '', #9165, #9720, #9721, .T. );
#7766 = EDGE_CURVE( '', #9722, #9720, #9723, .T. );
#7767 = EDGE_CURVE( '', #9688, #9722, #9724, .T. );
#7768 = FILL_AREA_STYLE( '', ( #9725 ) );
#7769 = EDGE_CURVE( '', #9390, #8541, #9726, .T. );
#7770 = FILL_AREA_STYLE( '', ( #9727 ) );
#7771 = EDGE_CURVE( '', #8642, #9728, #9729, .T. );
#7772 = EDGE_CURVE( '', #9730, #9728, #9731, .T. );
#7773 = EDGE_CURVE( '', #8644, #9730, #9732, .T. );
#7774 = FILL_AREA_STYLE( '', ( #9733 ) );
#7775 = EDGE_CURVE( '', #8843, #9734, #9735, .T. );
#7776 = EDGE_CURVE( '', #9734, #9006, #9736, .T. );
#7777 = FILL_AREA_STYLE( '', ( #9737 ) );
#7778 = EDGE_CURVE( '', #9409, #9738, #9739, .T. );
#7779 = EDGE_CURVE( '', #9740, #9410, #9741, .T. );
#7780 = EDGE_CURVE( '', #9738, #9740, #9742, .T. );
#7781 = FILL_AREA_STYLE( '', ( #9743 ) );
#7782 = EDGE_CURVE( '', #9503, #9744, #9745, .T. );
#7783 = EDGE_CURVE( '', #9746, #9507, #9747, .T. );
#7784 = EDGE_CURVE( '', #9744, #9746, #9748, .T. );
#7785 = FILL_AREA_STYLE( '', ( #9749 ) );
#7786 = EDGE_CURVE( '', #8881, #9750, #9751, .T. );
#7787 = EDGE_CURVE( '', #9752, #8879, #9753, .T. );
#7788 = EDGE_CURVE( '', #9750, #9752, #9754, .T. );
#7789 = FILL_AREA_STYLE( '', ( #9755 ) );
#7790 = EDGE_CURVE( '', #9648, #9756, #9757, .T. );
#7791 = EDGE_CURVE( '', #9211, #9756, #9758, .T. );
#7792 = FILL_AREA_STYLE( '', ( #9759 ) );
#7793 = EDGE_CURVE( '', #8690, #9340, #9760, .T. );
#7794 = EDGE_CURVE( '', #8692, #9338, #9761, .T. );
#7795 = FILL_AREA_STYLE( '', ( #9762 ) );
#7796 = EDGE_CURVE( '', #9763, #8900, #9764, .T. );
#7797 = EDGE_CURVE( '', #9051, #9763, #9765, .T. );
#7798 = FILL_AREA_STYLE( '', ( #9766 ) );
#7799 = EDGE_CURVE( '', #9767, #9768, #9769, .T. );
#7800 = EDGE_CURVE( '', #9770, #9768, #9771, .T. );
#7801 = EDGE_CURVE( '', #9772, #9770, #9773, .T. );
#7802 = EDGE_CURVE( '', #9772, #9767, #9774, .T. );
#7803 = FILL_AREA_STYLE( '', ( #9775 ) );
#7804 = EDGE_CURVE( '', #9776, #9777, #9778, .T. );
#7805 = EDGE_CURVE( '', #9776, #9779, #9780, .T. );
#7806 = EDGE_CURVE( '', #9781, #9779, #9782, .T. );
#7807 = EDGE_CURVE( '', #9777, #9781, #9783, .T. );
#7808 = FILL_AREA_STYLE( '', ( #9784 ) );
#7809 = EDGE_CURVE( '', #8894, #9502, #9785, .T. );
#7810 = EDGE_CURVE( '', #9625, #9744, #9786, .T. );
#7811 = EDGE_CURVE( '', #9626, #9412, #9787, .T. );
#7812 = EDGE_CURVE( '', #8896, #9738, #9788, .T. );
#7813 = FILL_AREA_STYLE( '', ( #9789 ) );
#7814 = EDGE_CURVE( '', #9790, #9791, #9792, .T. );
#7815 = EDGE_CURVE( '', #9790, #9793, #9794, .T. );
#7816 = EDGE_CURVE( '', #9793, #9795, #9796, .T. );
#7817 = EDGE_CURVE( '', #9791, #9795, #9797, .T. );
#7818 = FILL_AREA_STYLE( '', ( #9798 ) );
#7819 = EDGE_CURVE( '', #8919, #9799, #9800, .T. );
#7820 = EDGE_CURVE( '', #9801, #8917, #9802, .T. );
#7821 = EDGE_CURVE( '', #9801, #9799, #9803, .T. );
#7822 = FILL_AREA_STYLE( '', ( #9804 ) );
#7823 = EDGE_CURVE( '', #9805, #9806, #9807, .T. );
#7824 = EDGE_CURVE( '', #9806, #9808, #9809, .T. );
#7825 = EDGE_CURVE( '', #9810, #9808, #9811, .T. );
#7826 = EDGE_CURVE( '', #9810, #9805, #9812, .T. );
#7827 = FILL_AREA_STYLE( '', ( #9813 ) );
#7828 = EDGE_CURVE( '', #9791, #9814, #9815, .T. );
#7829 = EDGE_CURVE( '', #9795, #9816, #9817, .T. );
#7830 = EDGE_CURVE( '', #9814, #9816, #9818, .T. );
#7831 = FILL_AREA_STYLE( '', ( #9819 ) );
#7832 = EDGE_CURVE( '', #9373, #9820, #9821, .T. );
#7833 = EDGE_CURVE( '', #9822, #9820, #9823, .T. );
#7834 = EDGE_CURVE( '', #9375, #9822, #9824, .T. );
#7835 = FILL_AREA_STYLE( '', ( #9825 ) );
#7836 = EDGE_CURVE( '', #8971, #9826, #9827, .T. );
#7837 = EDGE_CURVE( '', #9828, #9826, #9829, .T. );
#7838 = EDGE_CURVE( '', #9828, #8973, #9830, .T. );
#7839 = FILL_AREA_STYLE( '', ( #9831 ) );
#7840 = EDGE_CURVE( '', #9832, #9554, #9833, .T. );
#7841 = EDGE_CURVE( '', #9556, #9834, #9835, .T. );
#7842 = EDGE_CURVE( '', #9832, #9834, #9836, .T. );
#7843 = FILL_AREA_STYLE( '', ( #9837 ) );
#7844 = EDGE_CURVE( '', #9838, #9069, #9839, .T. );
#7845 = EDGE_CURVE( '', #8649, #9838, #9840, .T. );
#7846 = EDGE_CURVE( '', #8648, #9841, #9842, .T. );
#7847 = EDGE_CURVE( '', #9722, #9841, #9843, .T. );
#7848 = EDGE_CURVE( '', #9720, #9844, #9845, .T. );
#7849 = EDGE_CURVE( '', #9844, #9605, #9846, .T. );
#7850 = EDGE_CURVE( '', #9241, #9159, #9847, .T. );
#7851 = EDGE_CURVE( '', #9716, #9848, #9849, .T. );
#7852 = EDGE_CURVE( '', #9848, #9850, #9851, .T. );
#7853 = EDGE_CURVE( '', #9710, #9850, #9852, .T. );
#7854 = EDGE_CURVE( '', #9708, #9221, #9853, .T. );
#7855 = EDGE_CURVE( '', #9705, #9223, #9854, .T. );
#7856 = EDGE_CURVE( '', #9703, #9043, #9855, .T. );
#7857 = EDGE_CURVE( '', #9698, #9856, #9857, .T. );
#7858 = EDGE_CURVE( '', #9856, #9611, #9858, .T. );
#7859 = EDGE_CURVE( '', #9779, #8963, #9859, .T. );
#7860 = EDGE_CURVE( '', #9776, #8957, #9860, .T. );
#7861 = EDGE_CURVE( '', #9861, #8955, #9862, .T. );
#7862 = EDGE_CURVE( '', #9863, #9861, #9864, .T. );
#7863 = EDGE_CURVE( '', #9863, #8949, #9865, .T. );
#7864 = EDGE_CURVE( '', #8947, #9866, #9867, .T. );
#7865 = EDGE_CURVE( '', #9868, #9866, #9869, .T. );
#7866 = EDGE_CURVE( '', #9870, #9868, #9871, .T. );
#7867 = EDGE_CURVE( '', #9227, #9870, #9872, .T. );
#7868 = EDGE_CURVE( '', #8743, #9232, #9873, .T. );
#7869 = EDGE_CURVE( '', #8747, #9874, #9875, .T. );
#7870 = EDGE_CURVE( '', #9876, #9874, #9877, .T. );
#7871 = EDGE_CURVE( '', #9878, #9876, #9879, .T. );
#7872 = EDGE_CURVE( '', #9878, #9880, #9881, .T. );
#7873 = EDGE_CURVE( '', #9880, #9882, #9883, .T. );
#7874 = EDGE_CURVE( '', #9595, #9882, #9884, .T. );
#7875 = EDGE_CURVE( '', #9599, #9885, #9886, .T. );
#7876 = EDGE_CURVE( '', #9885, #9311, #9887, .T. );
#7877 = EDGE_CURVE( '', #9888, #8756, #9889, .T. );
#7878 = EDGE_CURVE( '', #9826, #9888, #9890, .T. );
#7879 = FILL_AREA_STYLE( '', ( #9891 ) );
#7880 = EDGE_CURVE( '', #9892, #9432, #9893, .T. );
#7881 = EDGE_CURVE( '', #9892, #8800, #9894, .T. );
#7882 = FILL_AREA_STYLE( '', ( #9895 ) );
#7883 = EDGE_CURVE( '', #9896, #9848, #9897, .T. );
#7884 = EDGE_CURVE( '', #9896, #9898, #9899, .T. );
#7885 = EDGE_CURVE( '', #9850, #9898, #9900, .T. );
#7886 = FILL_AREA_STYLE( '', ( #9901 ) );
#7887 = EDGE_CURVE( '', #9902, #9903, #9904, .T. );
#7888 = EDGE_CURVE( '', #9902, #9905, #9906, .T. );
#7889 = EDGE_CURVE( '', #9905, #9907, #9908, .T. );
#7890 = EDGE_CURVE( '', #9903, #9907, #9909, .T. );
#7891 = FILL_AREA_STYLE( '', ( #9910 ) );
#7892 = EDGE_CURVE( '', #9911, #8606, #9912, .T. );
#7893 = EDGE_CURVE( '', #9911, #9913, #9914, .T. );
#7894 = EDGE_CURVE( '', #9913, #8609, #9915, .T. );
#7895 = FILL_AREA_STYLE( '', ( #9916 ) );
#7896 = EDGE_CURVE( '', #9302, #9088, #9917, .T. );
#7897 = EDGE_CURVE( '', #9305, #9092, #9918, .T. );
#7898 = FILL_AREA_STYLE( '', ( #9919 ) );
#7899 = EDGE_CURVE( '', #9486, #9920, #9921, .T. );
#7900 = EDGE_CURVE( '', #8915, #9920, #9922, .T. );
#7901 = FILL_AREA_STYLE( '', ( #9923 ) );
#7902 = EDGE_CURVE( '', #8686, #9325, #9924, .T. );
#7903 = EDGE_CURVE( '', #8688, #9342, #9925, .T. );
#7904 = FILL_AREA_STYLE( '', ( #9926 ) );
#7905 = EDGE_CURVE( '', #9927, #9928, #9929, .T. );
#7906 = EDGE_CURVE( '', #9928, #9259, #9930, .T. );
#7907 = EDGE_CURVE( '', #9257, #9927, #9931, .T. );
#7908 = FILL_AREA_STYLE( '', ( #9932 ) );
#7909 = EDGE_CURVE( '', #9933, #9934, #9935, .T. );
#7910 = EDGE_CURVE( '', #9934, #9936, #9937, .T. );
#7911 = EDGE_CURVE( '', #9936, #9938, #9939, .T. );
#7912 = EDGE_CURVE( '', #9938, #9933, #9940, .T. );
#7913 = FILL_AREA_STYLE( '', ( #9941 ) );
#7914 = FILL_AREA_STYLE( '', ( #9942 ) );
#7915 = EDGE_CURVE( '', #9841, #9447, #9943, .T. );
#7916 = FILL_AREA_STYLE( '', ( #9944 ) );
#7917 = EDGE_CURVE( '', #9777, #8959, #9945, .T. );
#7918 = FILL_AREA_STYLE( '', ( #9946 ) );
#7919 = EDGE_CURVE( '', #9469, #8934, #9947, .T. );
#7920 = FILL_AREA_STYLE( '', ( #9948 ) );
#7921 = FILL_AREA_STYLE( '', ( #9949 ) );
#7922 = EDGE_CURVE( '', #9878, #9950, #9951, .T. );
#7923 = EDGE_CURVE( '', #9952, #9876, #9953, .T. );
#7924 = EDGE_CURVE( '', #9950, #9952, #9954, .T. );
#7925 = FILL_AREA_STYLE( '', ( #9955 ) );
#7926 = EDGE_CURVE( '', #9655, #9956, #9957, .T. );
#7927 = EDGE_CURVE( '', #9641, #9956, #9958, .T. );
#7928 = FILL_AREA_STYLE( '', ( #9959 ) );
#7929 = EDGE_CURVE( '', #9571, #9960, #9961, .T. );
#7930 = EDGE_CURVE( '', #9960, #9962, #9963, .T. );
#7931 = EDGE_CURVE( '', #9962, #9964, #9965, .T. );
#7932 = EDGE_CURVE( '', #9363, #9964, #9966, .T. );
#7933 = EDGE_CURVE( '', #9967, #8557, #9968, .T. );
#7934 = EDGE_CURVE( '', #9967, #9152, #9969, .T. );
#7935 = FILL_AREA_STYLE( '', ( #9970 ) );
#7936 = EDGE_CURVE( '', #8996, #8778, #9971, .T. );
#7937 = EDGE_CURVE( '', #8998, #8776, #9972, .T. );
#7938 = FILL_AREA_STYLE( '', ( #9973 ) );
#7939 = EDGE_CURVE( '', #9974, #9866, #9975, .T. );
#7940 = EDGE_CURVE( '', #8742, #9974, #9976, .T. );
#7941 = EDGE_CURVE( '', #9405, #9868, #9977, .T. );
#7942 = FILL_AREA_STYLE( '', ( #9978 ) );
#7943 = EDGE_CURVE( '', #9115, #9087, #9979, .T. );
#7944 = EDGE_CURVE( '', #9090, #9114, #9980, .T. );
#7945 = FILL_AREA_STYLE( '', ( #9981 ) );
#7946 = EDGE_CURVE( '', #8890, #9740, #9982, .T. );
#7947 = EDGE_CURVE( '', #9414, #9630, #9983, .T. );
#7948 = EDGE_CURVE( '', #9746, #9628, #9984, .T. );
#7949 = EDGE_CURVE( '', #9505, #8892, #9985, .T. );
#7950 = FILL_AREA_STYLE( '', ( #9986 ) );
#7951 = EDGE_CURVE( '', #8927, #9987, #9988, .T. );
#7952 = EDGE_CURVE( '', #9217, #9987, #9989, .T. );
#7953 = FILL_AREA_STYLE( '', ( #9990 ) );
#7954 = EDGE_CURVE( '', #8870, #9991, #9992, .T. );
#7955 = EDGE_CURVE( '', #9991, #9993, #9994, .T. );
#7956 = EDGE_CURVE( '', #9993, #9521, #9995, .T. );
#7957 = EDGE_CURVE( '', #9522, #9996, #9997, .T. );
#7958 = EDGE_CURVE( '', #9996, #9902, #9998, .T. );
#7959 = EDGE_CURVE( '', #9903, #9790, #9999, .T. );
#7960 = EDGE_CURVE( '', #9814, #8869, #10000, .T. );
#7961 = FILL_AREA_STYLE( '', ( #10001 ) );
#7962 = EDGE_CURVE( '', #9832, #10002, #10003, .T. );
#7963 = EDGE_CURVE( '', #10002, #8854, #10004, .T. );
#7964 = EDGE_CURVE( '', #8875, #9463, #10005, .T. );
#7965 = FILL_AREA_STYLE( '', ( #10006 ) );
#7966 = EDGE_CURVE( '', #9714, #9896, #10007, .T. );
#7967 = EDGE_CURVE( '', #9712, #9898, #10008, .T. );
#7968 = FILL_AREA_STYLE( '', ( #10009 ) );
#7969 = EDGE_CURVE( '', #10010, #10011, #10012, .T. );
#7970 = EDGE_CURVE( '', #10013, #10010, #10014, .T. );
#7971 = EDGE_CURVE( '', #10015, #10013, #10016, .T. );
#7972 = EDGE_CURVE( '', #10015, #10011, #10017, .T. );
#7973 = FILL_AREA_STYLE( '', ( #10018 ) );
#7974 = EDGE_CURVE( '', #9403, #9870, #10019, .T. );
#7975 = FILL_AREA_STYLE( '', ( #10020 ) );
#7976 = EDGE_CURVE( '', #8861, #10021, #10022, .T. );
#7977 = EDGE_CURVE( '', #10023, #8865, #10024, .T. );
#7978 = EDGE_CURVE( '', #10021, #10023, #10025, .T. );
#7979 = FILL_AREA_STYLE( '', ( #10026 ) );
#7980 = EDGE_CURVE( '', #8834, #9933, #10027, .T. );
#7981 = EDGE_CURVE( '', #9938, #8836, #10028, .T. );
#7982 = FILL_AREA_STYLE( '', ( #10029 ) );
#7983 = EDGE_CURVE( '', #10030, #9524, #10031, .T. );
#7984 = EDGE_CURVE( '', #10032, #10030, #10033, .T. );
#7985 = EDGE_CURVE( '', #10032, #9195, #10034, .T. );
#7986 = EDGE_CURVE( '', #10035, #9193, #10036, .T. );
#7987 = EDGE_CURVE( '', #10037, #10035, #10038, .T. );
#7988 = EDGE_CURVE( '', #9511, #10037, #10039, .T. );
#7989 = EDGE_CURVE( '', #9465, #9668, #10040, .T. );
#7990 = EDGE_CURVE( '', #10041, #8856, #10042, .T. );
#7991 = EDGE_CURVE( '', #9834, #10041, #10043, .T. );
#7992 = EDGE_CURVE( '', #9816, #8872, #10044, .T. );
#7993 = EDGE_CURVE( '', #9907, #9793, #10045, .T. );
#7994 = EDGE_CURVE( '', #10046, #9905, #10047, .T. );
#7995 = EDGE_CURVE( '', #9526, #10046, #10048, .T. );
#7996 = FILL_AREA_STYLE( '', ( #10049 ) );
#7997 = EDGE_CURVE( '', #8694, #9336, #10050, .T. );
#7998 = FILL_AREA_STYLE( '', ( #10051 ) );
#7999 = EDGE_CURVE( '', #10052, #9275, #10053, .T. );
#8000 = EDGE_CURVE( '', #10054, #10052, #10055, .T. );
#8001 = EDGE_CURVE( '', #10054, #9277, #10056, .T. );
#8002 = FILL_AREA_STYLE( '', ( #10057 ) );
#8003 = EDGE_CURVE( '', #8474, #10058, #10059, .T. );
#8004 = EDGE_CURVE( '', #10060, #10058, #10061, .T. );
#8005 = EDGE_CURVE( '', #8476, #10060, #10062, .T. );
#8006 = FILL_AREA_STYLE( '', ( #10063 ) );
#8007 = EDGE_CURVE( '', #10064, #9268, #10065, .T. );
#8008 = EDGE_CURVE( '', #10064, #9248, #10066, .T. );
#8009 = FILL_AREA_STYLE( '', ( #10067 ) );
#8010 = EDGE_CURVE( '', #8877, #8765, #10068, .T. );
#8011 = EDGE_CURVE( '', #8723, #10069, #10070, .T. );
#8012 = EDGE_CURVE( '', #9588, #10069, #10071, .T. );
#8013 = EDGE_CURVE( '', #9381, #9962, #10072, .T. );
#8014 = EDGE_CURVE( '', #10073, #9960, #10074, .T. );
#8015 = EDGE_CURVE( '', #10073, #10075, #10076, .T. );
#8016 = EDGE_CURVE( '', #10075, #10077, #10078, .T. );
#8017 = EDGE_CURVE( '', #8521, #10077, #10079, .T. );
#8018 = EDGE_CURVE( '', #9664, #9328, #10080, .T. );
#8019 = EDGE_CURVE( '', #8685, #9326, #10081, .T. );
#8020 = EDGE_CURVE( '', #8702, #10082, #10083, .T. );
#8021 = EDGE_CURVE( '', #10084, #10082, #10085, .T. );
#8022 = EDGE_CURVE( '', #10086, #10084, #10087, .T. );
#8023 = EDGE_CURVE( '', #10088, #10086, #10089, .T. );
#8024 = EDGE_CURVE( '', #10088, #9266, #10090, .T. );
#8025 = EDGE_CURVE( '', #8898, #9674, #10091, .T. );
#8026 = EDGE_CURVE( '', #8885, #9730, #10092, .T. );
#8027 = EDGE_CURVE( '', #8883, #8761, #10093, .T. );
#8028 = FILL_AREA_STYLE( '', ( #10094 ) );
#8029 = EDGE_CURVE( '', #8632, #10095, #10096, .T. );
#8030 = EDGE_CURVE( '', #9534, #10095, #10097, .T. );
#8031 = FILL_AREA_STYLE( '', ( #10098 ) );
#8032 = EDGE_CURVE( '', #10099, #8527, #10100, .T. );
#8033 = EDGE_CURVE( '', #9188, #10099, #10101, .T. );
#8034 = FILL_AREA_STYLE( '', ( #10102 ) );
#8035 = EDGE_CURVE( '', #8921, #10103, #10104, .T. );
#8036 = EDGE_CURVE( '', #10103, #9199, #10105, .T. );
#8037 = FILL_AREA_STYLE( '', ( #10106 ) );
#8038 = EDGE_CURVE( '', #9920, #9125, #10107, .T. );
#8039 = EDGE_CURVE( '', #9105, #9565, #10108, .T. );
#8040 = EDGE_CURVE( '', #9563, #10109, #10110, .T. );
#8041 = EDGE_CURVE( '', #10109, #10015, #10111, .T. );
#8042 = EDGE_CURVE( '', #10013, #9801, #10112, .T. );
#8043 = FILL_AREA_STYLE( '', ( #10113 ) );
#8044 = EDGE_CURVE( '', #9420, #10114, #10115, .T. );
#8045 = EDGE_CURVE( '', #10114, #8992, #10116, .T. );
#8046 = FILL_AREA_STYLE( '', ( #10117 ) );
#8047 = EDGE_CURVE( '', #10118, #10119, #10120, .T. );
#8048 = EDGE_CURVE( '', #8528, #10118, #10121, .T. );
#8049 = EDGE_CURVE( '', #10122, #10099, #10123, .T. );
#8050 = EDGE_CURVE( '', #10122, #8473, #10124, .T. );
#8051 = EDGE_CURVE( '', #10125, #8478, #10126, .T. );
#8052 = EDGE_CURVE( '', #10125, #10127, #10128, .T. );
#8053 = EDGE_CURVE( '', #10127, #10119, #10129, .T. );
#8054 = FILL_AREA_STYLE( '', ( #10130 ) );
#8055 = EDGE_CURVE( '', #10131, #8953, #10132, .T. );
#8056 = EDGE_CURVE( '', #10131, #9861, #10133, .T. );
#8057 = FILL_AREA_STYLE( '', ( #10134 ) );
#8058 = EDGE_CURVE( '', #9061, #10135, #10136, .T. );
#8059 = EDGE_CURVE( '', #10135, #9672, #10137, .T. );
#8060 = FILL_AREA_STYLE( '', ( #10138 ) );
#8061 = EDGE_CURVE( '', #8961, #9781, #10139, .T. );
#8062 = FILL_AREA_STYLE( '', ( #10140 ) );
#8063 = EDGE_CURVE( '', #9799, #10010, #10141, .T. );
#8064 = FILL_AREA_STYLE( '', ( #10142 ) );
#8065 = EDGE_CURVE( '', #10143, #10144, #10145, .T. );
#8066 = EDGE_CURVE( '', #10144, #9888, #10146, .T. );
#8067 = EDGE_CURVE( '', #9032, #10143, #10147, .T. );
#8068 = FILL_AREA_STYLE( '', ( #10148 ) );
#8069 = EDGE_CURVE( '', #9459, #10149, #10150, .T. );
#8070 = EDGE_CURVE( '', #8577, #10149, #10151, .T. );
#8071 = FILL_AREA_STYLE( '', ( #10152 ) );
#8072 = EDGE_CURVE( '', #10153, #10154, #10155, .T. );
#8073 = EDGE_CURVE( '', #10156, #10154, #10157, .T. );
#8074 = EDGE_CURVE( '', #10158, #10156, #10159, .T. );
#8075 = EDGE_CURVE( '', #10158, #10153, #10160, .T. );
#8076 = FILL_AREA_STYLE( '', ( #10161 ) );
#8077 = EDGE_CURVE( '', #9388, #8536, #10162, .T. );
#8078 = FILL_AREA_STYLE( '', ( #10163 ) );
#8079 = EDGE_CURVE( '', #10164, #9838, #10165, .T. );
#8080 = EDGE_CURVE( '', #10164, #8651, #10166, .T. );
#8081 = FILL_AREA_STYLE( '', ( #10167 ) );
#8082 = EDGE_CURVE( '', #8780, #10153, #10168, .T. );
#8083 = EDGE_CURVE( '', #8782, #10158, #10169, .T. );
#8084 = FILL_AREA_STYLE( '', ( #10170 ) );
#8085 = EDGE_CURVE( '', #10069, #10171, #10172, .T. );
#8086 = EDGE_CURVE( '', #9143, #10171, #10173, .T. );
#8087 = EDGE_CURVE( '', #9141, #9134, #10174, .T. );
#8088 = EDGE_CURVE( '', #9132, #9822, #10175, .T. );
#8089 = EDGE_CURVE( '', #9820, #9590, #10176, .T. );
#8090 = FILL_AREA_STYLE( '', ( #10177 ) );
#8091 = EDGE_CURVE( '', #8700, #9330, #10178, .T. );
#8092 = FILL_AREA_STYLE( '', ( #10179 ) );
#8093 = EDGE_CURVE( '', #10180, #9856, #10181, .T. );
#8094 = EDGE_CURVE( '', #10180, #9613, #10182, .T. );
#8095 = FILL_AREA_STYLE( '', ( #10183 ) );
#8096 = FILL_AREA_STYLE( '', ( #10184 ) );
#8097 = EDGE_CURVE( '', #10185, #9515, #10186, .T. );
#8098 = EDGE_CURVE( '', #10185, #10187, #10188, .T. );
#8099 = EDGE_CURVE( '', #9517, #10187, #10189, .T. );
#8100 = FILL_AREA_STYLE( '', ( #10190 ) );
#8101 = EDGE_CURVE( '', #8483, #10191, #10192, .T. );
#8102 = EDGE_CURVE( '', #10154, #8482, #10193, .T. );
#8103 = EDGE_CURVE( '', #10194, #8994, #10195, .T. );
#8104 = EDGE_CURVE( '', #9418, #10194, #10196, .T. );
#8105 = EDGE_CURVE( '', #10197, #9621, #10198, .T. );
#8106 = EDGE_CURVE( '', #10199, #10197, #10200, .T. );
#8107 = EDGE_CURVE( '', #10201, #10199, #10202, .T. );
#8108 = EDGE_CURVE( '', #9396, #10201, #10203, .T. );
#8109 = EDGE_CURVE( '', #10204, #9385, #10205, .T. );
#8110 = EDGE_CURVE( '', #10206, #10204, #10207, .T. );
#8111 = EDGE_CURVE( '', #10208, #10206, #10209, .T. );
#8112 = EDGE_CURVE( '', #10191, #10208, #10210, .T. );
#8113 = EDGE_CURVE( '', #10211, #9934, #10212, .T. );
#8114 = EDGE_CURVE( '', #9768, #10211, #10213, .T. );
#8115 = EDGE_CURVE( '', #10214, #9767, #10215, .T. );
#8116 = EDGE_CURVE( '', #10216, #10214, #10217, .T. );
#8117 = EDGE_CURVE( '', #10218, #10216, #10219, .T. );
#8118 = EDGE_CURVE( '', #10220, #10218, #10221, .T. );
#8119 = EDGE_CURVE( '', #8546, #10220, #10222, .T. );
#8120 = EDGE_CURVE( '', #9936, #9036, #10223, .T. );
#8121 = EDGE_CURVE( '', #10224, #9493, #10225, .T. );
#8122 = EDGE_CURVE( '', #9806, #10224, #10226, .T. );
#8123 = EDGE_CURVE( '', #9288, #9805, #10227, .T. );
#8124 = EDGE_CURVE( '', #9346, #9287, #10228, .T. );
#8125 = EDGE_CURVE( '', #10149, #9011, #10229, .T. );
#8126 = EDGE_CURVE( '', #10230, #9734, #10231, .T. );
#8127 = EDGE_CURVE( '', #8568, #10230, #10232, .T. );
#8128 = EDGE_CURVE( '', #8617, #8566, #10233, .T. );
#8129 = EDGE_CURVE( '', #10234, #8981, #10235, .T. );
#8130 = EDGE_CURVE( '', #9255, #10234, #10236, .T. );
#8131 = EDGE_CURVE( '', #10237, #9254, #10238, .T. );
#8132 = EDGE_CURVE( '', #10239, #10237, #10240, .T. );
#8133 = EDGE_CURVE( '', #8607, #10239, #10241, .T. );
#8134 = EDGE_CURVE( '', #10119, #9178, #10242, .T. );
#8135 = EDGE_CURVE( '', #10058, #10127, #10243, .T. );
#8136 = EDGE_CURVE( '', #9186, #10122, #10244, .T. );
#8137 = EDGE_CURVE( '', #10245, #9443, #10246, .T. );
#8138 = EDGE_CURVE( '', #9181, #10245, #10247, .T. );
#8139 = EDGE_CURVE( '', #10144, #9828, #10248, .T. );
#8140 = EDGE_CURVE( '', #10143, #9315, #10249, .T. );
#8141 = EDGE_CURVE( '', #9313, #8745, #10250, .T. );
#8142 = EDGE_CURVE( '', #9974, #8945, #10251, .T. );
#8143 = EDGE_CURVE( '', #10252, #9609, #10253, .T. );
#8144 = EDGE_CURVE( '', #10252, #9696, #10254, .T. );
#8145 = EDGE_CURVE( '', #9694, #10255, #10256, .T. );
#8146 = EDGE_CURVE( '', #10257, #10255, #10258, .T. );
#8147 = EDGE_CURVE( '', #9687, #10257, #10259, .T. );
#8148 = EDGE_CURVE( '', #9688, #9584, #10260, .T. );
#8149 = EDGE_CURVE( '', #9074, #10164, #10261, .T. );
#8150 = FILL_AREA_STYLE( '', ( #10262 ) );
#8151 = EDGE_CURVE( '', #10263, #9479, #10264, .T. );
#8152 = EDGE_CURVE( '', #10265, #10263, #10266, .T. );
#8153 = EDGE_CURVE( '', #10265, #9481, #10267, .T. );
#8154 = FILL_AREA_STYLE( '', ( #10268 ) );
#8155 = EDGE_CURVE( '', #10269, #9038, #10270, .T. );
#8156 = EDGE_CURVE( '', #10269, #10220, #10271, .T. );
#8157 = EDGE_CURVE( '', #10272, #10218, #10273, .T. );
#8158 = EDGE_CURVE( '', #8838, #10272, #10274, .T. );
#8159 = FILL_AREA_STYLE( '', ( #10275 ) );
#8160 = EDGE_CURVE( '', #9996, #10046, #10276, .T. );
#8161 = FILL_AREA_STYLE( '', ( #10277 ) );
#8162 = EDGE_CURVE( '', #8713, #10037, #10278, .T. );
#8163 = FILL_AREA_STYLE( '', ( #10279 ) );
#8164 = EDGE_CURVE( '', #9424, #9692, #10280, .T. );
#8165 = EDGE_CURVE( '', #9426, #9690, #10281, .T. );
#8166 = FILL_AREA_STYLE( '', ( #10282 ) );
#8167 = EDGE_CURVE( '', #10060, #10125, #10283, .T. );
#8168 = FILL_AREA_STYLE( '', ( #10284 ) );
#8169 = EDGE_CURVE( '', #10285, #9273, #10286, .T. );
#8170 = EDGE_CURVE( '', #10052, #10285, #10287, .T. );
#8171 = FILL_AREA_STYLE( '', ( #10288 ) );
#8172 = EDGE_CURVE( '', #9540, #9763, #10289, .T. );
#8173 = FILL_AREA_STYLE( '', ( #10290 ) );
#8174 = EDGE_CURVE( '', #8554, #10291, #10292, .T. );
#8175 = EDGE_CURVE( '', #10291, #9967, #10293, .T. );
#8176 = FILL_AREA_STYLE( '', ( #10294 ) );
#8177 = EDGE_CURVE( '', #10295, #10296, #10297, .T. );
#8178 = EDGE_CURVE( '', #9207, #10295, #10298, .T. );
#8179 = EDGE_CURVE( '', #9205, #10296, #10299, .T. );
#8180 = FILL_AREA_STYLE( '', ( #10300 ) );
#8181 = EDGE_CURVE( '', #8640, #10301, #10302, .T. );
#8182 = EDGE_CURVE( '', #10301, #9728, #10303, .T. );
#8183 = FILL_AREA_STYLE( '', ( #10304 ) );
#8184 = EDGE_CURVE( '', #10305, #9250, #10306, .T. );
#8185 = EDGE_CURVE( '', #10305, #9271, #10307, .T. );
#8186 = FILL_AREA_STYLE( '', ( #10308 ) );
#8187 = EDGE_CURVE( '', #10077, #10309, #10310, .T. );
#8188 = EDGE_CURVE( '', #10311, #10309, #10312, .T. );
#8189 = EDGE_CURVE( '', #10311, #10313, #10314, .T. );
#8190 = EDGE_CURVE( '', #10313, #9643, #10315, .T. );
#8191 = EDGE_CURVE( '', #9956, #10316, #10317, .T. );
#8192 = EDGE_CURVE( '', #10316, #8523, #10318, .T. );
#8193 = FILL_AREA_STYLE( '', ( #10319 ) );
#8194 = EDGE_CURVE( '', #8760, #10021, #10320, .T. );
#8195 = EDGE_CURVE( '', #10023, #8763, #10321, .T. );
#8196 = FILL_AREA_STYLE( '', ( #10322 ) );
#8197 = FILL_AREA_STYLE( '', ( #10323 ) );
#8198 = EDGE_CURVE( '', #9987, #9647, #10324, .T. );
#8199 = EDGE_CURVE( '', #9756, #10325, #10326, .T. );
#8200 = EDGE_CURVE( '', #10325, #10295, #10327, .T. );
#8201 = EDGE_CURVE( '', #10296, #10328, #10329, .T. );
#8202 = EDGE_CURVE( '', #10328, #10330, #10331, .T. );
#8203 = EDGE_CURVE( '', #10330, #10332, #10333, .T. );
#8204 = EDGE_CURVE( '', #8929, #10332, #10334, .T. );
#8205 = FILL_AREA_STYLE( '', ( #10335 ) );
#8206 = EDGE_CURVE( '', #8485, #10336, #10337, .T. );
#8207 = EDGE_CURVE( '', #10336, #10191, #10338, .T. );
#8208 = FILL_AREA_STYLE( '', ( #10339 ) );
#8209 = EDGE_CURVE( '', #8602, #9991, #10340, .T. );
#8210 = FILL_AREA_STYLE( '', ( #10341 ) );
#8211 = FILL_AREA_STYLE( '', ( #10342 ) );
#8212 = EDGE_CURVE( '', #9928, #10237, #10343, .T. );
#8213 = FILL_AREA_STYLE( '', ( #10344 ) );
#8214 = EDGE_CURVE( '', #10114, #10194, #10345, .T. );
#8215 = FILL_AREA_STYLE( '', ( #10346 ) );
#8216 = EDGE_CURVE( '', #9166, #9844, #10347, .T. );
#8217 = FILL_AREA_STYLE( '', ( #10348 ) );
#8218 = FILL_AREA_STYLE( '', ( #10349 ) );
#8219 = EDGE_CURVE( '', #9000, #8774, #10350, .T. );
#8220 = FILL_AREA_STYLE( '', ( #10351 ) );
#8221 = EDGE_CURVE( '', #9701, #9042, #10352, .T. );
#8222 = FILL_AREA_STYLE( '', ( #10353 ) );
#8223 = EDGE_CURVE( '', #9594, #10354, #10355, .T. );
#8224 = EDGE_CURVE( '', #10356, #10354, #10357, .T. );
#8225 = EDGE_CURVE( '', #9597, #10356, #10358, .T. );
#8226 = FILL_AREA_STYLE( '', ( #10359 ) );
#8227 = EDGE_CURVE( '', #8910, #10054, #10360, .T. );
#8228 = FILL_AREA_STYLE( '', ( #10361 ) );
#8229 = EDGE_CURVE( '', #8638, #10362, #10363, .T. );
#8230 = EDGE_CURVE( '', #10301, #10362, #10364, .T. );
#8231 = FILL_AREA_STYLE( '', ( #10365 ) );
#8232 = FILL_AREA_STYLE( '', ( #10366 ) );
#8233 = EDGE_CURVE( '', #8661, #9471, #10367, .T. );
#8234 = FILL_AREA_STYLE( '', ( #10368 ) );
#8235 = EDGE_CURVE( '', #10369, #9477, #10370, .T. );
#8236 = EDGE_CURVE( '', #10263, #10369, #10371, .T. );
#8237 = FILL_AREA_STYLE( '', ( #10372 ) );
#8238 = EDGE_CURVE( '', #9455, #10265, #10373, .T. );
#8239 = FILL_AREA_STYLE( '', ( #10374 ) );
#8240 = EDGE_CURVE( '', #10354, #9882, #10375, .T. );
#8241 = FILL_AREA_STYLE( '', ( #10376 ) );
#8242 = EDGE_CURVE( '', #9561, #9102, #10377, .T. );
#8243 = FILL_AREA_STYLE( '', ( #10378 ) );
#8244 = EDGE_CURVE( '', #8931, #10379, #10380, .T. );
#8245 = EDGE_CURVE( '', #10379, #9321, #10381, .T. );
#8246 = EDGE_CURVE( '', #9319, #10382, #10383, .T. );
#8247 = EDGE_CURVE( '', #10382, #9892, #10384, .T. );
#8248 = EDGE_CURVE( '', #9430, #8829, #10385, .T. );
#8249 = EDGE_CURVE( '', #8827, #8738, #10386, .T. );
#8250 = FILL_AREA_STYLE( '', ( #10387 ) );
#8251 = EDGE_CURVE( '', #9653, #10316, #10388, .T. );
#8252 = FILL_AREA_STYLE( '', ( #10389 ) );
#8253 = EDGE_CURVE( '', #10390, #9964, #10391, .T. );
#8254 = EDGE_CURVE( '', #10390, #9361, #10392, .T. );
#8255 = FILL_AREA_STYLE( '', ( #10393 ) );
#8256 = EDGE_CURVE( '', #10257, #9026, #10394, .T. );
#8257 = FILL_AREA_STYLE( '', ( #10395 ) );
#8258 = EDGE_CURVE( '', #10252, #10396, #10397, .T. );
#8259 = EDGE_CURVE( '', #10396, #9615, #10398, .T. );
#8260 = FILL_AREA_STYLE( '', ( #10399 ) );
#8261 = EDGE_CURVE( '', #10064, #10088, #10400, .T. );
#8262 = FILL_AREA_STYLE( '', ( #10401 ) );
#8263 = FILL_AREA_STYLE( '', ( #10402 ) );
#8264 = EDGE_CURVE( '', #10403, #10404, #10405, .T. );
#8265 = EDGE_CURVE( '', #10404, #9619, #10406, .T. );
#8266 = EDGE_CURVE( '', #10156, #8487, #10407, .T. );
#8267 = EDGE_CURVE( '', #10336, #10408, #10409, .T. );
#8268 = EDGE_CURVE( '', #10408, #10410, #10411, .T. );
#8269 = EDGE_CURVE( '', #10410, #10403, #10412, .T. );
#8270 = FILL_AREA_STYLE( '', ( #10413 ) );
#8271 = EDGE_CURVE( '', #8564, #10414, #10415, .T. );
#8272 = EDGE_CURVE( '', #10414, #10230, #10416, .T. );
#8273 = FILL_AREA_STYLE( '', ( #10417 ) );
#8274 = EDGE_CURVE( '', #10201, #10418, #10419, .T. );
#8275 = EDGE_CURVE( '', #9398, #10418, #10420, .T. );
#8276 = FILL_AREA_STYLE( '', ( #10421 ) );
#8277 = EDGE_CURVE( '', #9203, #10328, #10422, .T. );
#8278 = FILL_AREA_STYLE( '', ( #10423 ) );
#8279 = EDGE_CURVE( '', #9750, #10185, #10424, .T. );
#8280 = EDGE_CURVE( '', #10187, #9752, #10425, .T. );
#8281 = FILL_AREA_STYLE( '', ( #10426 ) );
#8282 = FILL_AREA_STYLE( '', ( #10427 ) );
#8283 = EDGE_CURVE( '', #9548, #9298, #10428, .T. );
#8284 = FILL_AREA_STYLE( '', ( #10429 ) );
#8285 = EDGE_CURVE( '', #9081, #10245, #10430, .T. );
#8286 = FILL_AREA_STYLE( '', ( #10431 ) );
#8287 = FILL_AREA_STYLE( '', ( #10432 ) );
#8288 = EDGE_CURVE( '', #10433, #8833, #10434, .T. );
#8289 = EDGE_CURVE( '', #10216, #10433, #10435, .T. );
#8290 = EDGE_CURVE( '', #10436, #10214, #10437, .T. );
#8291 = EDGE_CURVE( '', #10438, #10436, #10439, .T. );
#8292 = EDGE_CURVE( '', #10438, #10211, #10440, .T. );
#8293 = FILL_AREA_STYLE( '', ( #10441 ) );
#8294 = EDGE_CURVE( '', #8619, #8563, #10442, .T. );
#8295 = EDGE_CURVE( '', #10414, #9292, #10443, .T. );
#8296 = EDGE_CURVE( '', #9290, #9810, #10444, .T. );
#8297 = EDGE_CURVE( '', #9808, #10445, #10446, .T. );
#8298 = EDGE_CURVE( '', #10445, #9498, #10447, .T. );
#8299 = FILL_AREA_STYLE( '', ( #10448 ) );
#8300 = EDGE_CURVE( '', #10135, #9530, #10449, .T. );
#8301 = FILL_AREA_STYLE( '', ( #10450 ) );
#8302 = EDGE_CURVE( '', #9927, #10234, #10451, .T. );
#8303 = FILL_AREA_STYLE( '', ( #10452 ) );
#8304 = EDGE_CURVE( '', #10239, #9911, #10453, .T. );
#8305 = EDGE_CURVE( '', #9913, #9436, #10454, .T. );
#8306 = FILL_AREA_STYLE( '', ( #10455 ) );
#8307 = EDGE_CURVE( '', #10095, #9174, #10456, .T. );
#8308 = FILL_AREA_STYLE( '', ( #10457 ) );
#8309 = FILL_AREA_STYLE( '', ( #10458 ) );
#8310 = EDGE_CURVE( '', #9770, #10438, #10459, .T. );
#8311 = EDGE_CURVE( '', #10436, #9772, #10460, .T. );
#8312 = FILL_AREA_STYLE( '', ( #10461 ) );
#8313 = FILL_AREA_STYLE( '', ( #10462 ) );
#8314 = FILL_AREA_STYLE( '', ( #10463 ) );
#8315 = EDGE_CURVE( '', #10362, #9536, #10464, .T. );
#8316 = FILL_AREA_STYLE( '', ( #10465 ) );
#8317 = FILL_AREA_STYLE( '', ( #10466 ) );
#8318 = EDGE_CURVE( '', #9863, #10467, #10468, .T. );
#8319 = EDGE_CURVE( '', #10467, #8951, #10469, .T. );
#8320 = FILL_AREA_STYLE( '', ( #10470 ) );
#8321 = EDGE_CURVE( '', #10073, #9569, #10471, .T. );
#8322 = FILL_AREA_STYLE( '', ( #10472 ) );
#8323 = EDGE_CURVE( '', #9658, #10313, #10473, .T. );
#8324 = FILL_AREA_STYLE( '', ( #10474 ) );
#8325 = FILL_AREA_STYLE( '', ( #10475 ) );
#8326 = EDGE_CURVE( '', #9303, #9678, #10476, .T. );
#8327 = EDGE_CURVE( '', #9681, #9307, #10477, .T. );
#8328 = FILL_AREA_STYLE( '', ( #10478 ) );
#8329 = EDGE_CURVE( '', #10410, #10206, #10479, .T. );
#8330 = EDGE_CURVE( '', #10408, #10208, #10480, .T. );
#8331 = FILL_AREA_STYLE( '', ( #10481 ) );
#8332 = FILL_AREA_STYLE( '', ( #10482 ) );
#8333 = EDGE_CURVE( '', #9660, #10311, #10483, .T. );
#8334 = FILL_AREA_STYLE( '', ( #10484 ) );
#8335 = EDGE_CURVE( '', #9379, #10171, #10485, .T. );
#8336 = FILL_AREA_STYLE( '', ( #10486 ) );
#8337 = EDGE_CURVE( '', #10445, #10224, #10487, .T. );
#8338 = FILL_AREA_STYLE( '', ( #10488 ) );
#8339 = FILL_AREA_STYLE( '', ( #10489 ) );
#8340 = FILL_AREA_STYLE( '', ( #10490 ) );
#8341 = EDGE_CURVE( '', #10467, #10131, #10491, .T. );
#8342 = FILL_AREA_STYLE( '', ( #10492 ) );
#8343 = EDGE_CURVE( '', #10002, #10041, #10493, .T. );
#8344 = FILL_AREA_STYLE( '', ( #10494 ) );
#8345 = EDGE_CURVE( '', #10285, #10305, #10495, .T. );
#8346 = FILL_AREA_STYLE( '', ( #10496 ) );
#8347 = FILL_AREA_STYLE( '', ( #10497 ) );
#8348 = FILL_AREA_STYLE( '', ( #10498 ) );
#8349 = EDGE_CURVE( '', #10272, #10433, #10499, .T. );
#8350 = FILL_AREA_STYLE( '', ( #10500 ) );
#8351 = FILL_AREA_STYLE( '', ( #10501 ) );
#8352 = FILL_AREA_STYLE( '', ( #10502 ) );
#8353 = FILL_AREA_STYLE( '', ( #10503 ) );
#8354 = EDGE_CURVE( '', #9885, #10356, #10504, .T. );
#8355 = FILL_AREA_STYLE( '', ( #10505 ) );
#8356 = FILL_AREA_STYLE( '', ( #10506 ) );
#8357 = FILL_AREA_STYLE( '', ( #10507 ) );
#8358 = EDGE_CURVE( '', #10382, #8802, #10508, .T. );
#8359 = FILL_AREA_STYLE( '', ( #10509 ) );
#8360 = FILL_AREA_STYLE( '', ( #10510 ) );
#8361 = FILL_AREA_STYLE( '', ( #10511 ) );
#8362 = FILL_AREA_STYLE( '', ( #10512 ) );
#8363 = FILL_AREA_STYLE( '', ( #10513 ) );
#8364 = EDGE_CURVE( '', #9179, #10118, #10514, .T. );
#8365 = FILL_AREA_STYLE( '', ( #10515 ) );
#8366 = FILL_AREA_STYLE( '', ( #10516 ) );
#8367 = EDGE_CURVE( '', #9993, #10030, #10517, .T. );
#8368 = FILL_AREA_STYLE( '', ( #10518 ) );
#8369 = EDGE_CURVE( '', #10197, #10404, #10519, .T. );
#8370 = FILL_AREA_STYLE( '', ( #10520 ) );
#8371 = FILL_AREA_STYLE( '', ( #10521 ) );
#8372 = EDGE_CURVE( '', #10255, #9021, #10522, .T. );
#8373 = FILL_AREA_STYLE( '', ( #10523 ) );
#8374 = FILL_AREA_STYLE( '', ( #10524 ) );
#8375 = EDGE_CURVE( '', #9002, #8772, #10525, .T. );
#8376 = FILL_AREA_STYLE( '', ( #10526 ) );
#8377 = FILL_AREA_STYLE( '', ( #10527 ) );
#8378 = FILL_AREA_STYLE( '', ( #10528 ) );
#8379 = FILL_AREA_STYLE( '', ( #10529 ) );
#8380 = FILL_AREA_STYLE( '', ( #10530 ) );
#8381 = EDGE_CURVE( '', #10531, #9560, #10532, .T. );
#8382 = EDGE_CURVE( '', #10109, #10531, #10533, .T. );
#8383 = FILL_AREA_STYLE( '', ( #10534 ) );
#8384 = FILL_AREA_STYLE( '', ( #10535 ) );
#8385 = EDGE_CURVE( '', #9662, #10309, #10536, .T. );
#8386 = FILL_AREA_STYLE( '', ( #10537 ) );
#8387 = EDGE_CURVE( '', #9347, #9544, #10538, .T. );
#8388 = FILL_AREA_STYLE( '', ( #10539 ) );
#8389 = EDGE_CURVE( '', #10403, #10199, #10540, .T. );
#8390 = FILL_AREA_STYLE( '', ( #10541 ) );
#8391 = EDGE_CURVE( '', #9209, #10325, #10542, .T. );
#8392 = FILL_AREA_STYLE( '', ( #10543 ) );
#8393 = FILL_AREA_STYLE( '', ( #10544 ) );
#8394 = EDGE_CURVE( '', #9386, #10545, #10546, .T. );
#8395 = EDGE_CURVE( '', #10545, #10204, #10547, .T. );
#8396 = FILL_AREA_STYLE( '', ( #10548 ) );
#8397 = EDGE_CURVE( '', #8548, #10269, #10549, .T. );
#8398 = FILL_AREA_STYLE( '', ( #10550 ) );
#8399 = EDGE_CURVE( '', #10396, #10180, #10551, .T. );
#8400 = FILL_AREA_STYLE( '', ( #10552 ) );
#8401 = FILL_AREA_STYLE( '', ( #10553 ) );
#8402 = EDGE_CURVE( '', #10418, #9355, #10554, .T. );
#8403 = FILL_AREA_STYLE( '', ( #10555 ) );
#8404 = FILL_AREA_STYLE( '', ( #10556 ) );
#8405 = EDGE_CURVE( '', #8715, #10035, #10557, .T. );
#8406 = FILL_AREA_STYLE( '', ( #10558 ) );
#8407 = FILL_AREA_STYLE( '', ( #10559 ) );
#8408 = FILL_AREA_STYLE( '', ( #10560 ) );
#8409 = EDGE_CURVE( '', #9357, #10545, #10561, .T. );
#8410 = FILL_AREA_STYLE( '', ( #10562 ) );
#8411 = FILL_AREA_STYLE( '', ( #10563 ) );
#8412 = FILL_AREA_STYLE( '', ( #10564 ) );
#8413 = EDGE_CURVE( '', #8721, #10032, #10565, .T. );
#8414 = FILL_AREA_STYLE( '', ( #10566 ) );
#8415 = FILL_AREA_STYLE( '', ( #10567 ) );
#8416 = EDGE_CURVE( '', #9880, #10568, #10569, .T. );
#8417 = EDGE_CURVE( '', #10568, #10570, #10571, .T. );
#8418 = EDGE_CURVE( '', #10570, #9874, #10572, .T. );
#8419 = FILL_AREA_STYLE( '', ( #10573 ) );
#8420 = EDGE_CURVE( '', #10574, #9475, #10575, .T. );
#8421 = EDGE_CURVE( '', #10369, #10574, #10576, .T. );
#8422 = FILL_AREA_STYLE( '', ( #10577 ) );
#8423 = EDGE_CURVE( '', #10011, #10531, #10578, .T. );
#8424 = FILL_AREA_STYLE( '', ( #10579 ) );
#8425 = EDGE_CURVE( '', #9123, #10103, #10580, .T. );
#8426 = FILL_AREA_STYLE( '', ( #10581 ) );
#8427 = FILL_AREA_STYLE( '', ( #10582 ) );
#8428 = EDGE_CURVE( '', #9952, #10570, #10583, .T. );
#8429 = FILL_AREA_STYLE( '', ( #10584 ) );
#8430 = EDGE_CURVE( '', #9201, #10330, #10585, .T. );
#8431 = FILL_AREA_STYLE( '', ( #10586 ) );
#8432 = FILL_AREA_STYLE( '', ( #10587 ) );
#8433 = EDGE_CURVE( '', #9148, #10291, #10588, .T. );
#8434 = EDGE_CURVE( '', #10390, #10075, #10589, .T. );
#8435 = FILL_AREA_STYLE( '', ( #10590 ) );
#8436 = FILL_AREA_STYLE( '', ( #10591 ) );
#8437 = FILL_AREA_STYLE( '', ( #10592 ) );
#8438 = FILL_AREA_STYLE( '', ( #10593 ) );
#8439 = EDGE_CURVE( '', #10086, #9683, #10594, .T. );
#8440 = EDGE_CURVE( '', #9119, #9634, #10595, .T. );
#8441 = EDGE_CURVE( '', #10574, #8672, #10596, .T. );
#8442 = FILL_AREA_STYLE( '', ( #10597 ) );
#8443 = FILL_AREA_STYLE( '', ( #10598 ) );
#8444 = EDGE_CURVE( '', #9950, #10568, #10599, .T. );
#8445 = FILL_AREA_STYLE( '', ( #10600 ) );
#8446 = FILL_AREA_STYLE( '', ( #10601 ) );
#8447 = FILL_AREA_STYLE( '', ( #10602 ) );
#8448 = FILL_AREA_STYLE( '', ( #10603 ) );
#8449 = FILL_AREA_STYLE( '', ( #10604 ) );
#8450 = EDGE_CURVE( '', #10605, #8663, #10606, .T. );
#8451 = EDGE_CURVE( '', #10605, #8592, #10607, .T. );
#8452 = FILL_AREA_STYLE( '', ( #10608 ) );
#8453 = EDGE_CURVE( '', #9679, #10084, #10609, .T. );
#8454 = FILL_AREA_STYLE( '', ( #10610 ) );
#8455 = EDGE_CURVE( '', #8823, #9550, #10611, .T. );
#8456 = EDGE_CURVE( '', #9296, #10605, #10612, .T. );
#8457 = FILL_AREA_STYLE( '', ( #10613 ) );
#8458 = FILL_AREA_STYLE( '', ( #10614 ) );
#8459 = FILL_AREA_STYLE( '', ( #10615 ) );
#8460 = FILL_AREA_STYLE( '', ( #10616 ) );
#8461 = FILL_AREA_STYLE( '', ( #10617 ) );
#8462 = EDGE_CURVE( '', #10332, #10379, #10618, .T. );
#8463 = FILL_AREA_STYLE( '', ( #10619 ) );
#8464 = FILL_AREA_STYLE( '', ( #10620 ) );
#8465 = FILL_AREA_STYLE( '', ( #10621 ) );
#8466 = FILL_AREA_STYLE( '', ( #10622 ) );
#8467 = FILL_AREA_STYLE( '', ( #10623 ) );
#8468 = EDGE_CURVE( '', #10082, #9117, #10624, .T. );
#8469 = FILL_AREA_STYLE( '', ( #10625 ) );
#8470 = FILL_AREA_STYLE( '', ( #10626 ) );
#8471 = FILL_AREA_STYLE( '', ( #10627 ) );
#8472 = FILL_AREA_STYLE_COLOUR( '', #10628 );
#8473 = VERTEX_POINT( '', #10629 );
#8474 = VERTEX_POINT( '', #10630 );
#8475 = LINE( '', #10631, #10632 );
#8476 = VERTEX_POINT( '', #10633 );
#8477 = LINE( '', #10634, #10635 );
#8478 = VERTEX_POINT( '', #10636 );
#8479 = LINE( '', #10637, #10638 );
#8480 = LINE( '', #10639, #10640 );
#8481 = FILL_AREA_STYLE_COLOUR( '', #10641 );
#8482 = VERTEX_POINT( '', #10642 );
#8483 = VERTEX_POINT( '', #10643 );
#8484 = LINE( '', #10644, #10645 );
#8485 = VERTEX_POINT( '', #10646 );
#8486 = LINE( '', #10647, #10648 );
#8487 = VERTEX_POINT( '', #10649 );
#8488 = LINE( '', #10650, #10651 );
#8489 = LINE( '', #10652, #10653 );
#8490 = FILL_AREA_STYLE_COLOUR( '', #10654 );
#8491 = VERTEX_POINT( '', #10655 );
#8492 = VERTEX_POINT( '', #10656 );
#8493 = LINE( '', #10657, #10658 );
#8494 = VERTEX_POINT( '', #10659 );
#8495 = LINE( '', #10660, #10661 );
#8496 = VERTEX_POINT( '', #10662 );
#8497 = LINE( '', #10663, #10664 );
#8498 = LINE( '', #10665, #10666 );
#8499 = FILL_AREA_STYLE_COLOUR( '', #10667 );
#8500 = VERTEX_POINT( '', #10668 );
#8501 = VERTEX_POINT( '', #10669 );
#8502 = LINE( '', #10670, #10671 );
#8503 = VERTEX_POINT( '', #10672 );
#8504 = LINE( '', #10673, #10674 );
#8505 = VERTEX_POINT( '', #10675 );
#8506 = LINE( '', #10676, #10677 );
#8507 = LINE( '', #10678, #10679 );
#8508 = FILL_AREA_STYLE_COLOUR( '', #10680 );
#8509 = VERTEX_POINT( '', #10681 );
#8510 = VERTEX_POINT( '', #10682 );
#8511 = LINE( '', #10683, #10684 );
#8512 = VERTEX_POINT( '', #10685 );
#8513 = LINE( '', #10686, #10687 );
#8514 = VERTEX_POINT( '', #10688 );
#8515 = LINE( '', #10689, #10690 );
#8516 = LINE( '', #10691, #10692 );
#8517 = FILL_AREA_STYLE_COLOUR( '', #10693 );
#8518 = VERTEX_POINT( '', #10694 );
#8519 = VERTEX_POINT( '', #10695 );
#8520 = LINE( '', #10696, #10697 );
#8521 = VERTEX_POINT( '', #10698 );
#8522 = LINE( '', #10699, #10700 );
#8523 = VERTEX_POINT( '', #10701 );
#8524 = LINE( '', #10702, #10703 );
#8525 = LINE( '', #10704, #10705 );
#8526 = FILL_AREA_STYLE_COLOUR( '', #10706 );
#8527 = VERTEX_POINT( '', #10707 );
#8528 = VERTEX_POINT( '', #10708 );
#8529 = LINE( '', #10709, #10710 );
#8530 = VERTEX_POINT( '', #10711 );
#8531 = LINE( '', #10712, #10713 );
#8532 = VERTEX_POINT( '', #10714 );
#8533 = LINE( '', #10715, #10716 );
#8534 = LINE( '', #10717, #10718 );
#8535 = FILL_AREA_STYLE_COLOUR( '', #10719 );
#8536 = VERTEX_POINT( '', #10720 );
#8537 = VERTEX_POINT( '', #10721 );
#8538 = LINE( '', #10722, #10723 );
#8539 = VERTEX_POINT( '', #10724 );
#8540 = LINE( '', #10725, #10726 );
#8541 = VERTEX_POINT( '', #10727 );
#8542 = LINE( '', #10728, #10729 );
#8543 = LINE( '', #10730, #10731 );
#8544 = FILL_AREA_STYLE_COLOUR( '', #10732 );
#8545 = VERTEX_POINT( '', #10733 );
#8546 = VERTEX_POINT( '', #10734 );
#8547 = LINE( '', #10735, #10736 );
#8548 = VERTEX_POINT( '', #10737 );
#8549 = LINE( '', #10738, #10739 );
#8550 = VERTEX_POINT( '', #10740 );
#8551 = LINE( '', #10741, #10742 );
#8552 = LINE( '', #10743, #10744 );
#8553 = FILL_AREA_STYLE_COLOUR( '', #10745 );
#8554 = VERTEX_POINT( '', #10746 );
#8555 = VERTEX_POINT( '', #10747 );
#8556 = LINE( '', #10748, #10749 );
#8557 = VERTEX_POINT( '', #10750 );
#8558 = LINE( '', #10751, #10752 );
#8559 = VERTEX_POINT( '', #10753 );
#8560 = LINE( '', #10754, #10755 );
#8561 = LINE( '', #10756, #10757 );
#8562 = FILL_AREA_STYLE_COLOUR( '', #10758 );
#8563 = VERTEX_POINT( '', #10759 );
#8564 = VERTEX_POINT( '', #10760 );
#8565 = LINE( '', #10761, #10762 );
#8566 = VERTEX_POINT( '', #10763 );
#8567 = LINE( '', #10764, #10765 );
#8568 = VERTEX_POINT( '', #10766 );
#8569 = LINE( '', #10767, #10768 );
#8570 = LINE( '', #10769, #10770 );
#8571 = FILL_AREA_STYLE_COLOUR( '', #10771 );
#8572 = VERTEX_POINT( '', #10772 );
#8573 = VERTEX_POINT( '', #10773 );
#8574 = LINE( '', #10774, #10775 );
#8575 = VERTEX_POINT( '', #10776 );
#8576 = LINE( '', #10777, #10778 );
#8577 = VERTEX_POINT( '', #10779 );
#8578 = LINE( '', #10780, #10781 );
#8579 = LINE( '', #10782, #10783 );
#8580 = FILL_AREA_STYLE_COLOUR( '', #10784 );
#8581 = VERTEX_POINT( '', #10785 );
#8582 = VERTEX_POINT( '', #10786 );
#8583 = LINE( '', #10787, #10788 );
#8584 = VERTEX_POINT( '', #10789 );
#8585 = LINE( '', #10790, #10791 );
#8586 = VERTEX_POINT( '', #10792 );
#8587 = LINE( '', #10793, #10794 );
#8588 = VERTEX_POINT( '', #10795 );
#8589 = LINE( '', #10796, #10797 );
#8590 = VERTEX_POINT( '', #10798 );
#8591 = LINE( '', #10799, #10800 );
#8592 = VERTEX_POINT( '', #10801 );
#8593 = LINE( '', #10802, #10803 );
#8594 = VERTEX_POINT( '', #10804 );
#8595 = LINE( '', #10805, #10806 );
#8596 = VERTEX_POINT( '', #10807 );
#8597 = LINE( '', #10808, #10809 );
#8598 = VERTEX_POINT( '', #10810 );
#8599 = LINE( '', #10811, #10812 );
#8600 = VERTEX_POINT( '', #10813 );
#8601 = LINE( '', #10814, #10815 );
#8602 = VERTEX_POINT( '', #10816 );
#8603 = LINE( '', #10817, #10818 );
#8604 = LINE( '', #10819, #10820 );
#8605 = FILL_AREA_STYLE_COLOUR( '', #10821 );
#8606 = VERTEX_POINT( '', #10822 );
#8607 = VERTEX_POINT( '', #10823 );
#8608 = LINE( '', #10824, #10825 );
#8609 = VERTEX_POINT( '', #10826 );
#8610 = LINE( '', #10827, #10828 );
#8611 = VERTEX_POINT( '', #10829 );
#8612 = LINE( '', #10830, #10831 );
#8613 = VERTEX_POINT( '', #10832 );
#8614 = LINE( '', #10833, #10834 );
#8615 = VERTEX_POINT( '', #10835 );
#8616 = LINE( '', #10836, #10837 );
#8617 = VERTEX_POINT( '', #10838 );
#8618 = LINE( '', #10839, #10840 );
#8619 = VERTEX_POINT( '', #10841 );
#8620 = LINE( '', #10842, #10843 );
#8621 = VERTEX_POINT( '', #10844 );
#8622 = LINE( '', #10845, #10846 );
#8623 = VERTEX_POINT( '', #10847 );
#8624 = LINE( '', #10848, #10849 );
#8625 = LINE( '', #10850, #10851 );
#8626 = FILL_AREA_STYLE_COLOUR( '', #10852 );
#8627 = VERTEX_POINT( '', #10853 );
#8628 = VERTEX_POINT( '', #10854 );
#8629 = LINE( '', #10855, #10856 );
#8630 = VERTEX_POINT( '', #10857 );
#8631 = CIRCLE( '', #10858, 0.0500000000000000 );
#8632 = VERTEX_POINT( '', #10859 );
#8633 = LINE( '', #10860, #10861 );
#8634 = VERTEX_POINT( '', #10862 );
#8635 = LINE( '', #10863, #10864 );
#8636 = VERTEX_POINT( '', #10865 );
#8637 = LINE( '', #10866, #10867 );
#8638 = VERTEX_POINT( '', #10868 );
#8639 = LINE( '', #10869, #10870 );
#8640 = VERTEX_POINT( '', #10871 );
#8641 = LINE( '', #10872, #10873 );
#8642 = VERTEX_POINT( '', #10874 );
#8643 = CIRCLE( '', #10875, 0.0250000000000000 );
#8644 = VERTEX_POINT( '', #10876 );
#8645 = LINE( '', #10877, #10878 );
#8646 = LINE( '', #10879, #10880 );
#8647 = FILL_AREA_STYLE_COLOUR( '', #10881 );
#8648 = VERTEX_POINT( '', #10882 );
#8649 = VERTEX_POINT( '', #10883 );
#8650 = LINE( '', #10884, #10885 );
#8651 = VERTEX_POINT( '', #10886 );
#8652 = LINE( '', #10887, #10888 );
#8653 = VERTEX_POINT( '', #10889 );
#8654 = LINE( '', #10890, #10891 );
#8655 = VERTEX_POINT( '', #10892 );
#8656 = LINE( '', #10893, #10894 );
#8657 = VERTEX_POINT( '', #10895 );
#8658 = LINE( '', #10896, #10897 );
#8659 = LINE( '', #10898, #10899 );
#8660 = FILL_AREA_STYLE_COLOUR( '', #10900 );
#8661 = VERTEX_POINT( '', #10901 );
#8662 = LINE( '', #10902, #10903 );
#8663 = VERTEX_POINT( '', #10904 );
#8664 = LINE( '', #10905, #10906 );
#8665 = LINE( '', #10907, #10908 );
#8666 = FILL_AREA_STYLE_COLOUR( '', #10909 );
#8667 = VERTEX_POINT( '', #10910 );
#8668 = VERTEX_POINT( '', #10911 );
#8669 = LINE( '', #10912, #10913 );
#8670 = VERTEX_POINT( '', #10914 );
#8671 = LINE( '', #10915, #10916 );
#8672 = VERTEX_POINT( '', #10917 );
#8673 = LINE( '', #10918, #10919 );
#8674 = LINE( '', #10920, #10921 );
#8675 = FILL_AREA_STYLE_COLOUR( '', #10922 );
#8676 = VERTEX_POINT( '', #10923 );
#8677 = VERTEX_POINT( '', #10924 );
#8678 = LINE( '', #10925, #10926 );
#8679 = VERTEX_POINT( '', #10927 );
#8680 = LINE( '', #10928, #10929 );
#8681 = VERTEX_POINT( '', #10930 );
#8682 = LINE( '', #10931, #10932 );
#8683 = LINE( '', #10933, #10934 );
#8684 = FILL_AREA_STYLE_COLOUR( '', #10935 );
#8685 = VERTEX_POINT( '', #10936 );
#8686 = VERTEX_POINT( '', #10937 );
#8687 = LINE( '', #10938, #10939 );
#8688 = VERTEX_POINT( '', #10940 );
#8689 = CIRCLE( '', #10941, 0.0500000000000000 );
#8690 = VERTEX_POINT( '', #10942 );
#8691 = LINE( '', #10943, #10944 );
#8692 = VERTEX_POINT( '', #10945 );
#8693 = LINE( '', #10946, #10947 );
#8694 = VERTEX_POINT( '', #10948 );
#8695 = LINE( '', #10949, #10950 );
#8696 = VERTEX_POINT( '', #10951 );
#8697 = LINE( '', #10952, #10953 );
#8698 = VERTEX_POINT( '', #10954 );
#8699 = LINE( '', #10955, #10956 );
#8700 = VERTEX_POINT( '', #10957 );
#8701 = CIRCLE( '', #10958, 0.0250000000000000 );
#8702 = VERTEX_POINT( '', #10959 );
#8703 = LINE( '', #10960, #10961 );
#8704 = LINE( '', #10962, #10963 );
#8705 = FILL_AREA_STYLE_COLOUR( '', #10964 );
#8706 = VERTEX_POINT( '', #10965 );
#8707 = VERTEX_POINT( '', #10966 );
#8708 = LINE( '', #10967, #10968 );
#8709 = VERTEX_POINT( '', #10969 );
#8710 = CIRCLE( '', #10970, 0.0500000000000000 );
#8711 = VERTEX_POINT( '', #10971 );
#8712 = LINE( '', #10972, #10973 );
#8713 = VERTEX_POINT( '', #10974 );
#8714 = LINE( '', #10975, #10976 );
#8715 = VERTEX_POINT( '', #10977 );
#8716 = LINE( '', #10978, #10979 );
#8717 = VERTEX_POINT( '', #10980 );
#8718 = LINE( '', #10981, #10982 );
#8719 = VERTEX_POINT( '', #10983 );
#8720 = LINE( '', #10984, #10985 );
#8721 = VERTEX_POINT( '', #10986 );
#8722 = CIRCLE( '', #10987, 0.0250000000000000 );
#8723 = VERTEX_POINT( '', #10988 );
#8724 = LINE( '', #10989, #10990 );
#8725 = LINE( '', #10991, #10992 );
#8726 = FILL_AREA_STYLE_COLOUR( '', #10993 );
#8727 = VERTEX_POINT( '', #10994 );
#8728 = LINE( '', #10995, #10996 );
#8729 = VERTEX_POINT( '', #10997 );
#8730 = CIRCLE( '', #10998, 0.0500000000000000 );
#8731 = LINE( '', #10999, #11000 );
#8732 = FILL_AREA_STYLE_COLOUR( '', #11001 );
#8733 = VERTEX_POINT( '', #11002 );
#8734 = VERTEX_POINT( '', #11003 );
#8735 = LINE( '', #11004, #11005 );
#8736 = VERTEX_POINT( '', #11006 );
#8737 = LINE( '', #11007, #11008 );
#8738 = VERTEX_POINT( '', #11009 );
#8739 = LINE( '', #11010, #11011 );
#8740 = LINE( '', #11012, #11013 );
#8741 = FILL_AREA_STYLE_COLOUR( '', #11014 );
#8742 = VERTEX_POINT( '', #11015 );
#8743 = VERTEX_POINT( '', #11016 );
#8744 = LINE( '', #11017, #11018 );
#8745 = VERTEX_POINT( '', #11019 );
#8746 = LINE( '', #11020, #11021 );
#8747 = VERTEX_POINT( '', #11022 );
#8748 = LINE( '', #11023, #11024 );
#8749 = LINE( '', #11025, #11026 );
#8750 = FILL_AREA_STYLE_COLOUR( '', #11027 );
#8751 = VERTEX_POINT( '', #11028 );
#8752 = VERTEX_POINT( '', #11029 );
#8753 = LINE( '', #11030, #11031 );
#8754 = VERTEX_POINT( '', #11032 );
#8755 = LINE( '', #11033, #11034 );
#8756 = VERTEX_POINT( '', #11035 );
#8757 = LINE( '', #11036, #11037 );
#8758 = LINE( '', #11038, #11039 );
#8759 = FILL_AREA_STYLE_COLOUR( '', #11040 );
#8760 = VERTEX_POINT( '', #11041 );
#8761 = VERTEX_POINT( '', #11042 );
#8762 = LINE( '', #11043, #11044 );
#8763 = VERTEX_POINT( '', #11045 );
#8764 = LINE( '', #11046, #11047 );
#8765 = VERTEX_POINT( '', #11048 );
#8766 = LINE( '', #11049, #11050 );
#8767 = LINE( '', #11051, #11052 );
#8768 = FILL_AREA_STYLE_COLOUR( '', #11053 );
#8769 = VERTEX_POINT( '', #11054 );
#8770 = VERTEX_POINT( '', #11055 );
#8771 = LINE( '', #11056, #11057 );
#8772 = VERTEX_POINT( '', #11058 );
#8773 = LINE( '', #11059, #11060 );
#8774 = VERTEX_POINT( '', #11061 );
#8775 = LINE( '', #11062, #11063 );
#8776 = VERTEX_POINT( '', #11064 );
#8777 = LINE( '', #11065, #11066 );
#8778 = VERTEX_POINT( '', #11067 );
#8779 = LINE( '', #11068, #11069 );
#8780 = VERTEX_POINT( '', #11070 );
#8781 = LINE( '', #11071, #11072 );
#8782 = VERTEX_POINT( '', #11073 );
#8783 = LINE( '', #11074, #11075 );
#8784 = VERTEX_POINT( '', #11076 );
#8785 = LINE( '', #11077, #11078 );
#8786 = VERTEX_POINT( '', #11079 );
#8787 = LINE( '', #11080, #11081 );
#8788 = LINE( '', #11082, #11083 );
#8789 = FILL_AREA_STYLE_COLOUR( '', #11084 );
#8790 = VERTEX_POINT( '', #11085 );
#8791 = LINE( '', #11086, #11087 );
#8792 = VERTEX_POINT( '', #11088 );
#8793 = LINE( '', #11089, #11090 );
#8794 = VERTEX_POINT( '', #11091 );
#8795 = LINE( '', #11092, #11093 );
#8796 = VERTEX_POINT( '', #11094 );
#8797 = LINE( '', #11095, #11096 );
#8798 = VERTEX_POINT( '', #11097 );
#8799 = LINE( '', #11098, #11099 );
#8800 = VERTEX_POINT( '', #11100 );
#8801 = LINE( '', #11101, #11102 );
#8802 = VERTEX_POINT( '', #11103 );
#8803 = LINE( '', #11104, #11105 );
#8804 = VERTEX_POINT( '', #11106 );
#8805 = LINE( '', #11107, #11108 );
#8806 = VERTEX_POINT( '', #11109 );
#8807 = LINE( '', #11110, #11111 );
#8808 = VERTEX_POINT( '', #11112 );
#8809 = LINE( '', #11113, #11114 );
#8810 = LINE( '', #11115, #11116 );
#8811 = FILL_AREA_STYLE_COLOUR( '', #11117 );
#8812 = VERTEX_POINT( '', #11118 );
#8813 = VERTEX_POINT( '', #11119 );
#8814 = CIRCLE( '', #11120, 0.0500000000000000 );
#8815 = VERTEX_POINT( '', #11121 );
#8816 = LINE( '', #11122, #11123 );
#8817 = VERTEX_POINT( '', #11124 );
#8818 = CIRCLE( '', #11125, 0.0500000000000000 );
#8819 = LINE( '', #11126, #11127 );
#8820 = FILL_AREA_STYLE_COLOUR( '', #11128 );
#8821 = VERTEX_POINT( '', #11129 );
#8822 = LINE( '', #11130, #11131 );
#8823 = VERTEX_POINT( '', #11132 );
#8824 = LINE( '', #11133, #11134 );
#8825 = LINE( '', #11135, #11136 );
#8826 = FILL_AREA_STYLE_COLOUR( '', #11137 );
#8827 = VERTEX_POINT( '', #11138 );
#8828 = LINE( '', #11139, #11140 );
#8829 = VERTEX_POINT( '', #11141 );
#8830 = LINE( '', #11142, #11143 );
#8831 = LINE( '', #11144, #11145 );
#8832 = FILL_AREA_STYLE_COLOUR( '', #11146 );
#8833 = VERTEX_POINT( '', #11147 );
#8834 = VERTEX_POINT( '', #11148 );
#8835 = LINE( '', #11149, #11150 );
#8836 = VERTEX_POINT( '', #11151 );
#8837 = LINE( '', #11152, #11153 );
#8838 = VERTEX_POINT( '', #11154 );
#8839 = LINE( '', #11155, #11156 );
#8840 = LINE( '', #11157, #11158 );
#8841 = FILL_AREA_STYLE_COLOUR( '', #11159 );
#8842 = VERTEX_POINT( '', #11160 );
#8843 = VERTEX_POINT( '', #11161 );
#8844 = LINE( '', #11162, #11163 );
#8845 = VERTEX_POINT( '', #11164 );
#8846 = LINE( '', #11165, #11166 );
#8847 = VERTEX_POINT( '', #11167 );
#8848 = LINE( '', #11168, #11169 );
#8849 = LINE( '', #11170, #11171 );
#8850 = FILL_AREA_STYLE_COLOUR( '', #11172 );
#8851 = VERTEX_POINT( '', #11173 );
#8852 = VERTEX_POINT( '', #11174 );
#8853 = LINE( '', #11175, #11176 );
#8854 = VERTEX_POINT( '', #11177 );
#8855 = CIRCLE( '', #11178, 0.0250000000000000 );
#8856 = VERTEX_POINT( '', #11179 );
#8857 = LINE( '', #11180, #11181 );
#8858 = CIRCLE( '', #11182, 0.0250000000000000 );
#8859 = FILL_AREA_STYLE_COLOUR( '', #11183 );
#8860 = VERTEX_POINT( '', #11184 );
#8861 = VERTEX_POINT( '', #11185 );
#8862 = LINE( '', #11186, #11187 );
#8863 = VERTEX_POINT( '', #11188 );
#8864 = LINE( '', #11189, #11190 );
#8865 = VERTEX_POINT( '', #11191 );
#8866 = LINE( '', #11192, #11193 );
#8867 = LINE( '', #11194, #11195 );
#8868 = FILL_AREA_STYLE_COLOUR( '', #11196 );
#8869 = VERTEX_POINT( '', #11197 );
#8870 = VERTEX_POINT( '', #11198 );
#8871 = LINE( '', #11199, #11200 );
#8872 = VERTEX_POINT( '', #11201 );
#8873 = LINE( '', #11202, #11203 );
#8874 = LINE( '', #11204, #11205 );
#8875 = VERTEX_POINT( '', #11206 );
#8876 = LINE( '', #11207, #11208 );
#8877 = VERTEX_POINT( '', #11209 );
#8878 = LINE( '', #11210, #11211 );
#8879 = VERTEX_POINT( '', #11212 );
#8880 = LINE( '', #11213, #11214 );
#8881 = VERTEX_POINT( '', #11215 );
#8882 = LINE( '', #11216, #11217 );
#8883 = VERTEX_POINT( '', #11218 );
#8884 = LINE( '', #11219, #11220 );
#8885 = VERTEX_POINT( '', #11221 );
#8886 = LINE( '', #11222, #11223 );
#8887 = VERTEX_POINT( '', #11224 );
#8888 = LINE( '', #11225, #11226 );
#8889 = LINE( '', #11227, #11228 );
#8890 = VERTEX_POINT( '', #11229 );
#8891 = LINE( '', #11230, #11231 );
#8892 = VERTEX_POINT( '', #11232 );
#8893 = LINE( '', #11233, #11234 );
#8894 = VERTEX_POINT( '', #11235 );
#8895 = LINE( '', #11236, #11237 );
#8896 = VERTEX_POINT( '', #11238 );
#8897 = LINE( '', #11239, #11240 );
#8898 = VERTEX_POINT( '', #11241 );
#8899 = LINE( '', #11242, #11243 );
#8900 = VERTEX_POINT( '', #11244 );
#8901 = LINE( '', #11245, #11246 );
#8902 = VERTEX_POINT( '', #11247 );
#8903 = LINE( '', #11248, #11249 );
#8904 = VERTEX_POINT( '', #11250 );
#8905 = LINE( '', #11251, #11252 );
#8906 = VERTEX_POINT( '', #11253 );
#8907 = LINE( '', #11254, #11255 );
#8908 = VERTEX_POINT( '', #11256 );
#8909 = LINE( '', #11257, #11258 );
#8910 = VERTEX_POINT( '', #11259 );
#8911 = LINE( '', #11260, #11261 );
#8912 = LINE( '', #11262, #11263 );
#8913 = VERTEX_POINT( '', #11264 );
#8914 = LINE( '', #11265, #11266 );
#8915 = VERTEX_POINT( '', #11267 );
#8916 = LINE( '', #11268, #11269 );
#8917 = VERTEX_POINT( '', #11270 );
#8918 = LINE( '', #11271, #11272 );
#8919 = VERTEX_POINT( '', #11273 );
#8920 = LINE( '', #11274, #11275 );
#8921 = VERTEX_POINT( '', #11276 );
#8922 = LINE( '', #11277, #11278 );
#8923 = VERTEX_POINT( '', #11279 );
#8924 = LINE( '', #11280, #11281 );
#8925 = VERTEX_POINT( '', #11282 );
#8926 = LINE( '', #11283, #11284 );
#8927 = VERTEX_POINT( '', #11285 );
#8928 = LINE( '', #11286, #11287 );
#8929 = VERTEX_POINT( '', #11288 );
#8930 = LINE( '', #11289, #11290 );
#8931 = VERTEX_POINT( '', #11291 );
#8932 = LINE( '', #11292, #11293 );
#8933 = LINE( '', #11294, #11295 );
#8934 = VERTEX_POINT( '', #11296 );
#8935 = LINE( '', #11297, #11298 );
#8936 = LINE( '', #11299, #11300 );
#8937 = LINE( '', #11301, #11302 );
#8938 = FILL_AREA_STYLE_COLOUR( '', #11303 );
#8939 = LINE( '', #11304, #11305 );
#8940 = LINE( '', #11306, #11307 );
#8941 = FILL_AREA_STYLE_COLOUR( '', #11308 );
#8942 = VERTEX_POINT( '', #11309 );
#8943 = VERTEX_POINT( '', #11310 );
#8944 = LINE( '', #11311, #11312 );
#8945 = VERTEX_POINT( '', #11313 );
#8946 = LINE( '', #11314, #11315 );
#8947 = VERTEX_POINT( '', #11316 );
#8948 = LINE( '', #11317, #11318 );
#8949 = VERTEX_POINT( '', #11319 );
#8950 = LINE( '', #11320, #11321 );
#8951 = VERTEX_POINT( '', #11322 );
#8952 = LINE( '', #11323, #11324 );
#8953 = VERTEX_POINT( '', #11325 );
#8954 = LINE( '', #11326, #11327 );
#8955 = VERTEX_POINT( '', #11328 );
#8956 = LINE( '', #11329, #11330 );
#8957 = VERTEX_POINT( '', #11331 );
#8958 = LINE( '', #11332, #11333 );
#8959 = VERTEX_POINT( '', #11334 );
#8960 = LINE( '', #11335, #11336 );
#8961 = VERTEX_POINT( '', #11337 );
#8962 = LINE( '', #11338, #11339 );
#8963 = VERTEX_POINT( '', #11340 );
#8964 = LINE( '', #11341, #11342 );
#8965 = LINE( '', #11343, #11344 );
#8966 = FILL_AREA_STYLE_COLOUR( '', #11345 );
#8967 = LINE( '', #11346, #11347 );
#8968 = LINE( '', #11348, #11349 );
#8969 = FILL_AREA_STYLE_COLOUR( '', #11350 );
#8970 = VERTEX_POINT( '', #11351 );
#8971 = VERTEX_POINT( '', #11352 );
#8972 = LINE( '', #11353, #11354 );
#8973 = VERTEX_POINT( '', #11355 );
#8974 = LINE( '', #11356, #11357 );
#8975 = VERTEX_POINT( '', #11358 );
#8976 = LINE( '', #11359, #11360 );
#8977 = LINE( '', #11361, #11362 );
#8978 = FILL_AREA_STYLE_COLOUR( '', #11363 );
#8979 = VERTEX_POINT( '', #11364 );
#8980 = LINE( '', #11365, #11366 );
#8981 = VERTEX_POINT( '', #11367 );
#8982 = LINE( '', #11368, #11369 );
#8983 = LINE( '', #11370, #11371 );
#8984 = FILL_AREA_STYLE_COLOUR( '', #11372 );
#8985 = VERTEX_POINT( '', #11373 );
#8986 = VERTEX_POINT( '', #11374 );
#8987 = LINE( '', #11375, #11376 );
#8988 = VERTEX_POINT( '', #11377 );
#8989 = LINE( '', #11378, #11379 );
#8990 = VERTEX_POINT( '', #11380 );
#8991 = LINE( '', #11381, #11382 );
#8992 = VERTEX_POINT( '', #11383 );
#8993 = LINE( '', #11384, #11385 );
#8994 = VERTEX_POINT( '', #11386 );
#8995 = LINE( '', #11387, #11388 );
#8996 = VERTEX_POINT( '', #11389 );
#8997 = LINE( '', #11390, #11391 );
#8998 = VERTEX_POINT( '', #11392 );
#8999 = LINE( '', #11393, #11394 );
#9000 = VERTEX_POINT( '', #11395 );
#9001 = LINE( '', #11396, #11397 );
#9002 = VERTEX_POINT( '', #11398 );
#9003 = LINE( '', #11399, #11400 );
#9004 = LINE( '', #11401, #11402 );
#9005 = FILL_AREA_STYLE_COLOUR( '', #11403 );
#9006 = VERTEX_POINT( '', #11404 );
#9007 = LINE( '', #11405, #11406 );
#9008 = VERTEX_POINT( '', #11407 );
#9009 = LINE( '', #11408, #11409 );
#9010 = LINE( '', #11410, #11411 );
#9011 = VERTEX_POINT( '', #11412 );
#9012 = LINE( '', #11413, #11414 );
#9013 = VERTEX_POINT( '', #11415 );
#9014 = LINE( '', #11416, #11417 );
#9015 = VERTEX_POINT( '', #11418 );
#9016 = LINE( '', #11419, #11420 );
#9017 = VERTEX_POINT( '', #11421 );
#9018 = LINE( '', #11422, #11423 );
#9019 = LINE( '', #11424, #11425 );
#9020 = FILL_AREA_STYLE_COLOUR( '', #11426 );
#9021 = VERTEX_POINT( '', #11427 );
#9022 = VERTEX_POINT( '', #11428 );
#9023 = LINE( '', #11429, #11430 );
#9024 = VERTEX_POINT( '', #11431 );
#9025 = LINE( '', #11432, #11433 );
#9026 = VERTEX_POINT( '', #11434 );
#9027 = LINE( '', #11435, #11436 );
#9028 = LINE( '', #11437, #11438 );
#9029 = FILL_AREA_STYLE_COLOUR( '', #11439 );
#9030 = VERTEX_POINT( '', #11440 );
#9031 = LINE( '', #11441, #11442 );
#9032 = VERTEX_POINT( '', #11443 );
#9033 = LINE( '', #11444, #11445 );
#9034 = LINE( '', #11446, #11447 );
#9035 = FILL_AREA_STYLE_COLOUR( '', #11448 );
#9036 = VERTEX_POINT( '', #11449 );
#9037 = LINE( '', #11450, #11451 );
#9038 = VERTEX_POINT( '', #11452 );
#9039 = LINE( '', #11453, #11454 );
#9040 = LINE( '', #11455, #11456 );
#9041 = FILL_AREA_STYLE_COLOUR( '', #11457 );
#9042 = VERTEX_POINT( '', #11458 );
#9043 = VERTEX_POINT( '', #11459 );
#9044 = LINE( '', #11460, #11461 );
#9045 = VERTEX_POINT( '', #11462 );
#9046 = LINE( '', #11463, #11464 );
#9047 = VERTEX_POINT( '', #11465 );
#9048 = LINE( '', #11466, #11467 );
#9049 = LINE( '', #11468, #11469 );
#9050 = FILL_AREA_STYLE_COLOUR( '', #11470 );
#9051 = VERTEX_POINT( '', #11471 );
#9052 = CIRCLE( '', #11472, 0.0500000000000000 );
#9053 = VERTEX_POINT( '', #11473 );
#9054 = LINE( '', #11474, #11475 );
#9055 = VERTEX_POINT( '', #11476 );
#9056 = LINE( '', #11477, #11478 );
#9057 = VERTEX_POINT( '', #11479 );
#9058 = LINE( '', #11480, #11481 );
#9059 = VERTEX_POINT( '', #11482 );
#9060 = LINE( '', #11483, #11484 );
#9061 = VERTEX_POINT( '', #11485 );
#9062 = LINE( '', #11486, #11487 );
#9063 = VERTEX_POINT( '', #11488 );
#9064 = CIRCLE( '', #11489, 0.0250000000000000 );
#9065 = VERTEX_POINT( '', #11490 );
#9066 = LINE( '', #11491, #11492 );
#9067 = LINE( '', #11493, #11494 );
#9068 = FILL_AREA_STYLE_COLOUR( '', #11495 );
#9069 = VERTEX_POINT( '', #11496 );
#9070 = VERTEX_POINT( '', #11497 );
#9071 = LINE( '', #11498, #11499 );
#9072 = VERTEX_POINT( '', #11500 );
#9073 = LINE( '', #11501, #11502 );
#9074 = VERTEX_POINT( '', #11503 );
#9075 = LINE( '', #11504, #11505 );
#9076 = LINE( '', #11506, #11507 );
#9077 = FILL_AREA_STYLE_COLOUR( '', #11508 );
#9078 = VERTEX_POINT( '', #11509 );
#9079 = VERTEX_POINT( '', #11510 );
#9080 = LINE( '', #11511, #11512 );
#9081 = VERTEX_POINT( '', #11513 );
#9082 = LINE( '', #11514, #11515 );
#9083 = VERTEX_POINT( '', #11516 );
#9084 = LINE( '', #11517, #11518 );
#9085 = LINE( '', #11519, #11520 );
#9086 = FILL_AREA_STYLE_COLOUR( '', #11521 );
#9087 = VERTEX_POINT( '', #11522 );
#9088 = VERTEX_POINT( '', #11523 );
#9089 = LINE( '', #11524, #11525 );
#9090 = VERTEX_POINT( '', #11526 );
#9091 = LINE( '', #11527, #11528 );
#9092 = VERTEX_POINT( '', #11529 );
#9093 = LINE( '', #11530, #11531 );
#9094 = LINE( '', #11532, #11533 );
#9095 = FILL_AREA_STYLE_COLOUR( '', #11534 );
#9096 = VERTEX_POINT( '', #11535 );
#9097 = LINE( '', #11536, #11537 );
#9098 = VERTEX_POINT( '', #11538 );
#9099 = LINE( '', #11539, #11540 );
#9100 = LINE( '', #11541, #11542 );
#9101 = FILL_AREA_STYLE_COLOUR( '', #11543 );
#9102 = VERTEX_POINT( '', #11544 );
#9103 = VERTEX_POINT( '', #11545 );
#9104 = LINE( '', #11546, #11547 );
#9105 = VERTEX_POINT( '', #11548 );
#9106 = LINE( '', #11549, #11550 );
#9107 = VERTEX_POINT( '', #11551 );
#9108 = LINE( '', #11552, #11553 );
#9109 = LINE( '', #11554, #11555 );
#9110 = FILL_AREA_STYLE_COLOUR( '', #11556 );
#9111 = LINE( '', #11557, #11558 );
#9112 = LINE( '', #11559, #11560 );
#9113 = FILL_AREA_STYLE_COLOUR( '', #11561 );
#9114 = VERTEX_POINT( '', #11562 );
#9115 = VERTEX_POINT( '', #11563 );
#9116 = LINE( '', #11564, #11565 );
#9117 = VERTEX_POINT( '', #11566 );
#9118 = CIRCLE( '', #11567, 0.0250000000000000 );
#9119 = VERTEX_POINT( '', #11568 );
#9120 = LINE( '', #11569, #11570 );
#9121 = CIRCLE( '', #11571, 0.0250000000000000 );
#9122 = FILL_AREA_STYLE_COLOUR( '', #11572 );
#9123 = VERTEX_POINT( '', #11573 );
#9124 = LINE( '', #11574, #11575 );
#9125 = VERTEX_POINT( '', #11576 );
#9126 = LINE( '', #11577, #11578 );
#9127 = LINE( '', #11579, #11580 );
#9128 = FILL_AREA_STYLE_COLOUR( '', #11581 );
#9129 = VERTEX_POINT( '', #11582 );
#9130 = VERTEX_POINT( '', #11583 );
#9131 = LINE( '', #11584, #11585 );
#9132 = VERTEX_POINT( '', #11586 );
#9133 = LINE( '', #11587, #11588 );
#9134 = VERTEX_POINT( '', #11589 );
#9135 = LINE( '', #11590, #11591 );
#9136 = LINE( '', #11592, #11593 );
#9137 = FILL_AREA_STYLE_COLOUR( '', #11594 );
#9138 = VERTEX_POINT( '', #11595 );
#9139 = VERTEX_POINT( '', #11596 );
#9140 = LINE( '', #11597, #11598 );
#9141 = VERTEX_POINT( '', #11599 );
#9142 = LINE( '', #11600, #11601 );
#9143 = VERTEX_POINT( '', #11602 );
#9144 = LINE( '', #11603, #11604 );
#9145 = LINE( '', #11605, #11606 );
#9146 = FILL_AREA_STYLE_COLOUR( '', #11607 );
#9147 = VERTEX_POINT( '', #11608 );
#9148 = VERTEX_POINT( '', #11609 );
#9149 = LINE( '', #11610, #11611 );
#9150 = VERTEX_POINT( '', #11612 );
#9151 = LINE( '', #11613, #11614 );
#9152 = VERTEX_POINT( '', #11615 );
#9153 = LINE( '', #11616, #11617 );
#9154 = LINE( '', #11618, #11619 );
#9155 = FILL_AREA_STYLE_COLOUR( '', #11620 );
#9156 = VERTEX_POINT( '', #11621 );
#9157 = VERTEX_POINT( '', #11622 );
#9158 = LINE( '', #11623, #11624 );
#9159 = VERTEX_POINT( '', #11625 );
#9160 = LINE( '', #11626, #11627 );
#9161 = VERTEX_POINT( '', #11628 );
#9162 = LINE( '', #11629, #11630 );
#9163 = LINE( '', #11631, #11632 );
#9164 = FILL_AREA_STYLE_COLOUR( '', #11633 );
#9165 = VERTEX_POINT( '', #11634 );
#9166 = VERTEX_POINT( '', #11635 );
#9167 = LINE( '', #11636, #11637 );
#9168 = VERTEX_POINT( '', #11638 );
#9169 = LINE( '', #11639, #11640 );
#9170 = VERTEX_POINT( '', #11641 );
#9171 = LINE( '', #11642, #11643 );
#9172 = LINE( '', #11644, #11645 );
#9173 = FILL_AREA_STYLE_COLOUR( '', #11646 );
#9174 = VERTEX_POINT( '', #11647 );
#9175 = CIRCLE( '', #11648, 0.0500000000000000 );
#9176 = LINE( '', #11649, #11650 );
#9177 = FILL_AREA_STYLE_COLOUR( '', #11651 );
#9178 = VERTEX_POINT( '', #11652 );
#9179 = VERTEX_POINT( '', #11653 );
#9180 = LINE( '', #11654, #11655 );
#9181 = VERTEX_POINT( '', #11656 );
#9182 = LINE( '', #11657, #11658 );
#9183 = LINE( '', #11659, #11660 );
#9184 = VERTEX_POINT( '', #11661 );
#9185 = LINE( '', #11662, #11663 );
#9186 = VERTEX_POINT( '', #11664 );
#9187 = LINE( '', #11665, #11666 );
#9188 = VERTEX_POINT( '', #11667 );
#9189 = LINE( '', #11668, #11669 );
#9190 = LINE( '', #11670, #11671 );
#9191 = LINE( '', #11672, #11673 );
#9192 = FILL_AREA_STYLE_COLOUR( '', #11674 );
#9193 = VERTEX_POINT( '', #11675 );
#9194 = LINE( '', #11676, #11677 );
#9195 = VERTEX_POINT( '', #11678 );
#9196 = LINE( '', #11679, #11680 );
#9197 = LINE( '', #11681, #11682 );
#9198 = FILL_AREA_STYLE_COLOUR( '', #11683 );
#9199 = VERTEX_POINT( '', #11684 );
#9200 = LINE( '', #11685, #11686 );
#9201 = VERTEX_POINT( '', #11687 );
#9202 = LINE( '', #11688, #11689 );
#9203 = VERTEX_POINT( '', #11690 );
#9204 = LINE( '', #11691, #11692 );
#9205 = VERTEX_POINT( '', #11693 );
#9206 = LINE( '', #11694, #11695 );
#9207 = VERTEX_POINT( '', #11696 );
#9208 = LINE( '', #11697, #11698 );
#9209 = VERTEX_POINT( '', #11699 );
#9210 = LINE( '', #11700, #11701 );
#9211 = VERTEX_POINT( '', #11702 );
#9212 = LINE( '', #11703, #11704 );
#9213 = VERTEX_POINT( '', #11705 );
#9214 = LINE( '', #11706, #11707 );
#9215 = VERTEX_POINT( '', #11708 );
#9216 = LINE( '', #11709, #11710 );
#9217 = VERTEX_POINT( '', #11711 );
#9218 = LINE( '', #11712, #11713 );
#9219 = LINE( '', #11714, #11715 );
#9220 = FILL_AREA_STYLE_COLOUR( '', #11716 );
#9221 = VERTEX_POINT( '', #11717 );
#9222 = LINE( '', #11718, #11719 );
#9223 = VERTEX_POINT( '', #11720 );
#9224 = LINE( '', #11721, #11722 );
#9225 = LINE( '', #11723, #11724 );
#9226 = FILL_AREA_STYLE_COLOUR( '', #11725 );
#9227 = VERTEX_POINT( '', #11726 );
#9228 = VERTEX_POINT( '', #11727 );
#9229 = LINE( '', #11728, #11729 );
#9230 = VERTEX_POINT( '', #11730 );
#9231 = LINE( '', #11731, #11732 );
#9232 = VERTEX_POINT( '', #11733 );
#9233 = LINE( '', #11734, #11735 );
#9234 = LINE( '', #11736, #11737 );
#9235 = FILL_AREA_STYLE_COLOUR( '', #11738 );
#9236 = VERTEX_POINT( '', #11739 );
#9237 = VERTEX_POINT( '', #11740 );
#9238 = LINE( '', #11741, #11742 );
#9239 = VERTEX_POINT( '', #11743 );
#9240 = LINE( '', #11744, #11745 );
#9241 = VERTEX_POINT( '', #11746 );
#9242 = LINE( '', #11747, #11748 );
#9243 = LINE( '', #11749, #11750 );
#9244 = FILL_AREA_STYLE_COLOUR( '', #11751 );
#9245 = VERTEX_POINT( '', #11752 );
#9246 = VERTEX_POINT( '', #11753 );
#9247 = LINE( '', #11754, #11755 );
#9248 = VERTEX_POINT( '', #11756 );
#9249 = LINE( '', #11757, #11758 );
#9250 = VERTEX_POINT( '', #11759 );
#9251 = LINE( '', #11760, #11761 );
#9252 = LINE( '', #11762, #11763 );
#9253 = FILL_AREA_STYLE_COLOUR( '', #11764 );
#9254 = VERTEX_POINT( '', #11765 );
#9255 = VERTEX_POINT( '', #11766 );
#9256 = LINE( '', #11767, #11768 );
#9257 = VERTEX_POINT( '', #11769 );
#9258 = LINE( '', #11770, #11771 );
#9259 = VERTEX_POINT( '', #11772 );
#9260 = LINE( '', #11773, #11774 );
#9261 = LINE( '', #11775, #11776 );
#9262 = FILL_AREA_STYLE_COLOUR( '', #11777 );
#9263 = LINE( '', #11778, #11779 );
#9264 = LINE( '', #11780, #11781 );
#9265 = FILL_AREA_STYLE_COLOUR( '', #11782 );
#9266 = VERTEX_POINT( '', #11783 );
#9267 = LINE( '', #11784, #11785 );
#9268 = VERTEX_POINT( '', #11786 );
#9269 = LINE( '', #11787, #11788 );
#9270 = CIRCLE( '', #11789, 0.0250000000000000 );
#9271 = VERTEX_POINT( '', #11790 );
#9272 = LINE( '', #11791, #11792 );
#9273 = VERTEX_POINT( '', #11793 );
#9274 = LINE( '', #11794, #11795 );
#9275 = VERTEX_POINT( '', #11796 );
#9276 = LINE( '', #11797, #11798 );
#9277 = VERTEX_POINT( '', #11799 );
#9278 = LINE( '', #11800, #11801 );
#9279 = CIRCLE( '', #11802, 0.0500000000000000 );
#9280 = FILL_AREA_STYLE_COLOUR( '', #11803 );
#9281 = VERTEX_POINT( '', #11804 );
#9282 = LINE( '', #11805, #11806 );
#9283 = VERTEX_POINT( '', #11807 );
#9284 = LINE( '', #11808, #11809 );
#9285 = LINE( '', #11810, #11811 );
#9286 = FILL_AREA_STYLE_COLOUR( '', #11812 );
#9287 = VERTEX_POINT( '', #11813 );
#9288 = VERTEX_POINT( '', #11814 );
#9289 = LINE( '', #11815, #11816 );
#9290 = VERTEX_POINT( '', #11817 );
#9291 = LINE( '', #11818, #11819 );
#9292 = VERTEX_POINT( '', #11820 );
#9293 = LINE( '', #11821, #11822 );
#9294 = LINE( '', #11823, #11824 );
#9295 = FILL_AREA_STYLE_COLOUR( '', #11825 );
#9296 = VERTEX_POINT( '', #11826 );
#9297 = LINE( '', #11827, #11828 );
#9298 = VERTEX_POINT( '', #11829 );
#9299 = LINE( '', #11830, #11831 );
#9300 = LINE( '', #11832, #11833 );
#9301 = FILL_AREA_STYLE_COLOUR( '', #11834 );
#9302 = VERTEX_POINT( '', #11835 );
#9303 = VERTEX_POINT( '', #11836 );
#9304 = LINE( '', #11837, #11838 );
#9305 = VERTEX_POINT( '', #11839 );
#9306 = LINE( '', #11840, #11841 );
#9307 = VERTEX_POINT( '', #11842 );
#9308 = LINE( '', #11843, #11844 );
#9309 = LINE( '', #11845, #11846 );
#9310 = FILL_AREA_STYLE_COLOUR( '', #11847 );
#9311 = VERTEX_POINT( '', #11848 );
#9312 = LINE( '', #11849, #11850 );
#9313 = VERTEX_POINT( '', #11851 );
#9314 = LINE( '', #11852, #11853 );
#9315 = VERTEX_POINT( '', #11854 );
#9316 = LINE( '', #11855, #11856 );
#9317 = LINE( '', #11857, #11858 );
#9318 = FILL_AREA_STYLE_COLOUR( '', #11859 );
#9319 = VERTEX_POINT( '', #11860 );
#9320 = LINE( '', #11861, #11862 );
#9321 = VERTEX_POINT( '', #11863 );
#9322 = LINE( '', #11864, #11865 );
#9323 = LINE( '', #11866, #11867 );
#9324 = FILL_AREA_STYLE_COLOUR( '', #11868 );
#9325 = VERTEX_POINT( '', #11869 );
#9326 = VERTEX_POINT( '', #11870 );
#9327 = LINE( '', #11871, #11872 );
#9328 = VERTEX_POINT( '', #11873 );
#9329 = LINE( '', #11874, #11875 );
#9330 = VERTEX_POINT( '', #11876 );
#9331 = LINE( '', #11877, #11878 );
#9332 = VERTEX_POINT( '', #11879 );
#9333 = CIRCLE( '', #11880, 0.0250000000000000 );
#9334 = VERTEX_POINT( '', #11881 );
#9335 = LINE( '', #11882, #11883 );
#9336 = VERTEX_POINT( '', #11884 );
#9337 = LINE( '', #11885, #11886 );
#9338 = VERTEX_POINT( '', #11887 );
#9339 = LINE( '', #11888, #11889 );
#9340 = VERTEX_POINT( '', #11890 );
#9341 = LINE( '', #11891, #11892 );
#9342 = VERTEX_POINT( '', #11893 );
#9343 = LINE( '', #11894, #11895 );
#9344 = CIRCLE( '', #11896, 0.0500000000000000 );
#9345 = FILL_AREA_STYLE_COLOUR( '', #11897 );
#9346 = VERTEX_POINT( '', #11898 );
#9347 = VERTEX_POINT( '', #11899 );
#9348 = LINE( '', #11900, #11901 );
#9349 = LINE( '', #11902, #11903 );
#9350 = LINE( '', #11904, #11905 );
#9351 = FILL_AREA_STYLE_COLOUR( '', #11906 );
#9352 = VERTEX_POINT( '', #11907 );
#9353 = VERTEX_POINT( '', #11908 );
#9354 = LINE( '', #11909, #11910 );
#9355 = VERTEX_POINT( '', #11911 );
#9356 = LINE( '', #11912, #11913 );
#9357 = VERTEX_POINT( '', #11914 );
#9358 = LINE( '', #11915, #11916 );
#9359 = LINE( '', #11917, #11918 );
#9360 = FILL_AREA_STYLE_COLOUR( '', #11919 );
#9361 = VERTEX_POINT( '', #11920 );
#9362 = LINE( '', #11921, #11922 );
#9363 = VERTEX_POINT( '', #11923 );
#9364 = LINE( '', #11924, #11925 );
#9365 = LINE( '', #11926, #11927 );
#9366 = FILL_AREA_STYLE_COLOUR( '', #11928 );
#9367 = LINE( '', #11929, #11930 );
#9368 = LINE( '', #11931, #11932 );
#9369 = FILL_AREA_STYLE_COLOUR( '', #11933 );
#9370 = VERTEX_POINT( '', #11934 );
#9371 = VERTEX_POINT( '', #11935 );
#9372 = LINE( '', #11936, #11937 );
#9373 = VERTEX_POINT( '', #11938 );
#9374 = CIRCLE( '', #11939, 0.0500000000000000 );
#9375 = VERTEX_POINT( '', #11940 );
#9376 = LINE( '', #11941, #11942 );
#9377 = LINE( '', #11943, #11944 );
#9378 = LINE( '', #11945, #11946 );
#9379 = VERTEX_POINT( '', #11947 );
#9380 = CIRCLE( '', #11948, 0.0250000000000000 );
#9381 = VERTEX_POINT( '', #11949 );
#9382 = LINE( '', #11950, #11951 );
#9383 = LINE( '', #11952, #11953 );
#9384 = FILL_AREA_STYLE_COLOUR( '', #11954 );
#9385 = VERTEX_POINT( '', #11955 );
#9386 = VERTEX_POINT( '', #11956 );
#9387 = LINE( '', #11957, #11958 );
#9388 = VERTEX_POINT( '', #11959 );
#9389 = LINE( '', #11960, #11961 );
#9390 = VERTEX_POINT( '', #11962 );
#9391 = LINE( '', #11963, #11964 );
#9392 = VERTEX_POINT( '', #11965 );
#9393 = LINE( '', #11966, #11967 );
#9394 = VERTEX_POINT( '', #11968 );
#9395 = LINE( '', #11969, #11970 );
#9396 = VERTEX_POINT( '', #11971 );
#9397 = LINE( '', #11972, #11973 );
#9398 = VERTEX_POINT( '', #11974 );
#9399 = LINE( '', #11975, #11976 );
#9400 = LINE( '', #11977, #11978 );
#9401 = LINE( '', #11979, #11980 );
#9402 = FILL_AREA_STYLE_COLOUR( '', #11981 );
#9403 = VERTEX_POINT( '', #11982 );
#9404 = LINE( '', #11983, #11984 );
#9405 = VERTEX_POINT( '', #11985 );
#9406 = LINE( '', #11986, #11987 );
#9407 = LINE( '', #11988, #11989 );
#9408 = FILL_AREA_STYLE_COLOUR( '', #11990 );
#9409 = VERTEX_POINT( '', #11991 );
#9410 = VERTEX_POINT( '', #11992 );
#9411 = LINE( '', #11993, #11994 );
#9412 = VERTEX_POINT( '', #11995 );
#9413 = CIRCLE( '', #11996, 0.0250000000000000 );
#9414 = VERTEX_POINT( '', #11997 );
#9415 = LINE( '', #11998, #11999 );
#9416 = CIRCLE( '', #12000, 0.0250000000000000 );
#9417 = FILL_AREA_STYLE_COLOUR( '', #12001 );
#9418 = VERTEX_POINT( '', #12002 );
#9419 = LINE( '', #12003, #12004 );
#9420 = VERTEX_POINT( '', #12005 );
#9421 = LINE( '', #12006, #12007 );
#9422 = LINE( '', #12008, #12009 );
#9423 = FILL_AREA_STYLE_COLOUR( '', #12010 );
#9424 = VERTEX_POINT( '', #12011 );
#9425 = LINE( '', #12012, #12013 );
#9426 = VERTEX_POINT( '', #12014 );
#9427 = LINE( '', #12015, #12016 );
#9428 = LINE( '', #12017, #12018 );
#9429 = FILL_AREA_STYLE_COLOUR( '', #12019 );
#9430 = VERTEX_POINT( '', #12020 );
#9431 = LINE( '', #12021, #12022 );
#9432 = VERTEX_POINT( '', #12023 );
#9433 = LINE( '', #12024, #12025 );
#9434 = LINE( '', #12026, #12027 );
#9435 = FILL_AREA_STYLE_COLOUR( '', #12028 );
#9436 = VERTEX_POINT( '', #12029 );
#9437 = LINE( '', #12030, #12031 );
#9438 = LINE( '', #12032, #12033 );
#9439 = FILL_AREA_STYLE_COLOUR( '', #12034 );
#9440 = LINE( '', #12035, #12036 );
#9441 = LINE( '', #12037, #12038 );
#9442 = FILL_AREA_STYLE_COLOUR( '', #12039 );
#9443 = VERTEX_POINT( '', #12040 );
#9444 = LINE( '', #12041, #12042 );
#9445 = LINE( '', #12043, #12044 );
#9446 = FILL_AREA_STYLE_COLOUR( '', #12045 );
#9447 = VERTEX_POINT( '', #12046 );
#9448 = VERTEX_POINT( '', #12047 );
#9449 = LINE( '', #12048, #12049 );
#9450 = LINE( '', #12050, #12051 );
#9451 = LINE( '', #12052, #12053 );
#9452 = FILL_AREA_STYLE_COLOUR( '', #12054 );
#9453 = VERTEX_POINT( '', #12055 );
#9454 = LINE( '', #12056, #12057 );
#9455 = VERTEX_POINT( '', #12058 );
#9456 = LINE( '', #12059, #12060 );
#9457 = LINE( '', #12061, #12062 );
#9458 = FILL_AREA_STYLE_COLOUR( '', #12063 );
#9459 = VERTEX_POINT( '', #12064 );
#9460 = LINE( '', #12065, #12066 );
#9461 = LINE( '', #12067, #12068 );
#9462 = FILL_AREA_STYLE_COLOUR( '', #12069 );
#9463 = VERTEX_POINT( '', #12070 );
#9464 = LINE( '', #12071, #12072 );
#9465 = VERTEX_POINT( '', #12073 );
#9466 = LINE( '', #12074, #12075 );
#9467 = LINE( '', #12076, #12077 );
#9468 = FILL_AREA_STYLE_COLOUR( '', #12078 );
#9469 = VERTEX_POINT( '', #12079 );
#9470 = LINE( '', #12080, #12081 );
#9471 = VERTEX_POINT( '', #12082 );
#9472 = LINE( '', #12083, #12084 );
#9473 = LINE( '', #12085, #12086 );
#9474 = FILL_AREA_STYLE_COLOUR( '', #12087 );
#9475 = VERTEX_POINT( '', #12088 );
#9476 = LINE( '', #12089, #12090 );
#9477 = VERTEX_POINT( '', #12091 );
#9478 = LINE( '', #12092, #12093 );
#9479 = VERTEX_POINT( '', #12094 );
#9480 = LINE( '', #12095, #12096 );
#9481 = VERTEX_POINT( '', #12097 );
#9482 = LINE( '', #12098, #12099 );
#9483 = LINE( '', #12100, #12101 );
#9484 = VERTEX_POINT( '', #12102 );
#9485 = LINE( '', #12103, #12104 );
#9486 = VERTEX_POINT( '', #12105 );
#9487 = LINE( '', #12106, #12107 );
#9488 = LINE( '', #12108, #12109 );
#9489 = FILL_AREA_STYLE_COLOUR( '', #12110 );
#9490 = LINE( '', #12111, #12112 );
#9491 = LINE( '', #12113, #12114 );
#9492 = FILL_AREA_STYLE_COLOUR( '', #12115 );
#9493 = VERTEX_POINT( '', #12116 );
#9494 = VERTEX_POINT( '', #12117 );
#9495 = LINE( '', #12118, #12119 );
#9496 = VERTEX_POINT( '', #12120 );
#9497 = LINE( '', #12121, #12122 );
#9498 = VERTEX_POINT( '', #12123 );
#9499 = LINE( '', #12124, #12125 );
#9500 = LINE( '', #12126, #12127 );
#9501 = FILL_AREA_STYLE_COLOUR( '', #12128 );
#9502 = VERTEX_POINT( '', #12129 );
#9503 = VERTEX_POINT( '', #12130 );
#9504 = LINE( '', #12131, #12132 );
#9505 = VERTEX_POINT( '', #12133 );
#9506 = LINE( '', #12134, #12135 );
#9507 = VERTEX_POINT( '', #12136 );
#9508 = LINE( '', #12137, #12138 );
#9509 = LINE( '', #12139, #12140 );
#9510 = FILL_AREA_STYLE_COLOUR( '', #12141 );
#9511 = VERTEX_POINT( '', #12142 );
#9512 = LINE( '', #12143, #12144 );
#9513 = LINE( '', #12145, #12146 );
#9514 = FILL_AREA_STYLE_COLOUR( '', #12147 );
#9515 = VERTEX_POINT( '', #12148 );
#9516 = LINE( '', #12149, #12150 );
#9517 = VERTEX_POINT( '', #12151 );
#9518 = LINE( '', #12152, #12153 );
#9519 = LINE( '', #12154, #12155 );
#9520 = FILL_AREA_STYLE_COLOUR( '', #12156 );
#9521 = VERTEX_POINT( '', #12157 );
#9522 = VERTEX_POINT( '', #12158 );
#9523 = LINE( '', #12159, #12160 );
#9524 = VERTEX_POINT( '', #12161 );
#9525 = LINE( '', #12162, #12163 );
#9526 = VERTEX_POINT( '', #12164 );
#9527 = LINE( '', #12165, #12166 );
#9528 = LINE( '', #12167, #12168 );
#9529 = FILL_AREA_STYLE_COLOUR( '', #12169 );
#9530 = VERTEX_POINT( '', #12170 );
#9531 = LINE( '', #12171, #12172 );
#9532 = LINE( '', #12173, #12174 );
#9533 = FILL_AREA_STYLE_COLOUR( '', #12175 );
#9534 = VERTEX_POINT( '', #12176 );
#9535 = LINE( '', #12177, #12178 );
#9536 = VERTEX_POINT( '', #12179 );
#9537 = LINE( '', #12180, #12181 );
#9538 = LINE( '', #12182, #12183 );
#9539 = FILL_AREA_STYLE_COLOUR( '', #12184 );
#9540 = VERTEX_POINT( '', #12185 );
#9541 = LINE( '', #12186, #12187 );
#9542 = LINE( '', #12188, #12189 );
#9543 = FILL_AREA_STYLE_COLOUR( '', #12190 );
#9544 = VERTEX_POINT( '', #12191 );
#9545 = LINE( '', #12192, #12193 );
#9546 = LINE( '', #12194, #12195 );
#9547 = FILL_AREA_STYLE_COLOUR( '', #12196 );
#9548 = VERTEX_POINT( '', #12197 );
#9549 = LINE( '', #12198, #12199 );
#9550 = VERTEX_POINT( '', #12200 );
#9551 = LINE( '', #12201, #12202 );
#9552 = LINE( '', #12203, #12204 );
#9553 = FILL_AREA_STYLE_COLOUR( '', #12205 );
#9554 = VERTEX_POINT( '', #12206 );
#9555 = LINE( '', #12207, #12208 );
#9556 = VERTEX_POINT( '', #12209 );
#9557 = LINE( '', #12210, #12211 );
#9558 = LINE( '', #12212, #12213 );
#9559 = FILL_AREA_STYLE_COLOUR( '', #12214 );
#9560 = VERTEX_POINT( '', #12215 );
#9561 = VERTEX_POINT( '', #12216 );
#9562 = LINE( '', #12217, #12218 );
#9563 = VERTEX_POINT( '', #12219 );
#9564 = LINE( '', #12220, #12221 );
#9565 = VERTEX_POINT( '', #12222 );
#9566 = LINE( '', #12223, #12224 );
#9567 = LINE( '', #12225, #12226 );
#9568 = FILL_AREA_STYLE_COLOUR( '', #12227 );
#9569 = VERTEX_POINT( '', #12228 );
#9570 = CIRCLE( '', #12229, 0.0500000000000000 );
#9571 = VERTEX_POINT( '', #12230 );
#9572 = LINE( '', #12231, #12232 );
#9573 = CIRCLE( '', #12233, 0.0500000000000000 );
#9574 = FILL_AREA_STYLE_COLOUR( '', #12234 );
#9575 = VERTEX_POINT( '', #12235 );
#9576 = VERTEX_POINT( '', #12236 );
#9577 = LINE( '', #12237, #12238 );
#9578 = LINE( '', #12239, #12240 );
#9579 = LINE( '', #12241, #12242 );
#9580 = FILL_AREA_STYLE_COLOUR( '', #12243 );
#9581 = LINE( '', #12244, #12245 );
#9582 = LINE( '', #12246, #12247 );
#9583 = FILL_AREA_STYLE_COLOUR( '', #12248 );
#9584 = VERTEX_POINT( '', #12249 );
#9585 = LINE( '', #12250, #12251 );
#9586 = LINE( '', #12252, #12253 );
#9587 = FILL_AREA_STYLE_COLOUR( '', #12254 );
#9588 = VERTEX_POINT( '', #12255 );
#9589 = LINE( '', #12256, #12257 );
#9590 = VERTEX_POINT( '', #12258 );
#9591 = LINE( '', #12259, #12260 );
#9592 = LINE( '', #12261, #12262 );
#9593 = FILL_AREA_STYLE_COLOUR( '', #12263 );
#9594 = VERTEX_POINT( '', #12264 );
#9595 = VERTEX_POINT( '', #12265 );
#9596 = LINE( '', #12266, #12267 );
#9597 = VERTEX_POINT( '', #12268 );
#9598 = LINE( '', #12269, #12270 );
#9599 = VERTEX_POINT( '', #12271 );
#9600 = LINE( '', #12272, #12273 );
#9601 = LINE( '', #12274, #12275 );
#9602 = FILL_AREA_STYLE_COLOUR( '', #12276 );
#9603 = VERTEX_POINT( '', #12277 );
#9604 = LINE( '', #12278, #12279 );
#9605 = VERTEX_POINT( '', #12280 );
#9606 = LINE( '', #12281, #12282 );
#9607 = LINE( '', #12283, #12284 );
#9608 = FILL_AREA_STYLE_COLOUR( '', #12285 );
#9609 = VERTEX_POINT( '', #12286 );
#9610 = LINE( '', #12287, #12288 );
#9611 = VERTEX_POINT( '', #12289 );
#9612 = LINE( '', #12290, #12291 );
#9613 = VERTEX_POINT( '', #12292 );
#9614 = LINE( '', #12293, #12294 );
#9615 = VERTEX_POINT( '', #12295 );
#9616 = LINE( '', #12296, #12297 );
#9617 = LINE( '', #12298, #12299 );
#9618 = FILL_AREA_STYLE_COLOUR( '', #12300 );
#9619 = VERTEX_POINT( '', #12301 );
#9620 = LINE( '', #12302, #12303 );
#9621 = VERTEX_POINT( '', #12304 );
#9622 = LINE( '', #12305, #12306 );
#9623 = LINE( '', #12307, #12308 );
#9624 = FILL_AREA_STYLE_COLOUR( '', #12309 );
#9625 = VERTEX_POINT( '', #12310 );
#9626 = VERTEX_POINT( '', #12311 );
#9627 = LINE( '', #12312, #12313 );
#9628 = VERTEX_POINT( '', #12314 );
#9629 = LINE( '', #12315, #12316 );
#9630 = VERTEX_POINT( '', #12317 );
#9631 = LINE( '', #12318, #12319 );
#9632 = LINE( '', #12320, #12321 );
#9633 = FILL_AREA_STYLE_COLOUR( '', #12322 );
#9634 = VERTEX_POINT( '', #12323 );
#9635 = LINE( '', #12324, #12325 );
#9636 = LINE( '', #12326, #12327 );
#9637 = FILL_AREA_STYLE_COLOUR( '', #12328 );
#9638 = VERTEX_POINT( '', #12329 );
#9639 = VERTEX_POINT( '', #12330 );
#9640 = LINE( '', #12331, #12332 );
#9641 = VERTEX_POINT( '', #12333 );
#9642 = LINE( '', #12334, #12335 );
#9643 = VERTEX_POINT( '', #12336 );
#9644 = LINE( '', #12337, #12338 );
#9645 = LINE( '', #12339, #12340 );
#9646 = FILL_AREA_STYLE_COLOUR( '', #12341 );
#9647 = VERTEX_POINT( '', #12342 );
#9648 = VERTEX_POINT( '', #12343 );
#9649 = LINE( '', #12344, #12345 );
#9650 = LINE( '', #12346, #12347 );
#9651 = LINE( '', #12348, #12349 );
#9652 = FILL_AREA_STYLE_COLOUR( '', #12350 );
#9653 = VERTEX_POINT( '', #12351 );
#9654 = CIRCLE( '', #12352, 0.0500000000000000 );
#9655 = VERTEX_POINT( '', #12353 );
#9656 = LINE( '', #12354, #12355 );
#9657 = LINE( '', #12356, #12357 );
#9658 = VERTEX_POINT( '', #12358 );
#9659 = LINE( '', #12359, #12360 );
#9660 = VERTEX_POINT( '', #12361 );
#9661 = LINE( '', #12362, #12363 );
#9662 = VERTEX_POINT( '', #12364 );
#9663 = CIRCLE( '', #12365, 0.0250000000000000 );
#9664 = VERTEX_POINT( '', #12366 );
#9665 = LINE( '', #12367, #12368 );
#9666 = LINE( '', #12369, #12370 );
#9667 = FILL_AREA_STYLE_COLOUR( '', #12371 );
#9668 = VERTEX_POINT( '', #12372 );
#9669 = LINE( '', #12373, #12374 );
#9670 = LINE( '', #12375, #12376 );
#9671 = FILL_AREA_STYLE_COLOUR( '', #12377 );
#9672 = VERTEX_POINT( '', #12378 );
#9673 = LINE( '', #12379, #12380 );
#9674 = VERTEX_POINT( '', #12381 );
#9675 = LINE( '', #12382, #12383 );
#9676 = LINE( '', #12384, #12385 );
#9677 = FILL_AREA_STYLE_COLOUR( '', #12386 );
#9678 = VERTEX_POINT( '', #12387 );
#9679 = VERTEX_POINT( '', #12388 );
#9680 = CIRCLE( '', #12389, 0.0500000000000000 );
#9681 = VERTEX_POINT( '', #12390 );
#9682 = LINE( '', #12391, #12392 );
#9683 = VERTEX_POINT( '', #12393 );
#9684 = CIRCLE( '', #12394, 0.0500000000000000 );
#9685 = LINE( '', #12395, #12396 );
#9686 = FILL_AREA_STYLE_COLOUR( '', #12397 );
#9687 = VERTEX_POINT( '', #12398 );
#9688 = VERTEX_POINT( '', #12399 );
#9689 = LINE( '', #12400, #12401 );
#9690 = VERTEX_POINT( '', #12402 );
#9691 = LINE( '', #12403, #12404 );
#9692 = VERTEX_POINT( '', #12405 );
#9693 = LINE( '', #12406, #12407 );
#9694 = VERTEX_POINT( '', #12408 );
#9695 = LINE( '', #12409, #12410 );
#9696 = VERTEX_POINT( '', #12411 );
#9697 = LINE( '', #12412, #12413 );
#9698 = VERTEX_POINT( '', #12414 );
#9699 = LINE( '', #12415, #12416 );
#9700 = LINE( '', #12417, #12418 );
#9701 = VERTEX_POINT( '', #12419 );
#9702 = LINE( '', #12420, #12421 );
#9703 = VERTEX_POINT( '', #12422 );
#9704 = LINE( '', #12423, #12424 );
#9705 = VERTEX_POINT( '', #12425 );
#9706 = LINE( '', #12426, #12427 );
#9707 = LINE( '', #12428, #12429 );
#9708 = VERTEX_POINT( '', #12430 );
#9709 = LINE( '', #12431, #12432 );
#9710 = VERTEX_POINT( '', #12433 );
#9711 = LINE( '', #12434, #12435 );
#9712 = VERTEX_POINT( '', #12436 );
#9713 = LINE( '', #12437, #12438 );
#9714 = VERTEX_POINT( '', #12439 );
#9715 = LINE( '', #12440, #12441 );
#9716 = VERTEX_POINT( '', #12442 );
#9717 = LINE( '', #12443, #12444 );
#9718 = LINE( '', #12445, #12446 );
#9719 = LINE( '', #12447, #12448 );
#9720 = VERTEX_POINT( '', #12449 );
#9721 = LINE( '', #12450, #12451 );
#9722 = VERTEX_POINT( '', #12452 );
#9723 = LINE( '', #12453, #12454 );
#9724 = LINE( '', #12455, #12456 );
#9725 = FILL_AREA_STYLE_COLOUR( '', #12457 );
#9726 = LINE( '', #12458, #12459 );
#9727 = FILL_AREA_STYLE_COLOUR( '', #12460 );
#9728 = VERTEX_POINT( '', #12461 );
#9729 = LINE( '', #12462, #12463 );
#9730 = VERTEX_POINT( '', #12464 );
#9731 = LINE( '', #12465, #12466 );
#9732 = LINE( '', #12467, #12468 );
#9733 = FILL_AREA_STYLE_COLOUR( '', #12469 );
#9734 = VERTEX_POINT( '', #12470 );
#9735 = LINE( '', #12471, #12472 );
#9736 = LINE( '', #12473, #12474 );
#9737 = FILL_AREA_STYLE_COLOUR( '', #12475 );
#9738 = VERTEX_POINT( '', #12476 );
#9739 = LINE( '', #12477, #12478 );
#9740 = VERTEX_POINT( '', #12479 );
#9741 = LINE( '', #12480, #12481 );
#9742 = LINE( '', #12482, #12483 );
#9743 = FILL_AREA_STYLE_COLOUR( '', #12484 );
#9744 = VERTEX_POINT( '', #12485 );
#9745 = LINE( '', #12486, #12487 );
#9746 = VERTEX_POINT( '', #12488 );
#9747 = LINE( '', #12489, #12490 );
#9748 = LINE( '', #12491, #12492 );
#9749 = FILL_AREA_STYLE_COLOUR( '', #12493 );
#9750 = VERTEX_POINT( '', #12494 );
#9751 = CIRCLE( '', #12495, 0.0500000000000000 );
#9752 = VERTEX_POINT( '', #12496 );
#9753 = CIRCLE( '', #12497, 0.0500000000000000 );
#9754 = LINE( '', #12498, #12499 );
#9755 = FILL_AREA_STYLE_COLOUR( '', #12500 );
#9756 = VERTEX_POINT( '', #12501 );
#9757 = LINE( '', #12502, #12503 );
#9758 = LINE( '', #12504, #12505 );
#9759 = FILL_AREA_STYLE_COLOUR( '', #12506 );
#9760 = LINE( '', #12507, #12508 );
#9761 = LINE( '', #12509, #12510 );
#9762 = FILL_AREA_STYLE_COLOUR( '', #12511 );
#9763 = VERTEX_POINT( '', #12512 );
#9764 = CIRCLE( '', #12513, 0.0500000000000000 );
#9765 = LINE( '', #12514, #12515 );
#9766 = FILL_AREA_STYLE_COLOUR( '', #12516 );
#9767 = VERTEX_POINT( '', #12517 );
#9768 = VERTEX_POINT( '', #12518 );
#9769 = LINE( '', #12519, #12520 );
#9770 = VERTEX_POINT( '', #12521 );
#9771 = LINE( '', #12522, #12523 );
#9772 = VERTEX_POINT( '', #12524 );
#9773 = LINE( '', #12525, #12526 );
#9774 = LINE( '', #12527, #12528 );
#9775 = FILL_AREA_STYLE_COLOUR( '', #12529 );
#9776 = VERTEX_POINT( '', #12530 );
#9777 = VERTEX_POINT( '', #12531 );
#9778 = LINE( '', #12532, #12533 );
#9779 = VERTEX_POINT( '', #12534 );
#9780 = LINE( '', #12535, #12536 );
#9781 = VERTEX_POINT( '', #12537 );
#9782 = LINE( '', #12538, #12539 );
#9783 = LINE( '', #12540, #12541 );
#9784 = FILL_AREA_STYLE_COLOUR( '', #12542 );
#9785 = CIRCLE( '', #12543, 0.0500000000000000 );
#9786 = LINE( '', #12544, #12545 );
#9787 = LINE( '', #12546, #12547 );
#9788 = LINE( '', #12548, #12549 );
#9789 = FILL_AREA_STYLE_COLOUR( '', #12550 );
#9790 = VERTEX_POINT( '', #12551 );
#9791 = VERTEX_POINT( '', #12552 );
#9792 = LINE( '', #12553, #12554 );
#9793 = VERTEX_POINT( '', #12555 );
#9794 = LINE( '', #12556, #12557 );
#9795 = VERTEX_POINT( '', #12558 );
#9796 = LINE( '', #12559, #12560 );
#9797 = LINE( '', #12561, #12562 );
#9798 = FILL_AREA_STYLE_COLOUR( '', #12563 );
#9799 = VERTEX_POINT( '', #12564 );
#9800 = LINE( '', #12565, #12566 );
#9801 = VERTEX_POINT( '', #12567 );
#9802 = LINE( '', #12568, #12569 );
#9803 = LINE( '', #12570, #12571 );
#9804 = FILL_AREA_STYLE_COLOUR( '', #12572 );
#9805 = VERTEX_POINT( '', #12573 );
#9806 = VERTEX_POINT( '', #12574 );
#9807 = LINE( '', #12575, #12576 );
#9808 = VERTEX_POINT( '', #12577 );
#9809 = LINE( '', #12578, #12579 );
#9810 = VERTEX_POINT( '', #12580 );
#9811 = LINE( '', #12581, #12582 );
#9812 = LINE( '', #12583, #12584 );
#9813 = FILL_AREA_STYLE_COLOUR( '', #12585 );
#9814 = VERTEX_POINT( '', #12586 );
#9815 = LINE( '', #12587, #12588 );
#9816 = VERTEX_POINT( '', #12589 );
#9817 = LINE( '', #12590, #12591 );
#9818 = LINE( '', #12592, #12593 );
#9819 = FILL_AREA_STYLE_COLOUR( '', #12594 );
#9820 = VERTEX_POINT( '', #12595 );
#9821 = LINE( '', #12596, #12597 );
#9822 = VERTEX_POINT( '', #12598 );
#9823 = LINE( '', #12599, #12600 );
#9824 = LINE( '', #12601, #12602 );
#9825 = FILL_AREA_STYLE_COLOUR( '', #12603 );
#9826 = VERTEX_POINT( '', #12604 );
#9827 = LINE( '', #12605, #12606 );
#9828 = VERTEX_POINT( '', #12607 );
#9829 = LINE( '', #12608, #12609 );
#9830 = LINE( '', #12610, #12611 );
#9831 = FILL_AREA_STYLE_COLOUR( '', #12612 );
#9832 = VERTEX_POINT( '', #12613 );
#9833 = LINE( '', #12614, #12615 );
#9834 = VERTEX_POINT( '', #12616 );
#9835 = LINE( '', #12617, #12618 );
#9836 = LINE( '', #12619, #12620 );
#9837 = FILL_AREA_STYLE_COLOUR( '', #12621 );
#9838 = VERTEX_POINT( '', #12622 );
#9839 = LINE( '', #12623, #12624 );
#9840 = LINE( '', #12625, #12626 );
#9841 = VERTEX_POINT( '', #12627 );
#9842 = LINE( '', #12628, #12629 );
#9843 = LINE( '', #12630, #12631 );
#9844 = VERTEX_POINT( '', #12632 );
#9845 = LINE( '', #12633, #12634 );
#9846 = LINE( '', #12635, #12636 );
#9847 = LINE( '', #12637, #12638 );
#9848 = VERTEX_POINT( '', #12639 );
#9849 = LINE( '', #12640, #12641 );
#9850 = VERTEX_POINT( '', #12642 );
#9851 = LINE( '', #12643, #12644 );
#9852 = LINE( '', #12645, #12646 );
#9853 = LINE( '', #12647, #12648 );
#9854 = LINE( '', #12649, #12650 );
#9855 = LINE( '', #12651, #12652 );
#9856 = VERTEX_POINT( '', #12653 );
#9857 = LINE( '', #12654, #12655 );
#9858 = LINE( '', #12656, #12657 );
#9859 = LINE( '', #12658, #12659 );
#9860 = LINE( '', #12660, #12661 );
#9861 = VERTEX_POINT( '', #12662 );
#9862 = LINE( '', #12663, #12664 );
#9863 = VERTEX_POINT( '', #12665 );
#9864 = LINE( '', #12666, #12667 );
#9865 = LINE( '', #12668, #12669 );
#9866 = VERTEX_POINT( '', #12670 );
#9867 = LINE( '', #12671, #12672 );
#9868 = VERTEX_POINT( '', #12673 );
#9869 = LINE( '', #12674, #12675 );
#9870 = VERTEX_POINT( '', #12676 );
#9871 = LINE( '', #12677, #12678 );
#9872 = LINE( '', #12679, #12680 );
#9873 = LINE( '', #12681, #12682 );
#9874 = VERTEX_POINT( '', #12683 );
#9875 = LINE( '', #12684, #12685 );
#9876 = VERTEX_POINT( '', #12686 );
#9877 = LINE( '', #12687, #12688 );
#9878 = VERTEX_POINT( '', #12689 );
#9879 = LINE( '', #12690, #12691 );
#9880 = VERTEX_POINT( '', #12692 );
#9881 = LINE( '', #12693, #12694 );
#9882 = VERTEX_POINT( '', #12695 );
#9883 = LINE( '', #12696, #12697 );
#9884 = LINE( '', #12698, #12699 );
#9885 = VERTEX_POINT( '', #12700 );
#9886 = LINE( '', #12701, #12702 );
#9887 = LINE( '', #12703, #12704 );
#9888 = VERTEX_POINT( '', #12705 );
#9889 = LINE( '', #12706, #12707 );
#9890 = LINE( '', #12708, #12709 );
#9891 = FILL_AREA_STYLE_COLOUR( '', #12710 );
#9892 = VERTEX_POINT( '', #12711 );
#9893 = LINE( '', #12712, #12713 );
#9894 = LINE( '', #12714, #12715 );
#9895 = FILL_AREA_STYLE_COLOUR( '', #12716 );
#9896 = VERTEX_POINT( '', #12717 );
#9897 = LINE( '', #12718, #12719 );
#9898 = VERTEX_POINT( '', #12720 );
#9899 = LINE( '', #12721, #12722 );
#9900 = LINE( '', #12723, #12724 );
#9901 = FILL_AREA_STYLE_COLOUR( '', #12725 );
#9902 = VERTEX_POINT( '', #12726 );
#9903 = VERTEX_POINT( '', #12727 );
#9904 = LINE( '', #12728, #12729 );
#9905 = VERTEX_POINT( '', #12730 );
#9906 = LINE( '', #12731, #12732 );
#9907 = VERTEX_POINT( '', #12733 );
#9908 = LINE( '', #12734, #12735 );
#9909 = LINE( '', #12736, #12737 );
#9910 = FILL_AREA_STYLE_COLOUR( '', #12738 );
#9911 = VERTEX_POINT( '', #12739 );
#9912 = LINE( '', #12740, #12741 );
#9913 = VERTEX_POINT( '', #12742 );
#9914 = LINE( '', #12743, #12744 );
#9915 = LINE( '', #12745, #12746 );
#9916 = FILL_AREA_STYLE_COLOUR( '', #12747 );
#9917 = LINE( '', #12748, #12749 );
#9918 = LINE( '', #12750, #12751 );
#9919 = FILL_AREA_STYLE_COLOUR( '', #12752 );
#9920 = VERTEX_POINT( '', #12753 );
#9921 = LINE( '', #12754, #12755 );
#9922 = LINE( '', #12756, #12757 );
#9923 = FILL_AREA_STYLE_COLOUR( '', #12758 );
#9924 = LINE( '', #12759, #12760 );
#9925 = LINE( '', #12761, #12762 );
#9926 = FILL_AREA_STYLE_COLOUR( '', #12763 );
#9927 = VERTEX_POINT( '', #12764 );
#9928 = VERTEX_POINT( '', #12765 );
#9929 = LINE( '', #12766, #12767 );
#9930 = LINE( '', #12768, #12769 );
#9931 = LINE( '', #12770, #12771 );
#9932 = FILL_AREA_STYLE_COLOUR( '', #12772 );
#9933 = VERTEX_POINT( '', #12773 );
#9934 = VERTEX_POINT( '', #12774 );
#9935 = LINE( '', #12775, #12776 );
#9936 = VERTEX_POINT( '', #12777 );
#9937 = LINE( '', #12778, #12779 );
#9938 = VERTEX_POINT( '', #12780 );
#9939 = LINE( '', #12781, #12782 );
#9940 = LINE( '', #12783, #12784 );
#9941 = FILL_AREA_STYLE_COLOUR( '', #12785 );
#9942 = FILL_AREA_STYLE_COLOUR( '', #12786 );
#9943 = LINE( '', #12787, #12788 );
#9944 = FILL_AREA_STYLE_COLOUR( '', #12789 );
#9945 = LINE( '', #12790, #12791 );
#9946 = FILL_AREA_STYLE_COLOUR( '', #12792 );
#9947 = LINE( '', #12793, #12794 );
#9948 = FILL_AREA_STYLE_COLOUR( '', #12795 );
#9949 = FILL_AREA_STYLE_COLOUR( '', #12796 );
#9950 = VERTEX_POINT( '', #12797 );
#9951 = LINE( '', #12798, #12799 );
#9952 = VERTEX_POINT( '', #12800 );
#9953 = LINE( '', #12801, #12802 );
#9954 = LINE( '', #12803, #12804 );
#9955 = FILL_AREA_STYLE_COLOUR( '', #12805 );
#9956 = VERTEX_POINT( '', #12806 );
#9957 = LINE( '', #12807, #12808 );
#9958 = LINE( '', #12809, #12810 );
#9959 = FILL_AREA_STYLE_COLOUR( '', #12811 );
#9960 = VERTEX_POINT( '', #12812 );
#9961 = LINE( '', #12813, #12814 );
#9962 = VERTEX_POINT( '', #12815 );
#9963 = LINE( '', #12816, #12817 );
#9964 = VERTEX_POINT( '', #12818 );
#9965 = LINE( '', #12819, #12820 );
#9966 = CIRCLE( '', #12821, 0.0250000000000000 );
#9967 = VERTEX_POINT( '', #12822 );
#9968 = LINE( '', #12823, #12824 );
#9969 = LINE( '', #12825, #12826 );
#9970 = FILL_AREA_STYLE_COLOUR( '', #12827 );
#9971 = LINE( '', #12828, #12829 );
#9972 = LINE( '', #12830, #12831 );
#9973 = FILL_AREA_STYLE_COLOUR( '', #12832 );
#9974 = VERTEX_POINT( '', #12833 );
#9975 = LINE( '', #12834, #12835 );
#9976 = LINE( '', #12836, #12837 );
#9977 = LINE( '', #12838, #12839 );
#9978 = FILL_AREA_STYLE_COLOUR( '', #12840 );
#9979 = LINE( '', #12841, #12842 );
#9980 = LINE( '', #12843, #12844 );
#9981 = FILL_AREA_STYLE_COLOUR( '', #12845 );
#9982 = LINE( '', #12846, #12847 );
#9983 = LINE( '', #12848, #12849 );
#9984 = LINE( '', #12850, #12851 );
#9985 = CIRCLE( '', #12852, 0.0500000000000000 );
#9986 = FILL_AREA_STYLE_COLOUR( '', #12853 );
#9987 = VERTEX_POINT( '', #12854 );
#9988 = LINE( '', #12855, #12856 );
#9989 = LINE( '', #12857, #12858 );
#9990 = FILL_AREA_STYLE_COLOUR( '', #12859 );
#9991 = VERTEX_POINT( '', #12860 );
#9992 = LINE( '', #12861, #12862 );
#9993 = VERTEX_POINT( '', #12863 );
#9994 = LINE( '', #12864, #12865 );
#9995 = LINE( '', #12866, #12867 );
#9996 = VERTEX_POINT( '', #12868 );
#9997 = LINE( '', #12869, #12870 );
#9998 = LINE( '', #12871, #12872 );
#9999 = LINE( '', #12873, #12874 );
#10000 = LINE( '', #12875, #12876 );
#10001 = FILL_AREA_STYLE_COLOUR( '', #12877 );
#10002 = VERTEX_POINT( '', #12878 );
#10003 = LINE( '', #12879, #12880 );
#10004 = LINE( '', #12881, #12882 );
#10005 = LINE( '', #12883, #12884 );
#10006 = FILL_AREA_STYLE_COLOUR( '', #12885 );
#10007 = LINE( '', #12886, #12887 );
#10008 = LINE( '', #12888, #12889 );
#10009 = FILL_AREA_STYLE_COLOUR( '', #12890 );
#10010 = VERTEX_POINT( '', #12891 );
#10011 = VERTEX_POINT( '', #12892 );
#10012 = LINE( '', #12893, #12894 );
#10013 = VERTEX_POINT( '', #12895 );
#10014 = LINE( '', #12896, #12897 );
#10015 = VERTEX_POINT( '', #12898 );
#10016 = LINE( '', #12899, #12900 );
#10017 = LINE( '', #12901, #12902 );
#10018 = FILL_AREA_STYLE_COLOUR( '', #12903 );
#10019 = LINE( '', #12904, #12905 );
#10020 = FILL_AREA_STYLE_COLOUR( '', #12906 );
#10021 = VERTEX_POINT( '', #12907 );
#10022 = LINE( '', #12908, #12909 );
#10023 = VERTEX_POINT( '', #12910 );
#10024 = LINE( '', #12911, #12912 );
#10025 = LINE( '', #12913, #12914 );
#10026 = FILL_AREA_STYLE_COLOUR( '', #12915 );
#10027 = LINE( '', #12916, #12917 );
#10028 = LINE( '', #12918, #12919 );
#10029 = FILL_AREA_STYLE_COLOUR( '', #12920 );
#10030 = VERTEX_POINT( '', #12921 );
#10031 = LINE( '', #12922, #12923 );
#10032 = VERTEX_POINT( '', #12924 );
#10033 = LINE( '', #12925, #12926 );
#10034 = CIRCLE( '', #12927, 0.0250000000000000 );
#10035 = VERTEX_POINT( '', #12928 );
#10036 = LINE( '', #12929, #12930 );
#10037 = VERTEX_POINT( '', #12931 );
#10038 = LINE( '', #12932, #12933 );
#10039 = LINE( '', #12934, #12935 );
#10040 = LINE( '', #12936, #12937 );
#10041 = VERTEX_POINT( '', #12938 );
#10042 = LINE( '', #12939, #12940 );
#10043 = LINE( '', #12941, #12942 );
#10044 = LINE( '', #12943, #12944 );
#10045 = LINE( '', #12945, #12946 );
#10046 = VERTEX_POINT( '', #12947 );
#10047 = LINE( '', #12948, #12949 );
#10048 = LINE( '', #12950, #12951 );
#10049 = FILL_AREA_STYLE_COLOUR( '', #12952 );
#10050 = LINE( '', #12953, #12954 );
#10051 = FILL_AREA_STYLE_COLOUR( '', #12955 );
#10052 = VERTEX_POINT( '', #12956 );
#10053 = LINE( '', #12957, #12958 );
#10054 = VERTEX_POINT( '', #12959 );
#10055 = LINE( '', #12960, #12961 );
#10056 = LINE( '', #12962, #12963 );
#10057 = FILL_AREA_STYLE_COLOUR( '', #12964 );
#10058 = VERTEX_POINT( '', #12965 );
#10059 = LINE( '', #12966, #12967 );
#10060 = VERTEX_POINT( '', #12968 );
#10061 = LINE( '', #12969, #12970 );
#10062 = LINE( '', #12971, #12972 );
#10063 = FILL_AREA_STYLE_COLOUR( '', #12973 );
#10064 = VERTEX_POINT( '', #12974 );
#10065 = LINE( '', #12975, #12976 );
#10066 = CIRCLE( '', #12977, 0.0250000000000000 );
#10067 = FILL_AREA_STYLE_COLOUR( '', #12978 );
#10068 = LINE( '', #12979, #12980 );
#10069 = VERTEX_POINT( '', #12981 );
#10070 = LINE( '', #12982, #12983 );
#10071 = LINE( '', #12984, #12985 );
#10072 = LINE( '', #12986, #12987 );
#10073 = VERTEX_POINT( '', #12988 );
#10074 = LINE( '', #12989, #12990 );
#10075 = VERTEX_POINT( '', #12991 );
#10076 = LINE( '', #12992, #12993 );
#10077 = VERTEX_POINT( '', #12994 );
#10078 = LINE( '', #12995, #12996 );
#10079 = LINE( '', #12997, #12998 );
#10080 = LINE( '', #12999, #13000 );
#10081 = LINE( '', #13001, #13002 );
#10082 = VERTEX_POINT( '', #13003 );
#10083 = LINE( '', #13004, #13005 );
#10084 = VERTEX_POINT( '', #13006 );
#10085 = LINE( '', #13007, #13008 );
#10086 = VERTEX_POINT( '', #13009 );
#10087 = LINE( '', #13010, #13011 );
#10088 = VERTEX_POINT( '', #13012 );
#10089 = LINE( '', #13013, #13014 );
#10090 = LINE( '', #13015, #13016 );
#10091 = LINE( '', #13017, #13018 );
#10092 = LINE( '', #13019, #13020 );
#10093 = LINE( '', #13021, #13022 );
#10094 = FILL_AREA_STYLE_COLOUR( '', #13023 );
#10095 = VERTEX_POINT( '', #13024 );
#10096 = LINE( '', #13025, #13026 );
#10097 = LINE( '', #13027, #13028 );
#10098 = FILL_AREA_STYLE_COLOUR( '', #13029 );
#10099 = VERTEX_POINT( '', #13030 );
#10100 = LINE( '', #13031, #13032 );
#10101 = LINE( '', #13033, #13034 );
#10102 = FILL_AREA_STYLE_COLOUR( '', #13035 );
#10103 = VERTEX_POINT( '', #13036 );
#10104 = LINE( '', #13037, #13038 );
#10105 = LINE( '', #13039, #13040 );
#10106 = FILL_AREA_STYLE_COLOUR( '', #13041 );
#10107 = LINE( '', #13042, #13043 );
#10108 = LINE( '', #13044, #13045 );
#10109 = VERTEX_POINT( '', #13046 );
#10110 = LINE( '', #13047, #13048 );
#10111 = LINE( '', #13049, #13050 );
#10112 = LINE( '', #13051, #13052 );
#10113 = FILL_AREA_STYLE_COLOUR( '', #13053 );
#10114 = VERTEX_POINT( '', #13054 );
#10115 = LINE( '', #13055, #13056 );
#10116 = LINE( '', #13057, #13058 );
#10117 = FILL_AREA_STYLE_COLOUR( '', #13059 );
#10118 = VERTEX_POINT( '', #13060 );
#10119 = VERTEX_POINT( '', #13061 );
#10120 = LINE( '', #13062, #13063 );
#10121 = LINE( '', #13064, #13065 );
#10122 = VERTEX_POINT( '', #13066 );
#10123 = LINE( '', #13067, #13068 );
#10124 = LINE( '', #13069, #13070 );
#10125 = VERTEX_POINT( '', #13071 );
#10126 = LINE( '', #13072, #13073 );
#10127 = VERTEX_POINT( '', #13074 );
#10128 = LINE( '', #13075, #13076 );
#10129 = LINE( '', #13077, #13078 );
#10130 = FILL_AREA_STYLE_COLOUR( '', #13079 );
#10131 = VERTEX_POINT( '', #13080 );
#10132 = LINE( '', #13081, #13082 );
#10133 = LINE( '', #13083, #13084 );
#10134 = FILL_AREA_STYLE_COLOUR( '', #13085 );
#10135 = VERTEX_POINT( '', #13086 );
#10136 = LINE( '', #13087, #13088 );
#10137 = CIRCLE( '', #13089, 0.0250000000000000 );
#10138 = FILL_AREA_STYLE_COLOUR( '', #13090 );
#10139 = LINE( '', #13091, #13092 );
#10140 = FILL_AREA_STYLE_COLOUR( '', #13093 );
#10141 = LINE( '', #13094, #13095 );
#10142 = FILL_AREA_STYLE_COLOUR( '', #13096 );
#10143 = VERTEX_POINT( '', #13097 );
#10144 = VERTEX_POINT( '', #13098 );
#10145 = LINE( '', #13099, #13100 );
#10146 = LINE( '', #13101, #13102 );
#10147 = LINE( '', #13103, #13104 );
#10148 = FILL_AREA_STYLE_COLOUR( '', #13105 );
#10149 = VERTEX_POINT( '', #13106 );
#10150 = LINE( '', #13107, #13108 );
#10151 = LINE( '', #13109, #13110 );
#10152 = FILL_AREA_STYLE_COLOUR( '', #13111 );
#10153 = VERTEX_POINT( '', #13112 );
#10154 = VERTEX_POINT( '', #13113 );
#10155 = LINE( '', #13114, #13115 );
#10156 = VERTEX_POINT( '', #13116 );
#10157 = LINE( '', #13117, #13118 );
#10158 = VERTEX_POINT( '', #13119 );
#10159 = LINE( '', #13120, #13121 );
#10160 = LINE( '', #13122, #13123 );
#10161 = FILL_AREA_STYLE_COLOUR( '', #13124 );
#10162 = LINE( '', #13125, #13126 );
#10163 = FILL_AREA_STYLE_COLOUR( '', #13127 );
#10164 = VERTEX_POINT( '', #13128 );
#10165 = LINE( '', #13129, #13130 );
#10166 = LINE( '', #13131, #13132 );
#10167 = FILL_AREA_STYLE_COLOUR( '', #13133 );
#10168 = LINE( '', #13134, #13135 );
#10169 = LINE( '', #13136, #13137 );
#10170 = FILL_AREA_STYLE_COLOUR( '', #13138 );
#10171 = VERTEX_POINT( '', #13139 );
#10172 = LINE( '', #13140, #13141 );
#10173 = CIRCLE( '', #13142, 0.0250000000000000 );
#10174 = LINE( '', #13143, #13144 );
#10175 = LINE( '', #13145, #13146 );
#10176 = CIRCLE( '', #13147, 0.0500000000000000 );
#10177 = FILL_AREA_STYLE_COLOUR( '', #13148 );
#10178 = LINE( '', #13149, #13150 );
#10179 = FILL_AREA_STYLE_COLOUR( '', #13151 );
#10180 = VERTEX_POINT( '', #13152 );
#10181 = LINE( '', #13153, #13154 );
#10182 = LINE( '', #13155, #13156 );
#10183 = FILL_AREA_STYLE_COLOUR( '', #13157 );
#10184 = FILL_AREA_STYLE_COLOUR( '', #13158 );
#10185 = VERTEX_POINT( '', #13159 );
#10186 = LINE( '', #13160, #13161 );
#10187 = VERTEX_POINT( '', #13162 );
#10188 = LINE( '', #13163, #13164 );
#10189 = LINE( '', #13165, #13166 );
#10190 = FILL_AREA_STYLE_COLOUR( '', #13167 );
#10191 = VERTEX_POINT( '', #13168 );
#10192 = LINE( '', #13169, #13170 );
#10193 = LINE( '', #13171, #13172 );
#10194 = VERTEX_POINT( '', #13173 );
#10195 = LINE( '', #13174, #13175 );
#10196 = LINE( '', #13176, #13177 );
#10197 = VERTEX_POINT( '', #13178 );
#10198 = LINE( '', #13179, #13180 );
#10199 = VERTEX_POINT( '', #13181 );
#10200 = LINE( '', #13182, #13183 );
#10201 = VERTEX_POINT( '', #13184 );
#10202 = LINE( '', #13185, #13186 );
#10203 = LINE( '', #13187, #13188 );
#10204 = VERTEX_POINT( '', #13189 );
#10205 = LINE( '', #13190, #13191 );
#10206 = VERTEX_POINT( '', #13192 );
#10207 = LINE( '', #13193, #13194 );
#10208 = VERTEX_POINT( '', #13195 );
#10209 = LINE( '', #13196, #13197 );
#10210 = LINE( '', #13198, #13199 );
#10211 = VERTEX_POINT( '', #13200 );
#10212 = LINE( '', #13201, #13202 );
#10213 = LINE( '', #13203, #13204 );
#10214 = VERTEX_POINT( '', #13205 );
#10215 = LINE( '', #13206, #13207 );
#10216 = VERTEX_POINT( '', #13208 );
#10217 = LINE( '', #13209, #13210 );
#10218 = VERTEX_POINT( '', #13211 );
#10219 = LINE( '', #13212, #13213 );
#10220 = VERTEX_POINT( '', #13214 );
#10221 = LINE( '', #13215, #13216 );
#10222 = LINE( '', #13217, #13218 );
#10223 = LINE( '', #13219, #13220 );
#10224 = VERTEX_POINT( '', #13221 );
#10225 = LINE( '', #13222, #13223 );
#10226 = LINE( '', #13224, #13225 );
#10227 = LINE( '', #13226, #13227 );
#10228 = LINE( '', #13228, #13229 );
#10229 = LINE( '', #13230, #13231 );
#10230 = VERTEX_POINT( '', #13232 );
#10231 = LINE( '', #13233, #13234 );
#10232 = LINE( '', #13235, #13236 );
#10233 = LINE( '', #13237, #13238 );
#10234 = VERTEX_POINT( '', #13239 );
#10235 = LINE( '', #13240, #13241 );
#10236 = LINE( '', #13242, #13243 );
#10237 = VERTEX_POINT( '', #13244 );
#10238 = LINE( '', #13245, #13246 );
#10239 = VERTEX_POINT( '', #13247 );
#10240 = LINE( '', #13248, #13249 );
#10241 = LINE( '', #13250, #13251 );
#10242 = LINE( '', #13252, #13253 );
#10243 = LINE( '', #13254, #13255 );
#10244 = LINE( '', #13256, #13257 );
#10245 = VERTEX_POINT( '', #13258 );
#10246 = LINE( '', #13259, #13260 );
#10247 = LINE( '', #13261, #13262 );
#10248 = LINE( '', #13263, #13264 );
#10249 = LINE( '', #13265, #13266 );
#10250 = LINE( '', #13267, #13268 );
#10251 = LINE( '', #13269, #13270 );
#10252 = VERTEX_POINT( '', #13271 );
#10253 = LINE( '', #13272, #13273 );
#10254 = LINE( '', #13274, #13275 );
#10255 = VERTEX_POINT( '', #13276 );
#10256 = LINE( '', #13277, #13278 );
#10257 = VERTEX_POINT( '', #13279 );
#10258 = LINE( '', #13280, #13281 );
#10259 = LINE( '', #13282, #13283 );
#10260 = LINE( '', #13284, #13285 );
#10261 = LINE( '', #13286, #13287 );
#10262 = FILL_AREA_STYLE_COLOUR( '', #13288 );
#10263 = VERTEX_POINT( '', #13289 );
#10264 = LINE( '', #13290, #13291 );
#10265 = VERTEX_POINT( '', #13292 );
#10266 = LINE( '', #13293, #13294 );
#10267 = LINE( '', #13295, #13296 );
#10268 = FILL_AREA_STYLE_COLOUR( '', #13297 );
#10269 = VERTEX_POINT( '', #13298 );
#10270 = LINE( '', #13299, #13300 );
#10271 = LINE( '', #13301, #13302 );
#10272 = VERTEX_POINT( '', #13303 );
#10273 = LINE( '', #13304, #13305 );
#10274 = LINE( '', #13306, #13307 );
#10275 = FILL_AREA_STYLE_COLOUR( '', #13308 );
#10276 = LINE( '', #13309, #13310 );
#10277 = FILL_AREA_STYLE_COLOUR( '', #13311 );
#10278 = LINE( '', #13312, #13313 );
#10279 = FILL_AREA_STYLE_COLOUR( '', #13314 );
#10280 = LINE( '', #13315, #13316 );
#10281 = LINE( '', #13317, #13318 );
#10282 = FILL_AREA_STYLE_COLOUR( '', #13319 );
#10283 = LINE( '', #13320, #13321 );
#10284 = FILL_AREA_STYLE_COLOUR( '', #13322 );
#10285 = VERTEX_POINT( '', #13323 );
#10286 = LINE( '', #13324, #13325 );
#10287 = LINE( '', #13326, #13327 );
#10288 = FILL_AREA_STYLE_COLOUR( '', #13328 );
#10289 = LINE( '', #13329, #13330 );
#10290 = FILL_AREA_STYLE_COLOUR( '', #13331 );
#10291 = VERTEX_POINT( '', #13332 );
#10292 = LINE( '', #13333, #13334 );
#10293 = LINE( '', #13335, #13336 );
#10294 = FILL_AREA_STYLE_COLOUR( '', #13337 );
#10295 = VERTEX_POINT( '', #13338 );
#10296 = VERTEX_POINT( '', #13339 );
#10297 = LINE( '', #13340, #13341 );
#10298 = LINE( '', #13342, #13343 );
#10299 = LINE( '', #13344, #13345 );
#10300 = FILL_AREA_STYLE_COLOUR( '', #13346 );
#10301 = VERTEX_POINT( '', #13347 );
#10302 = LINE( '', #13348, #13349 );
#10303 = CIRCLE( '', #13350, 0.0250000000000000 );
#10304 = FILL_AREA_STYLE_COLOUR( '', #13351 );
#10305 = VERTEX_POINT( '', #13352 );
#10306 = LINE( '', #13353, #13354 );
#10307 = LINE( '', #13355, #13356 );
#10308 = FILL_AREA_STYLE_COLOUR( '', #13357 );
#10309 = VERTEX_POINT( '', #13358 );
#10310 = LINE( '', #13359, #13360 );
#10311 = VERTEX_POINT( '', #13361 );
#10312 = CIRCLE( '', #13362, 0.0250000000000000 );
#10313 = VERTEX_POINT( '', #13363 );
#10314 = LINE( '', #13364, #13365 );
#10315 = LINE( '', #13366, #13367 );
#10316 = VERTEX_POINT( '', #13368 );
#10317 = LINE( '', #13369, #13370 );
#10318 = CIRCLE( '', #13371, 0.0500000000000000 );
#10319 = FILL_AREA_STYLE_COLOUR( '', #13372 );
#10320 = CIRCLE( '', #13373, 0.0250000000000000 );
#10321 = CIRCLE( '', #13374, 0.0250000000000000 );
#10322 = FILL_AREA_STYLE_COLOUR( '', #13375 );
#10323 = FILL_AREA_STYLE_COLOUR( '', #13376 );
#10324 = LINE( '', #13377, #13378 );
#10325 = VERTEX_POINT( '', #13379 );
#10326 = LINE( '', #13380, #13381 );
#10327 = LINE( '', #13382, #13383 );
#10328 = VERTEX_POINT( '', #13384 );
#10329 = LINE( '', #13385, #13386 );
#10330 = VERTEX_POINT( '', #13387 );
#10331 = LINE( '', #13388, #13389 );
#10332 = VERTEX_POINT( '', #13390 );
#10333 = LINE( '', #13391, #13392 );
#10334 = LINE( '', #13393, #13394 );
#10335 = FILL_AREA_STYLE_COLOUR( '', #13395 );
#10336 = VERTEX_POINT( '', #13396 );
#10337 = LINE( '', #13397, #13398 );
#10338 = LINE( '', #13399, #13400 );
#10339 = FILL_AREA_STYLE_COLOUR( '', #13401 );
#10340 = LINE( '', #13402, #13403 );
#10341 = FILL_AREA_STYLE_COLOUR( '', #13404 );
#10342 = FILL_AREA_STYLE_COLOUR( '', #13405 );
#10343 = LINE( '', #13406, #13407 );
#10344 = FILL_AREA_STYLE_COLOUR( '', #13408 );
#10345 = LINE( '', #13409, #13410 );
#10346 = FILL_AREA_STYLE_COLOUR( '', #13411 );
#10347 = LINE( '', #13412, #13413 );
#10348 = FILL_AREA_STYLE_COLOUR( '', #13414 );
#10349 = FILL_AREA_STYLE_COLOUR( '', #13415 );
#10350 = LINE( '', #13416, #13417 );
#10351 = FILL_AREA_STYLE_COLOUR( '', #13418 );
#10352 = LINE( '', #13419, #13420 );
#10353 = FILL_AREA_STYLE_COLOUR( '', #13421 );
#10354 = VERTEX_POINT( '', #13422 );
#10355 = LINE( '', #13423, #13424 );
#10356 = VERTEX_POINT( '', #13425 );
#10357 = LINE( '', #13426, #13427 );
#10358 = LINE( '', #13428, #13429 );
#10359 = FILL_AREA_STYLE_COLOUR( '', #13430 );
#10360 = CIRCLE( '', #13431, 0.0500000000000000 );
#10361 = FILL_AREA_STYLE_COLOUR( '', #13432 );
#10362 = VERTEX_POINT( '', #13433 );
#10363 = LINE( '', #13434, #13435 );
#10364 = LINE( '', #13436, #13437 );
#10365 = FILL_AREA_STYLE_COLOUR( '', #13438 );
#10366 = FILL_AREA_STYLE_COLOUR( '', #13439 );
#10367 = LINE( '', #13440, #13441 );
#10368 = FILL_AREA_STYLE_COLOUR( '', #13442 );
#10369 = VERTEX_POINT( '', #13443 );
#10370 = LINE( '', #13444, #13445 );
#10371 = LINE( '', #13446, #13447 );
#10372 = FILL_AREA_STYLE_COLOUR( '', #13448 );
#10373 = LINE( '', #13449, #13450 );
#10374 = FILL_AREA_STYLE_COLOUR( '', #13451 );
#10375 = LINE( '', #13452, #13453 );
#10376 = FILL_AREA_STYLE_COLOUR( '', #13454 );
#10377 = LINE( '', #13455, #13456 );
#10378 = FILL_AREA_STYLE_COLOUR( '', #13457 );
#10379 = VERTEX_POINT( '', #13458 );
#10380 = LINE( '', #13459, #13460 );
#10381 = LINE( '', #13461, #13462 );
#10382 = VERTEX_POINT( '', #13463 );
#10383 = LINE( '', #13464, #13465 );
#10384 = LINE( '', #13466, #13467 );
#10385 = LINE( '', #13468, #13469 );
#10386 = LINE( '', #13470, #13471 );
#10387 = FILL_AREA_STYLE_COLOUR( '', #13472 );
#10388 = LINE( '', #13473, #13474 );
#10389 = FILL_AREA_STYLE_COLOUR( '', #13475 );
#10390 = VERTEX_POINT( '', #13476 );
#10391 = LINE( '', #13477, #13478 );
#10392 = CIRCLE( '', #13479, 0.0250000000000000 );
#10393 = FILL_AREA_STYLE_COLOUR( '', #13480 );
#10394 = LINE( '', #13481, #13482 );
#10395 = FILL_AREA_STYLE_COLOUR( '', #13483 );
#10396 = VERTEX_POINT( '', #13484 );
#10397 = LINE( '', #13485, #13486 );
#10398 = LINE( '', #13487, #13488 );
#10399 = FILL_AREA_STYLE_COLOUR( '', #13489 );
#10400 = LINE( '', #13490, #13491 );
#10401 = FILL_AREA_STYLE_COLOUR( '', #13492 );
#10402 = FILL_AREA_STYLE_COLOUR( '', #13493 );
#10403 = VERTEX_POINT( '', #13494 );
#10404 = VERTEX_POINT( '', #13495 );
#10405 = LINE( '', #13496, #13497 );
#10406 = LINE( '', #13498, #13499 );
#10407 = LINE( '', #13500, #13501 );
#10408 = VERTEX_POINT( '', #13502 );
#10409 = LINE( '', #13503, #13504 );
#10410 = VERTEX_POINT( '', #13505 );
#10411 = LINE( '', #13506, #13507 );
#10412 = LINE( '', #13508, #13509 );
#10413 = FILL_AREA_STYLE_COLOUR( '', #13510 );
#10414 = VERTEX_POINT( '', #13511 );
#10415 = LINE( '', #13512, #13513 );
#10416 = LINE( '', #13514, #13515 );
#10417 = FILL_AREA_STYLE_COLOUR( '', #13516 );
#10418 = VERTEX_POINT( '', #13517 );
#10419 = LINE( '', #13518, #13519 );
#10420 = LINE( '', #13520, #13521 );
#10421 = FILL_AREA_STYLE_COLOUR( '', #13522 );
#10422 = LINE( '', #13523, #13524 );
#10423 = FILL_AREA_STYLE_COLOUR( '', #13525 );
#10424 = LINE( '', #13526, #13527 );
#10425 = LINE( '', #13528, #13529 );
#10426 = FILL_AREA_STYLE_COLOUR( '', #13530 );
#10427 = FILL_AREA_STYLE_COLOUR( '', #13531 );
#10428 = LINE( '', #13532, #13533 );
#10429 = FILL_AREA_STYLE_COLOUR( '', #13534 );
#10430 = LINE( '', #13535, #13536 );
#10431 = FILL_AREA_STYLE_COLOUR( '', #13537 );
#10432 = FILL_AREA_STYLE_COLOUR( '', #13538 );
#10433 = VERTEX_POINT( '', #13539 );
#10434 = LINE( '', #13540, #13541 );
#10435 = LINE( '', #13542, #13543 );
#10436 = VERTEX_POINT( '', #13544 );
#10437 = LINE( '', #13545, #13546 );
#10438 = VERTEX_POINT( '', #13547 );
#10439 = LINE( '', #13548, #13549 );
#10440 = LINE( '', #13550, #13551 );
#10441 = FILL_AREA_STYLE_COLOUR( '', #13552 );
#10442 = LINE( '', #13553, #13554 );
#10443 = LINE( '', #13555, #13556 );
#10444 = LINE( '', #13557, #13558 );
#10445 = VERTEX_POINT( '', #13559 );
#10446 = LINE( '', #13560, #13561 );
#10447 = LINE( '', #13562, #13563 );
#10448 = FILL_AREA_STYLE_COLOUR( '', #13564 );
#10449 = LINE( '', #13565, #13566 );
#10450 = FILL_AREA_STYLE_COLOUR( '', #13567 );
#10451 = LINE( '', #13568, #13569 );
#10452 = FILL_AREA_STYLE_COLOUR( '', #13570 );
#10453 = LINE( '', #13571, #13572 );
#10454 = LINE( '', #13573, #13574 );
#10455 = FILL_AREA_STYLE_COLOUR( '', #13575 );
#10456 = LINE( '', #13576, #13577 );
#10457 = FILL_AREA_STYLE_COLOUR( '', #13578 );
#10458 = FILL_AREA_STYLE_COLOUR( '', #13579 );
#10459 = LINE( '', #13580, #13581 );
#10460 = LINE( '', #13582, #13583 );
#10461 = FILL_AREA_STYLE_COLOUR( '', #13584 );
#10462 = FILL_AREA_STYLE_COLOUR( '', #13585 );
#10463 = FILL_AREA_STYLE_COLOUR( '', #13586 );
#10464 = LINE( '', #13587, #13588 );
#10465 = FILL_AREA_STYLE_COLOUR( '', #13589 );
#10466 = FILL_AREA_STYLE_COLOUR( '', #13590 );
#10467 = VERTEX_POINT( '', #13591 );
#10468 = LINE( '', #13592, #13593 );
#10469 = LINE( '', #13594, #13595 );
#10470 = FILL_AREA_STYLE_COLOUR( '', #13596 );
#10471 = LINE( '', #13597, #13598 );
#10472 = FILL_AREA_STYLE_COLOUR( '', #13599 );
#10473 = LINE( '', #13600, #13601 );
#10474 = FILL_AREA_STYLE_COLOUR( '', #13602 );
#10475 = FILL_AREA_STYLE_COLOUR( '', #13603 );
#10476 = LINE( '', #13604, #13605 );
#10477 = LINE( '', #13606, #13607 );
#10478 = FILL_AREA_STYLE_COLOUR( '', #13608 );
#10479 = LINE( '', #13609, #13610 );
#10480 = LINE( '', #13611, #13612 );
#10481 = FILL_AREA_STYLE_COLOUR( '', #13613 );
#10482 = FILL_AREA_STYLE_COLOUR( '', #13614 );
#10483 = LINE( '', #13615, #13616 );
#10484 = FILL_AREA_STYLE_COLOUR( '', #13617 );
#10485 = LINE( '', #13618, #13619 );
#10486 = FILL_AREA_STYLE_COLOUR( '', #13620 );
#10487 = LINE( '', #13621, #13622 );
#10488 = FILL_AREA_STYLE_COLOUR( '', #13623 );
#10489 = FILL_AREA_STYLE_COLOUR( '', #13624 );
#10490 = FILL_AREA_STYLE_COLOUR( '', #13625 );
#10491 = LINE( '', #13626, #13627 );
#10492 = FILL_AREA_STYLE_COLOUR( '', #13628 );
#10493 = LINE( '', #13629, #13630 );
#10494 = FILL_AREA_STYLE_COLOUR( '', #13631 );
#10495 = LINE( '', #13632, #13633 );
#10496 = FILL_AREA_STYLE_COLOUR( '', #13634 );
#10497 = FILL_AREA_STYLE_COLOUR( '', #13635 );
#10498 = FILL_AREA_STYLE_COLOUR( '', #13636 );
#10499 = LINE( '', #13637, #13638 );
#10500 = FILL_AREA_STYLE_COLOUR( '', #13639 );
#10501 = FILL_AREA_STYLE_COLOUR( '', #13640 );
#10502 = FILL_AREA_STYLE_COLOUR( '', #13641 );
#10503 = FILL_AREA_STYLE_COLOUR( '', #13642 );
#10504 = LINE( '', #13643, #13644 );
#10505 = FILL_AREA_STYLE_COLOUR( '', #13645 );
#10506 = FILL_AREA_STYLE_COLOUR( '', #13646 );
#10507 = FILL_AREA_STYLE_COLOUR( '', #13647 );
#10508 = LINE( '', #13648, #13649 );
#10509 = FILL_AREA_STYLE_COLOUR( '', #13650 );
#10510 = FILL_AREA_STYLE_COLOUR( '', #13651 );
#10511 = FILL_AREA_STYLE_COLOUR( '', #13652 );
#10512 = FILL_AREA_STYLE_COLOUR( '', #13653 );
#10513 = FILL_AREA_STYLE_COLOUR( '', #13654 );
#10514 = LINE( '', #13655, #13656 );
#10515 = FILL_AREA_STYLE_COLOUR( '', #13657 );
#10516 = FILL_AREA_STYLE_COLOUR( '', #13658 );
#10517 = LINE( '', #13659, #13660 );
#10518 = FILL_AREA_STYLE_COLOUR( '', #13661 );
#10519 = LINE( '', #13662, #13663 );
#10520 = FILL_AREA_STYLE_COLOUR( '', #13664 );
#10521 = FILL_AREA_STYLE_COLOUR( '', #13665 );
#10522 = LINE( '', #13666, #13667 );
#10523 = FILL_AREA_STYLE_COLOUR( '', #13668 );
#10524 = FILL_AREA_STYLE_COLOUR( '', #13669 );
#10525 = LINE( '', #13670, #13671 );
#10526 = FILL_AREA_STYLE_COLOUR( '', #13672 );
#10527 = FILL_AREA_STYLE_COLOUR( '', #13673 );
#10528 = FILL_AREA_STYLE_COLOUR( '', #13674 );
#10529 = FILL_AREA_STYLE_COLOUR( '', #13675 );
#10530 = FILL_AREA_STYLE_COLOUR( '', #13676 );
#10531 = VERTEX_POINT( '', #13677 );
#10532 = LINE( '', #13678, #13679 );
#10533 = LINE( '', #13680, #13681 );
#10534 = FILL_AREA_STYLE_COLOUR( '', #13682 );
#10535 = FILL_AREA_STYLE_COLOUR( '', #13683 );
#10536 = LINE( '', #13684, #13685 );
#10537 = FILL_AREA_STYLE_COLOUR( '', #13686 );
#10538 = LINE( '', #13687, #13688 );
#10539 = FILL_AREA_STYLE_COLOUR( '', #13689 );
#10540 = LINE( '', #13690, #13691 );
#10541 = FILL_AREA_STYLE_COLOUR( '', #13692 );
#10542 = LINE( '', #13693, #13694 );
#10543 = FILL_AREA_STYLE_COLOUR( '', #13695 );
#10544 = FILL_AREA_STYLE_COLOUR( '', #13696 );
#10545 = VERTEX_POINT( '', #13697 );
#10546 = LINE( '', #13698, #13699 );
#10547 = LINE( '', #13700, #13701 );
#10548 = FILL_AREA_STYLE_COLOUR( '', #13702 );
#10549 = LINE( '', #13703, #13704 );
#10550 = FILL_AREA_STYLE_COLOUR( '', #13705 );
#10551 = LINE( '', #13706, #13707 );
#10552 = FILL_AREA_STYLE_COLOUR( '', #13708 );
#10553 = FILL_AREA_STYLE_COLOUR( '', #13709 );
#10554 = LINE( '', #13710, #13711 );
#10555 = FILL_AREA_STYLE_COLOUR( '', #13712 );
#10556 = FILL_AREA_STYLE_COLOUR( '', #13713 );
#10557 = LINE( '', #13714, #13715 );
#10558 = FILL_AREA_STYLE_COLOUR( '', #13716 );
#10559 = FILL_AREA_STYLE_COLOUR( '', #13717 );
#10560 = FILL_AREA_STYLE_COLOUR( '', #13718 );
#10561 = LINE( '', #13719, #13720 );
#10562 = FILL_AREA_STYLE_COLOUR( '', #13721 );
#10563 = FILL_AREA_STYLE_COLOUR( '', #13722 );
#10564 = FILL_AREA_STYLE_COLOUR( '', #13723 );
#10565 = LINE( '', #13724, #13725 );
#10566 = FILL_AREA_STYLE_COLOUR( '', #13726 );
#10567 = FILL_AREA_STYLE_COLOUR( '', #13727 );
#10568 = VERTEX_POINT( '', #13728 );
#10569 = LINE( '', #13729, #13730 );
#10570 = VERTEX_POINT( '', #13731 );
#10571 = LINE( '', #13732, #13733 );
#10572 = LINE( '', #13734, #13735 );
#10573 = FILL_AREA_STYLE_COLOUR( '', #13736 );
#10574 = VERTEX_POINT( '', #13737 );
#10575 = LINE( '', #13738, #13739 );
#10576 = LINE( '', #13740, #13741 );
#10577 = FILL_AREA_STYLE_COLOUR( '', #13742 );
#10578 = LINE( '', #13743, #13744 );
#10579 = FILL_AREA_STYLE_COLOUR( '', #13745 );
#10580 = LINE( '', #13746, #13747 );
#10581 = FILL_AREA_STYLE_COLOUR( '', #13748 );
#10582 = FILL_AREA_STYLE_COLOUR( '', #13749 );
#10583 = LINE( '', #13750, #13751 );
#10584 = FILL_AREA_STYLE_COLOUR( '', #13752 );
#10585 = LINE( '', #13753, #13754 );
#10586 = FILL_AREA_STYLE_COLOUR( '', #13755 );
#10587 = FILL_AREA_STYLE_COLOUR( '', #13756 );
#10588 = LINE( '', #13757, #13758 );
#10589 = LINE( '', #13759, #13760 );
#10590 = FILL_AREA_STYLE_COLOUR( '', #13761 );
#10591 = FILL_AREA_STYLE_COLOUR( '', #13762 );
#10592 = FILL_AREA_STYLE_COLOUR( '', #13763 );
#10593 = FILL_AREA_STYLE_COLOUR( '', #13764 );
#10594 = LINE( '', #13765, #13766 );
#10595 = LINE( '', #13767, #13768 );
#10596 = LINE( '', #13769, #13770 );
#10597 = FILL_AREA_STYLE_COLOUR( '', #13771 );
#10598 = FILL_AREA_STYLE_COLOUR( '', #13772 );
#10599 = LINE( '', #13773, #13774 );
#10600 = FILL_AREA_STYLE_COLOUR( '', #13775 );
#10601 = FILL_AREA_STYLE_COLOUR( '', #13776 );
#10602 = FILL_AREA_STYLE_COLOUR( '', #13777 );
#10603 = FILL_AREA_STYLE_COLOUR( '', #13778 );
#10604 = FILL_AREA_STYLE_COLOUR( '', #13779 );
#10605 = VERTEX_POINT( '', #13780 );
#10606 = LINE( '', #13781, #13782 );
#10607 = LINE( '', #13783, #13784 );
#10608 = FILL_AREA_STYLE_COLOUR( '', #13785 );
#10609 = LINE( '', #13786, #13787 );
#10610 = FILL_AREA_STYLE_COLOUR( '', #13788 );
#10611 = LINE( '', #13789, #13790 );
#10612 = LINE( '', #13791, #13792 );
#10613 = FILL_AREA_STYLE_COLOUR( '', #13793 );
#10614 = FILL_AREA_STYLE_COLOUR( '', #13794 );
#10615 = FILL_AREA_STYLE_COLOUR( '', #13795 );
#10616 = FILL_AREA_STYLE_COLOUR( '', #13796 );
#10617 = FILL_AREA_STYLE_COLOUR( '', #13797 );
#10618 = LINE( '', #13798, #13799 );
#10619 = FILL_AREA_STYLE_COLOUR( '', #13800 );
#10620 = FILL_AREA_STYLE_COLOUR( '', #13801 );
#10621 = FILL_AREA_STYLE_COLOUR( '', #13802 );
#10622 = FILL_AREA_STYLE_COLOUR( '', #13803 );
#10623 = FILL_AREA_STYLE_COLOUR( '', #13804 );
#10624 = LINE( '', #13805, #13806 );
#10625 = FILL_AREA_STYLE_COLOUR( '', #13807 );
#10626 = FILL_AREA_STYLE_COLOUR( '', #13808 );
#10627 = FILL_AREA_STYLE_COLOUR( '', #13809 );
#10628 = COLOUR_RGB( '', 0.689999997600000, 0.689999997600000, 0.689999997600000 );
#10629 = CARTESIAN_POINT( '', ( -0.00504999999999999, 0.320000000000000, -0.00500000000000000 ) );
#10630 = CARTESIAN_POINT( '', ( -0.00505000000000002, 0.320000000000000, -0.114900000000000 ) );
#10631 = CARTESIAN_POINT( '', ( -0.00505000000000002, 0.320000000000000, -0.00500000000000000 ) );
#10632 = VECTOR( '', #13810, 39.3700787402000 );
#10633 = CARTESIAN_POINT( '', ( -0.00505000000000002, 0.0900000000000000, -0.114900000000000 ) );
#10634 = CARTESIAN_POINT( '', ( -0.00505000000000002, 0.0900000000000000, -0.114900000000000 ) );
#10635 = VECTOR( '', #13811, 39.3700787402000 );
#10636 = CARTESIAN_POINT( '', ( -0.00505000000000002, 0.0900000000000000, -0.00500000000000000 ) );
#10637 = CARTESIAN_POINT( '', ( -0.00505000000000002, 0.0900000000000000, -0.00500000000000000 ) );
#10638 = VECTOR( '', #13812, 39.3700787402000 );
#10639 = CARTESIAN_POINT( '', ( -0.00505000000000002, 0.0900000000000000, -0.00500000000000000 ) );
#10640 = VECTOR( '', #13813, 39.3700787402000 );
#10641 = COLOUR_RGB( '', 0.689999997600000, 0.689999997600000, 0.689999997600000 );
#10642 = CARTESIAN_POINT( '', ( -0.194950000000000, 0.320000000000000, -0.0600000000000000 ) );
#10643 = CARTESIAN_POINT( '', ( -0.205050000000000, 0.320000000000000, -0.0600000000000000 ) );
#10644 = CARTESIAN_POINT( '', ( -0.180000000000000, 0.320000000000000, -0.0600000000000000 ) );
#10645 = VECTOR( '', #13814, 39.3700787402000 );
#10646 = CARTESIAN_POINT( '', ( -0.205050000000000, 0.0900000000000000, -0.0600000000000000 ) );
#10647 = CARTESIAN_POINT( '', ( -0.205050000000000, 0.0900000000000000, -0.0600000000000000 ) );
#10648 = VECTOR( '', #13815, 39.3700787402000 );
#10649 = CARTESIAN_POINT( '', ( -0.194950000000000, 0.0900000000000000, -0.0600000000000000 ) );
#10650 = CARTESIAN_POINT( '', ( -0.180000000000000, 0.0900000000000000, -0.0600000000000000 ) );
#10651 = VECTOR( '', #13816, 39.3700787402000 );
#10652 = CARTESIAN_POINT( '', ( -0.194950000000000, 0.0900000000000000, -0.0600000000000000 ) );
#10653 = VECTOR( '', #13817, 39.3700787402000 );
#10654 = COLOUR_RGB( '', 1.00000000000000, 1.00000000000000, 0.000000000000000 );
#10655 = CARTESIAN_POINT( '', ( 0.237500000000000, 0.305000000000000, -0.0437500000000000 ) );
#10656 = CARTESIAN_POINT( '', ( 0.237500000000000, 0.305000000000000, -0.0562500000000000 ) );
#10657 = CARTESIAN_POINT( '', ( 0.237500000000000, 0.305000000000000, -0.0562500000000000 ) );
#10658 = VECTOR( '', #13818, 39.3700787402000 );
#10659 = CARTESIAN_POINT( '', ( 0.262500000000000, 0.305000000000000, -0.0437500000000000 ) );
#10660 = CARTESIAN_POINT( '', ( 0.262500000000000, 0.305000000000000, -0.0437500000000000 ) );
#10661 = VECTOR( '', #13819, 39.3700787402000 );
#10662 = CARTESIAN_POINT( '', ( 0.262500000000000, 0.305000000000000, -0.0562500000000000 ) );
#10663 = CARTESIAN_POINT( '', ( 0.262500000000000, 0.305000000000000, -0.0562500000000000 ) );
#10664 = VECTOR( '', #13820, 39.3700787402000 );
#10665 = CARTESIAN_POINT( '', ( 0.262500000000000, 0.305000000000000, -0.0562500000000000 ) );
#10666 = VECTOR( '', #13821, 39.3700787402000 );
#10667 = COLOUR_RGB( '', 0.689999997600000, 0.689999997600000, 0.689999997600000 );
#10668 = CARTESIAN_POINT( '', ( -0.307500000000000, 0.320000000000000, -0.145000000000000 ) );
#10669 = CARTESIAN_POINT( '', ( -0.330000000000000, 0.320000000000000, -0.145000000000000 ) );
#10670 = CARTESIAN_POINT( '', ( 0.330000000000000, 0.320000000000000, -0.145000000000000 ) );
#10671 = VECTOR( '', #13822, 39.3700787402000 );
#10672 = CARTESIAN_POINT( '', ( -0.307500000000000, 0.000000000000000, -0.145000000000000 ) );
#10673 = CARTESIAN_POINT( '', ( -0.307500000000000, 0.0200000000000000, -0.145000000000000 ) );
#10674 = VECTOR( '', #13823, 39.3700787402000 );
#10675 = CARTESIAN_POINT( '', ( -0.330000000000000, 0.000000000000000, -0.145000000000000 ) );
#10676 = CARTESIAN_POINT( '', ( 0.330000000000000, 0.000000000000000, -0.145000000000000 ) );
#10677 = VECTOR( '', #13824, 39.3700787402000 );
#10678 = CARTESIAN_POINT( '', ( -0.330000000000000, 0.000000000000000, -0.145000000000000 ) );
#10679 = VECTOR( '', #13825, 39.3700787402000 );
#10680 = COLOUR_RGB( '', 0.689999997600000, 0.689999997600000, 0.689999997600000 );
#10681 = CARTESIAN_POINT( '', ( -0.307500000000000, 0.0200000000000000, -0.115000000000000 ) );
#10682 = CARTESIAN_POINT( '', ( -0.307500000000000, 0.000000000000000, -0.115000000000000 ) );
#10683 = CARTESIAN_POINT( '', ( -0.307500000000000, 0.0200000000000000, -0.115000000000000 ) );
#10684 = VECTOR( '', #13826, 39.3700787402000 );
#10685 = CARTESIAN_POINT( '', ( -0.330000000000000, 0.0200000000000000, -0.115000000000000 ) );
#10686 = CARTESIAN_POINT( '', ( 0.330000000000000, 0.0200000000000000, -0.115000000000000 ) );
#10687 = VECTOR( '', #13827, 39.3700787402000 );
#10688 = CARTESIAN_POINT( '', ( -0.330000000000000, 0.000000000000000, -0.115000000000000 ) );
#10689 = CARTESIAN_POINT( '', ( -0.330000000000000, 0.0200000000000000, -0.115000000000000 ) );
#10690 = VECTOR( '', #13828, 39.3700787402000 );
#10691 = CARTESIAN_POINT( '', ( 0.330000000000000, 0.000000000000000, -0.115000000000000 ) );
#10692 = VECTOR( '', #13829, 39.3700787402000 );
#10693 = COLOUR_RGB( '', 1.00000000000000, 1.00000000000000, 0.000000000000000 );
#10694 = CARTESIAN_POINT( '', ( 0.0625000000000000, 0.0400000000000000, -0.0375000000000000 ) );
#10695 = CARTESIAN_POINT( '', ( 0.0625000000000000, -0.0225000000000000, -0.0375000000000000 ) );
#10696 = CARTESIAN_POINT( '', ( 0.0625000000000000, 0.0400000000000000, -0.0375000000000000 ) );
#10697 = VECTOR( '', #13830, 39.3700787402000 );
#10698 = CARTESIAN_POINT( '', ( 0.0375000000000000, 0.0400000000000000, -0.0375000000000000 ) );
#10699 = CARTESIAN_POINT( '', ( 0.262500000000000, 0.0400000000000000, -0.0375000000000000 ) );
#10700 = VECTOR( '', #13831, 39.3700787402000 );
#10701 = CARTESIAN_POINT( '', ( 0.0375000000000000, -0.0225000000000000, -0.0375000000000000 ) );
#10702 = CARTESIAN_POINT( '', ( 0.0375000000000000, 0.0400000000000000, -0.0375000000000000 ) );
#10703 = VECTOR( '', #13832, 39.3700787402000 );
#10704 = CARTESIAN_POINT( '', ( 0.262500000000000, -0.0225000000000000, -0.0375000000000000 ) );
#10705 = VECTOR( '', #13833, 39.3700787402000 );
#10706 = COLOUR_RGB( '', 0.689999997600000, 0.689999997600000, 0.689999997600000 );
#10707 = CARTESIAN_POINT( '', ( -0.0266666807966335, 0.200000000000000, -0.00500000000000000 ) );
#10708 = CARTESIAN_POINT( '', ( -0.0733333192033664, 0.200000000000000, -0.00500000000000000 ) );
#10709 = CARTESIAN_POINT( '', ( -0.0949500000000000, 0.200000000000000, -0.00500000000000000 ) );
#10710 = VECTOR( '', #13834, 39.3700787402000 );
#10711 = CARTESIAN_POINT( '', ( -0.0733333192033664, 0.200000000000000, 0.00510000000000000 ) );
#10712 = CARTESIAN_POINT( '', ( -0.0733333192033664, 0.200000000000000, 0.0500000000000000 ) );
#10713 = VECTOR( '', #13835, 39.3700787402000 );
#10714 = CARTESIAN_POINT( '', ( -0.0266666807966335, 0.200000000000000, 0.00510000000000000 ) );
#10715 = CARTESIAN_POINT( '', ( -0.00505000000000002, 0.200000000000000, 0.00510000000000000 ) );
#10716 = VECTOR( '', #13836, 39.3700787402000 );
#10717 = CARTESIAN_POINT( '', ( -0.0266666807966335, 0.200000000000000, 0.0500000000000000 ) );
#10718 = VECTOR( '', #13837, 39.3700787402000 );
#10719 = COLOUR_RGB( '', 0.689999997600000, 0.689999997600000, 0.689999997600000 );
#10720 = CARTESIAN_POINT( '', ( -0.294950000000000, 0.320000000000000, 0.115000000000000 ) );
#10721 = CARTESIAN_POINT( '', ( -0.205050000000000, 0.320000000000000, 0.115000000000000 ) );
#10722 = CARTESIAN_POINT( '', ( -0.294950000000000, 0.320000000000000, 0.115000000000000 ) );
#10723 = VECTOR( '', #13838, 39.3700787402000 );
#10724 = CARTESIAN_POINT( '', ( -0.205050000000000, 0.0900000000000000, 0.115000000000000 ) );
#10725 = CARTESIAN_POINT( '', ( -0.205050000000000, 0.0900000000000000, 0.115000000000000 ) );
#10726 = VECTOR( '', #13839, 39.3700787402000 );
#10727 = CARTESIAN_POINT( '', ( -0.294950000000000, 0.0900000000000000, 0.115000000000000 ) );
#10728 = CARTESIAN_POINT( '', ( -0.294950000000000, 0.0900000000000000, 0.115000000000000 ) );
#10729 = VECTOR( '', #13840, 39.3700787402000 );
#10730 = CARTESIAN_POINT( '', ( -0.294950000000000, 0.0900000000000000, 0.115000000000000 ) );
#10731 = VECTOR( '', #13841, 39.3700787402000 );
#10732 = COLOUR_RGB( '', 0.689999997600000, 0.689999997600000, 0.689999997600000 );
#10733 = CARTESIAN_POINT( '', ( 0.00505000000000006, 0.320000000000000, 0.115000000000000 ) );
#10734 = CARTESIAN_POINT( '', ( 0.0949500000000000, 0.320000000000000, 0.115000000000000 ) );
#10735 = CARTESIAN_POINT( '', ( 0.00505000000000006, 0.320000000000000, 0.115000000000000 ) );
#10736 = VECTOR( '', #13842, 39.3700787402000 );
#10737 = CARTESIAN_POINT( '', ( 0.0949500000000000, 0.0900000000000000, 0.115000000000000 ) );
#10738 = CARTESIAN_POINT( '', ( 0.0949500000000000, 0.0900000000000000, 0.115000000000000 ) );
#10739 = VECTOR( '', #13843, 39.3700787402000 );
#10740 = CARTESIAN_POINT( '', ( 0.00505000000000006, 0.0900000000000000, 0.115000000000000 ) );
#10741 = CARTESIAN_POINT( '', ( 0.00505000000000006, 0.0900000000000000, 0.115000000000000 ) );
#10742 = VECTOR( '', #13844, 39.3700787402000 );
#10743 = CARTESIAN_POINT( '', ( 0.00505000000000006, 0.0900000000000000, 0.115000000000000 ) );
#10744 = VECTOR( '', #13845, 39.3700787402000 );
#10745 = COLOUR_RGB( '', 1.00000000000000, 1.00000000000000, 0.000000000000000 );
#10746 = CARTESIAN_POINT( '', ( -0.0375000000000000, -0.0537500000000000, -0.230000000000000 ) );
#10747 = CARTESIAN_POINT( '', ( -0.0375000000000000, -0.0475000000000000, -0.223750000000000 ) );
#10748 = CARTESIAN_POINT( '', ( -0.0375000000000000, -0.0537500000000000, -0.230000000000000 ) );
#10749 = VECTOR( '', #13846, 39.3700787402000 );
#10750 = CARTESIAN_POINT( '', ( -0.0625000000000000, -0.0537500000000000, -0.230000000000000 ) );
#10751 = CARTESIAN_POINT( '', ( 0.262500000000000, -0.0537500000000000, -0.230000000000000 ) );
#10752 = VECTOR( '', #13847, 39.3700787402000 );
#10753 = CARTESIAN_POINT( '', ( -0.0625000000000000, -0.0475000000000000, -0.223750000000000 ) );
#10754 = CARTESIAN_POINT( '', ( -0.0625000000000000, -0.0537500000000000, -0.230000000000000 ) );
#10755 = VECTOR( '', #13848, 39.3700787402000 );
#10756 = CARTESIAN_POINT( '', ( 0.262500000000000, -0.0475000000000000, -0.223750000000000 ) );
#10757 = VECTOR( '', #13849, 39.3700787402000 );
#10758 = COLOUR_RGB( '', 0.689999997600000, 0.689999997600000, 0.689999997600000 );
#10759 = CARTESIAN_POINT( '', ( 0.194950000000000, 0.0900000000000000, -0.0200000000000000 ) );
#10760 = CARTESIAN_POINT( '', ( 0.205050000000000, 0.0900000000000000, -0.0200000000000000 ) );
#10761 = CARTESIAN_POINT( '', ( 0.180000000000000, 0.0900000000000000, -0.0200000000000000 ) );
#10762 = VECTOR( '', #13850, 39.3700787402000 );
#10763 = CARTESIAN_POINT( '', ( 0.194950000000000, 0.320000000000000, -0.0200000000000000 ) );
#10764 = CARTESIAN_POINT( '', ( 0.194950000000000, 0.0900000000000000, -0.0200000000000000 ) );
#10765 = VECTOR( '', #13851, 39.3700787402000 );
#10766 = CARTESIAN_POINT( '', ( 0.205050000000000, 0.320000000000000, -0.0200000000000000 ) );
#10767 = CARTESIAN_POINT( '', ( 0.180000000000000, 0.320000000000000, -0.0200000000000000 ) );
#10768 = VECTOR( '', #13852, 39.3700787402000 );
#10769 = CARTESIAN_POINT( '', ( 0.205050000000000, 0.0900000000000000, -0.0200000000000000 ) );
#10770 = VECTOR( '', #13853, 39.3700787402000 );
#10771 = COLOUR_RGB( '', 0.689999997600000, 0.689999997600000, 0.689999997600000 );
#10772 = CARTESIAN_POINT( '', ( 0.294950000000000, 0.0900000000000000, 0.00510000000000000 ) );
#10773 = CARTESIAN_POINT( '', ( 0.205050000000000, 0.0900000000000000, 0.00510000000000000 ) );
#10774 = CARTESIAN_POINT( '', ( 0.294950000000000, 0.0900000000000000, 0.00510000000000000 ) );
#10775 = VECTOR( '', #13854, 39.3700787402000 );
#10776 = CARTESIAN_POINT( '', ( 0.205050000000000, 0.0900000000000000, 0.115000000000000 ) );
#10777 = CARTESIAN_POINT( '', ( 0.205050000000000, 0.0900000000000000, 0.00510000000000000 ) );
#10778 = VECTOR( '', #13855, 39.3700787402000 );
#10779 = CARTESIAN_POINT( '', ( 0.294950000000000, 0.0900000000000000, 0.115000000000000 ) );
#10780 = CARTESIAN_POINT( '', ( 0.205050000000000, 0.0900000000000000, 0.115000000000000 ) );
#10781 = VECTOR( '', #13856, 39.3700787402000 );
#10782 = CARTESIAN_POINT( '', ( 0.294950000000000, 0.0900000000000000, 0.115000000000000 ) );
#10783 = VECTOR( '', #13857, 39.3700787402000 );
#10784 = COLOUR_RGB( '', 1.00000000000000, 1.00000000000000, 0.000000000000000 );
#10785 = CARTESIAN_POINT( '', ( -0.162500000000000, 0.0600000000000000, 0.0625000000000000 ) );
#10786 = CARTESIAN_POINT( '', ( -0.162500000000000, 0.298750000000000, 0.0625000000000000 ) );
#10787 = CARTESIAN_POINT( '', ( -0.162500000000000, 0.298750000000000, 0.0625000000000000 ) );
#10788 = VECTOR( '', #13858, 39.3700787402000 );
#10789 = CARTESIAN_POINT( '', ( -0.162500000000000, 0.305000000000000, 0.0562500000000000 ) );
#10790 = CARTESIAN_POINT( '', ( -0.162500000000000, 0.305000000000000, 0.0562500000000000 ) );
#10791 = VECTOR( '', #13859, 39.3700787402000 );
#10792 = CARTESIAN_POINT( '', ( -0.162500000000000, 0.305000000000000, 0.0437500000000000 ) );
#10793 = CARTESIAN_POINT( '', ( -0.162500000000000, 0.305000000000000, 0.0437500000000000 ) );
#10794 = VECTOR( '', #13860, 39.3700787402000 );
#10795 = CARTESIAN_POINT( '', ( -0.162500000000000, 0.298750000000000, 0.0375000000000000 ) );
#10796 = CARTESIAN_POINT( '', ( -0.162500000000000, 0.298750000000000, 0.0375000000000000 ) );
#10797 = VECTOR( '', #13861, 39.3700787402000 );
#10798 = CARTESIAN_POINT( '', ( -0.162500000000000, 0.0650000000000000, 0.0375000000000000 ) );
#10799 = CARTESIAN_POINT( '', ( -0.162500000000000, 0.0650000000000000, 0.0375000000000000 ) );
#10800 = VECTOR( '', #13862, 39.3700787402000 );
#10801 = CARTESIAN_POINT( '', ( -0.162500000000000, 0.0650000000000000, -0.0375000000000000 ) );
#10802 = CARTESIAN_POINT( '', ( -0.162500000000000, 0.0650000000000000, -0.0375000000000000 ) );
#10803 = VECTOR( '', #13863, 39.3700787402000 );
#10804 = CARTESIAN_POINT( '', ( -0.162500000000000, 0.298750000000000, -0.0375000000000000 ) );
#10805 = CARTESIAN_POINT( '', ( -0.162500000000000, 0.298750000000000, -0.0375000000000000 ) );
#10806 = VECTOR( '', #13864, 39.3700787402000 );
#10807 = CARTESIAN_POINT( '', ( -0.162500000000000, 0.305000000000000, -0.0437500000000000 ) );
#10808 = CARTESIAN_POINT( '', ( -0.162500000000000, 0.305000000000000, -0.0437500000000000 ) );
#10809 = VECTOR( '', #13865, 39.3700787402000 );
#10810 = CARTESIAN_POINT( '', ( -0.162500000000000, 0.305000000000000, -0.0562500000000000 ) );
#10811 = CARTESIAN_POINT( '', ( -0.162500000000000, 0.305000000000000, -0.0562500000000000 ) );
#10812 = VECTOR( '', #13866, 39.3700787402000 );
#10813 = CARTESIAN_POINT( '', ( -0.162500000000000, 0.298750000000000, -0.0625000000000000 ) );
#10814 = CARTESIAN_POINT( '', ( -0.162500000000000, 0.298750000000000, -0.0625000000000000 ) );
#10815 = VECTOR( '', #13867, 39.3700787402000 );
#10816 = CARTESIAN_POINT( '', ( -0.162500000000000, 0.0600000000000000, -0.0625000000000000 ) );
#10817 = CARTESIAN_POINT( '', ( -0.162500000000000, -0.0225000000000000, -0.0625000000000000 ) );
#10818 = VECTOR( '', #13868, 39.3700787402000 );
#10819 = CARTESIAN_POINT( '', ( -0.162500000000000, 0.0600000000000000, 0.145000000000000 ) );
#10820 = VECTOR( '', #13869, 39.3700787402000 );
#10821 = COLOUR_RGB( '', 0.689999997600000, 0.689999997600000, 0.689999997600000 );
#10822 = CARTESIAN_POINT( '', ( 0.123000000000000, 0.305000000000000, -0.00500000000000000 ) );
#10823 = CARTESIAN_POINT( '', ( 0.113626959721360, 0.320000000000000, -0.00500000000000000 ) );
#10824 = CARTESIAN_POINT( '', ( 0.214579741019592, 0.158441778285709, -0.00500000000000000 ) );
#10825 = VECTOR( '', #13870, 39.3700787402000 );
#10826 = CARTESIAN_POINT( '', ( 0.126666680796634, 0.200000000000000, -0.00500000000000000 ) );
#10827 = CARTESIAN_POINT( '', ( 0.130476958278576, 0.0908879289489224, -0.00500000000000000 ) );
#10828 = VECTOR( '', #13871, 39.3700787402000 );
#10829 = CARTESIAN_POINT( '', ( 0.173333319203367, 0.200000000000000, -0.00500000000000000 ) );
#10830 = CARTESIAN_POINT( '', ( 0.105050000000000, 0.200000000000000, -0.00500000000000000 ) );
#10831 = VECTOR( '', #13872, 39.3700787402000 );
#10832 = CARTESIAN_POINT( '', ( 0.177000000000000, 0.305000000000000, -0.00500000000000000 ) );
#10833 = CARTESIAN_POINT( '', ( 0.169413545780604, 0.0877523754541240, -0.00500000000000000 ) );
#10834 = VECTOR( '', #13873, 39.3700787402000 );
#10835 = CARTESIAN_POINT( '', ( 0.186373040278640, 0.320000000000000, -0.00500000000000000 ) );
#10836 = CARTESIAN_POINT( '', ( 0.0601750420285766, 0.118040985904562, -0.00500000000000000 ) );
#10837 = VECTOR( '', #13874, 39.3700787402000 );
#10838 = CARTESIAN_POINT( '', ( 0.194950000000000, 0.320000000000000, -0.00500000000000000 ) );
#10839 = CARTESIAN_POINT( '', ( 0.105050000000000, 0.320000000000000, -0.00500000000000000 ) );
#10840 = VECTOR( '', #13875, 39.3700787402000 );
#10841 = CARTESIAN_POINT( '', ( 0.194950000000000, 0.0900000000000000, -0.00500000000000000 ) );
#10842 = CARTESIAN_POINT( '', ( 0.194950000000000, 0.0900000000000000, -0.00500000000000000 ) );
#10843 = VECTOR( '', #13876, 39.3700787402000 );
#10844 = CARTESIAN_POINT( '', ( 0.105050000000000, 0.0900000000000000, -0.00500000000000000 ) );
#10845 = CARTESIAN_POINT( '', ( 0.105050000000000, 0.0900000000000000, -0.00500000000000000 ) );
#10846 = VECTOR( '', #13877, 39.3700787402000 );
#10847 = CARTESIAN_POINT( '', ( 0.105050000000000, 0.320000000000000, -0.00500000000000000 ) );
#10848 = CARTESIAN_POINT( '', ( 0.105050000000000, 0.0900000000000000, -0.00500000000000000 ) );
#10849 = VECTOR( '', #13878, 39.3700787402000 );
#10850 = CARTESIAN_POINT( '', ( 0.105050000000000, 0.320000000000000, -0.00500000000000000 ) );
#10851 = VECTOR( '', #13879, 39.3700787402000 );
#10852 = COLOUR_RGB( '', 1.00000000000000, 1.00000000000000, 0.000000000000000 );
#10853 = CARTESIAN_POINT( '', ( -0.0375000000000000, 0.0400000000000000, 0.0625000000000000 ) );
#10854 = CARTESIAN_POINT( '', ( -0.0375000000000000, -0.122500000000000, 0.0625000000000000 ) );
#10855 = CARTESIAN_POINT( '', ( -0.0375000000000000, 0.298750000000000, 0.0625000000000000 ) );
#10856 = VECTOR( '', #13880, 39.3700787402000 );
#10857 = CARTESIAN_POINT( '', ( -0.0375000000000000, -0.172500000000000, 0.0125000000000000 ) );
#10858 = AXIS2_PLACEMENT_3D( '', #13881, #13882, #13883 );
#10859 = CARTESIAN_POINT( '', ( -0.0375000000000000, -0.172500000000000, -0.223750000000000 ) );
#10860 = CARTESIAN_POINT( '', ( -0.0375000000000000, -0.172500000000000, 0.0125000000000000 ) );
#10861 = VECTOR( '', #13884, 39.3700787402000 );
#10862 = CARTESIAN_POINT( '', ( -0.0375000000000000, -0.166250000000000, -0.230000000000000 ) );
#10863 = CARTESIAN_POINT( '', ( -0.0375000000000000, -0.172500000000000, -0.223750000000000 ) );
#10864 = VECTOR( '', #13885, 39.3700787402000 );
#10865 = CARTESIAN_POINT( '', ( -0.0375000000000000, -0.153750000000000, -0.230000000000000 ) );
#10866 = CARTESIAN_POINT( '', ( -0.0375000000000000, 0.0400000000000000, -0.230000000000000 ) );
#10867 = VECTOR( '', #13886, 39.3700787402000 );
#10868 = CARTESIAN_POINT( '', ( -0.0375000000000000, -0.147500000000000, -0.223750000000000 ) );
#10869 = CARTESIAN_POINT( '', ( -0.0375000000000000, -0.153750000000000, -0.230000000000000 ) );
#10870 = VECTOR( '', #13887, 39.3700787402000 );
#10871 = CARTESIAN_POINT( '', ( -0.0375000000000000, -0.147500000000000, 0.0125000000000000 ) );
#10872 = CARTESIAN_POINT( '', ( -0.0375000000000000, -0.147500000000000, -0.223750000000000 ) );
#10873 = VECTOR( '', #13888, 39.3700787402000 );
#10874 = CARTESIAN_POINT( '', ( -0.0375000000000000, -0.122500000000000, 0.0375000000000000 ) );
#10875 = AXIS2_PLACEMENT_3D( '', #13889, #13890, #13891 );
#10876 = CARTESIAN_POINT( '', ( -0.0375000000000000, 0.0400000000000000, 0.0375000000000000 ) );
#10877 = CARTESIAN_POINT( '', ( -0.0375000000000000, -0.122500000000000, 0.0375000000000000 ) );
#10878 = VECTOR( '', #13892, 39.3700787402000 );
#10879 = CARTESIAN_POINT( '', ( -0.0375000000000000, 0.0400000000000000, 0.145000000000000 ) );
#10880 = VECTOR( '', #13893, 39.3700787402000 );
#10881 = COLOUR_RGB( '', 0.689999997600000, 0.689999997600000, 0.689999997600000 );
#10882 = CARTESIAN_POINT( '', ( 0.330000000000000, 0.0200000000000000, 0.115000000000000 ) );
#10883 = CARTESIAN_POINT( '', ( 0.330000000000000, 0.0200000000000000, 0.0750000000000000 ) );
#10884 = CARTESIAN_POINT( '', ( 0.330000000000000, 0.0200000000000000, 0.115000000000000 ) );
#10885 = VECTOR( '', #13894, 39.3700787402000 );
#10886 = CARTESIAN_POINT( '', ( 0.330000000000000, 0.320000000000000, 0.0750000000000000 ) );
#10887 = CARTESIAN_POINT( '', ( 0.330000000000000, 0.000000000000000, 0.0750000000000000 ) );
#10888 = VECTOR( '', #13895, 39.3700787402000 );
#10889 = CARTESIAN_POINT( '', ( 0.330000000000000, 0.320000000000000, 0.145000000000000 ) );
#10890 = CARTESIAN_POINT( '', ( 0.330000000000000, 0.320000000000000, -0.145000000000000 ) );
#10891 = VECTOR( '', #13896, 39.3700787402000 );
#10892 = CARTESIAN_POINT( '', ( 0.330000000000000, 0.000000000000000, 0.145000000000000 ) );
#10893 = CARTESIAN_POINT( '', ( 0.330000000000000, 0.320000000000000, 0.145000000000000 ) );
#10894 = VECTOR( '', #13897, 39.3700787402000 );
#10895 = CARTESIAN_POINT( '', ( 0.330000000000000, 0.000000000000000, 0.115000000000000 ) );
#10896 = CARTESIAN_POINT( '', ( 0.330000000000000, 0.000000000000000, 0.145000000000000 ) );
#10897 = VECTOR( '', #13898, 39.3700787402000 );
#10898 = CARTESIAN_POINT( '', ( 0.330000000000000, 0.000000000000000, 0.115000000000000 ) );
#10899 = VECTOR( '', #13899, 39.3700787402000 );
#10900 = COLOUR_RGB( '', 1.00000000000000, 1.00000000000000, 0.000000000000000 );
#10901 = CARTESIAN_POINT( '', ( -0.137500000000000, 0.298750000000000, 0.0375000000000000 ) );
#10902 = CARTESIAN_POINT( '', ( 0.262500000000000, 0.298750000000000, 0.0375000000000000 ) );
#10903 = VECTOR( '', #13900, 39.3700787402000 );
#10904 = CARTESIAN_POINT( '', ( -0.137500000000000, 0.0650000000000000, 0.0375000000000000 ) );
#10905 = CARTESIAN_POINT( '', ( -0.137500000000000, 0.0650000000000000, 0.0375000000000000 ) );
#10906 = VECTOR( '', #13901, 39.3700787402000 );
#10907 = CARTESIAN_POINT( '', ( 0.262500000000000, 0.0650000000000000, 0.0375000000000000 ) );
#10908 = VECTOR( '', #13902, 39.3700787402000 );
#10909 = COLOUR_RGB( '', 1.00000000000000, 1.00000000000000, 0.000000000000000 );
#10910 = CARTESIAN_POINT( '', ( 0.237500000000000, 0.298750000000000, 0.0625000000000000 ) );
#10911 = CARTESIAN_POINT( '', ( 0.237500000000000, 0.305000000000000, 0.0562500000000000 ) );
#10912 = CARTESIAN_POINT( '', ( 0.237500000000000, 0.305000000000000, 0.0562500000000000 ) );
#10913 = VECTOR( '', #13903, 39.3700787402000 );
#10914 = CARTESIAN_POINT( '', ( 0.262500000000000, 0.298750000000000, 0.0625000000000000 ) );
#10915 = CARTESIAN_POINT( '', ( 0.262500000000000, 0.298750000000000, 0.0625000000000000 ) );
#10916 = VECTOR( '', #13904, 39.3700787402000 );
#10917 = CARTESIAN_POINT( '', ( 0.262500000000000, 0.305000000000000, 0.0562500000000000 ) );
#10918 = CARTESIAN_POINT( '', ( 0.262500000000000, 0.305000000000000, 0.0562500000000000 ) );
#10919 = VECTOR( '', #13905, 39.3700787402000 );
#10920 = CARTESIAN_POINT( '', ( 0.262500000000000, 0.305000000000000, 0.0562500000000000 ) );
#10921 = VECTOR( '', #13906, 39.3700787402000 );
#10922 = COLOUR_RGB( '', 0.689999997600000, 0.689999997600000, 0.689999997600000 );
#10923 = CARTESIAN_POINT( '', ( -0.0825000000000001, 0.000000000000000, 0.125000000000000 ) );
#10924 = CARTESIAN_POINT( '', ( -0.0824999999999999, 0.000000000000000, 0.115000000000000 ) );
#10925 = CARTESIAN_POINT( '', ( -0.0825000000000000, 0.000000000000000, 0.145000000000000 ) );
#10926 = VECTOR( '', #13907, 39.3700787402000 );
#10927 = CARTESIAN_POINT( '', ( -0.117500000000000, 0.000000000000000, 0.125000000000000 ) );
#10928 = CARTESIAN_POINT( '', ( -0.307500000000000, 0.000000000000000, 0.125000000000000 ) );
#10929 = VECTOR( '', #13908, 39.3700787402000 );
#10930 = CARTESIAN_POINT( '', ( -0.117500000000000, 0.000000000000000, 0.115000000000000 ) );
#10931 = CARTESIAN_POINT( '', ( -0.117500000000000, 0.000000000000000, 0.145000000000000 ) );
#10932 = VECTOR( '', #13909, 39.3700787402000 );
#10933 = CARTESIAN_POINT( '', ( 0.330000000000000, 0.000000000000000, 0.115000000000000 ) );
#10934 = VECTOR( '', #13910, 39.3700787402000 );
#10935 = COLOUR_RGB( '', 1.00000000000000, 1.00000000000000, 0.000000000000000 );
#10936 = CARTESIAN_POINT( '', ( 0.162500000000000, 0.0400000000000000, -0.0375000000000000 ) );
#10937 = CARTESIAN_POINT( '', ( 0.162500000000000, -0.0225000000000000, -0.0375000000000000 ) );
#10938 = CARTESIAN_POINT( '', ( 0.162500000000000, 0.0400000000000000, -0.0375000000000000 ) );
#10939 = VECTOR( '', #13911, 39.3700787402000 );
#10940 = CARTESIAN_POINT( '', ( 0.162500000000000, -0.0725000000000000, -0.0875000000000000 ) );
#10941 = AXIS2_PLACEMENT_3D( '', #13912, #13913, #13914 );
#10942 = CARTESIAN_POINT( '', ( 0.162500000000000, -0.0725000000000000, -0.223750000000000 ) );
#10943 = CARTESIAN_POINT( '', ( 0.162500000000000, -0.0725000000000000, -0.0875000000000000 ) );
#10944 = VECTOR( '', #13915, 39.3700787402000 );
#10945 = CARTESIAN_POINT( '', ( 0.162500000000000, -0.0662499999999999, -0.230000000000000 ) );
#10946 = CARTESIAN_POINT( '', ( 0.162500000000000, -0.0725000000000000, -0.223750000000000 ) );
#10947 = VECTOR( '', #13916, 39.3700787402000 );
#10948 = CARTESIAN_POINT( '', ( 0.162500000000000, -0.0537500000000000, -0.230000000000000 ) );
#10949 = CARTESIAN_POINT( '', ( 0.162500000000000, 0.0400000000000000, -0.230000000000000 ) );
#10950 = VECTOR( '', #13917, 39.3700787402000 );
#10951 = CARTESIAN_POINT( '', ( 0.162500000000000, -0.0475000000000000, -0.223750000000000 ) );
#10952 = CARTESIAN_POINT( '', ( 0.162500000000000, -0.0537500000000000, -0.230000000000000 ) );
#10953 = VECTOR( '', #13918, 39.3700787402000 );
#10954 = CARTESIAN_POINT( '', ( 0.162500000000000, -0.0475000000000000, -0.0875000000000000 ) );
#10955 = CARTESIAN_POINT( '', ( 0.162500000000000, -0.0475000000000000, -0.223750000000000 ) );
#10956 = VECTOR( '', #13919, 39.3700787402000 );
#10957 = CARTESIAN_POINT( '', ( 0.162500000000000, -0.0225000000000000, -0.0625000000000000 ) );
#10958 = AXIS2_PLACEMENT_3D( '', #13920, #13921, #13922 );
#10959 = CARTESIAN_POINT( '', ( 0.162500000000000, 0.0400000000000000, -0.0625000000000000 ) );
#10960 = CARTESIAN_POINT( '', ( 0.162500000000000, -0.0225000000000000, -0.0625000000000000 ) );
#10961 = VECTOR( '', #13923, 39.3700787402000 );
#10962 = CARTESIAN_POINT( '', ( 0.162500000000000, 0.0400000000000000, 0.145000000000000 ) );
#10963 = VECTOR( '', #13924, 39.3700787402000 );
#10964 = COLOUR_RGB( '', 1.00000000000000, 1.00000000000000, 0.000000000000000 );
#10965 = CARTESIAN_POINT( '', ( -0.237500000000000, 0.0400000000000000, -0.0375000000000000 ) );
#10966 = CARTESIAN_POINT( '', ( -0.237500000000000, -0.0225000000000000, -0.0375000000000000 ) );
#10967 = CARTESIAN_POINT( '', ( -0.237500000000000, 0.0400000000000000, -0.0375000000000000 ) );
#10968 = VECTOR( '', #13925, 39.3700787402000 );
#10969 = CARTESIAN_POINT( '', ( -0.237500000000000, -0.0725000000000000, -0.0875000000000000 ) );
#10970 = AXIS2_PLACEMENT_3D( '', #13926, #13927, #13928 );
#10971 = CARTESIAN_POINT( '', ( -0.237500000000000, -0.0725000000000000, -0.223750000000000 ) );
#10972 = CARTESIAN_POINT( '', ( -0.237500000000000, -0.0725000000000000, -0.0875000000000000 ) );
#10973 = VECTOR( '', #13929, 39.3700787402000 );
#10974 = CARTESIAN_POINT( '', ( -0.237500000000000, -0.0662499999999999, -0.230000000000000 ) );
#10975 = CARTESIAN_POINT( '', ( -0.237500000000000, -0.0725000000000000, -0.223750000000000 ) );
#10976 = VECTOR( '', #13930, 39.3700787402000 );
#10977 = CARTESIAN_POINT( '', ( -0.237500000000000, -0.0537500000000000, -0.230000000000000 ) );
#10978 = CARTESIAN_POINT( '', ( -0.237500000000000, 0.0400000000000000, -0.230000000000000 ) );
#10979 = VECTOR( '', #13931, 39.3700787402000 );
#10980 = CARTESIAN_POINT( '', ( -0.237500000000000, -0.0475000000000000, -0.223750000000000 ) );
#10981 = CARTESIAN_POINT( '', ( -0.237500000000000, -0.0537500000000000, -0.230000000000000 ) );
#10982 = VECTOR( '', #13932, 39.3700787402000 );
#10983 = CARTESIAN_POINT( '', ( -0.237500000000000, -0.0475000000000000, -0.0875000000000000 ) );
#10984 = CARTESIAN_POINT( '', ( -0.237500000000000, -0.0475000000000000, -0.223750000000000 ) );
#10985 = VECTOR( '', #13933, 39.3700787402000 );
#10986 = CARTESIAN_POINT( '', ( -0.237500000000000, -0.0225000000000000, -0.0625000000000000 ) );
#10987 = AXIS2_PLACEMENT_3D( '', #13934, #13935, #13936 );
#10988 = CARTESIAN_POINT( '', ( -0.237500000000000, 0.0400000000000000, -0.0625000000000000 ) );
#10989 = CARTESIAN_POINT( '', ( -0.237500000000000, -0.0225000000000000, -0.0625000000000000 ) );
#10990 = VECTOR( '', #13937, 39.3700787402000 );
#10991 = CARTESIAN_POINT( '', ( -0.237500000000000, 0.0400000000000000, 0.145000000000000 ) );
#10992 = VECTOR( '', #13938, 39.3700787402000 );
#10993 = COLOUR_RGB( '', 1.00000000000000, 1.00000000000000, 0.000000000000000 );
#10994 = CARTESIAN_POINT( '', ( -0.262500000000000, -0.0225000000000000, -0.0375000000000000 ) );
#10995 = CARTESIAN_POINT( '', ( 0.262500000000000, -0.0225000000000000, -0.0375000000000000 ) );
#10996 = VECTOR( '', #13939, 39.3700787402000 );
#10997 = CARTESIAN_POINT( '', ( -0.262500000000000, -0.0725000000000000, -0.0875000000000000 ) );
#10998 = AXIS2_PLACEMENT_3D( '', #13940, #13941, #13942 );
#10999 = CARTESIAN_POINT( '', ( 0.262500000000000, -0.0725000000000000, -0.0875000000000000 ) );
#11000 = VECTOR( '', #13943, 39.3700787402000 );
#11001 = COLOUR_RGB( '', 1.00000000000000, 1.00000000000000, 0.000000000000000 );
#11002 = CARTESIAN_POINT( '', ( -0.0625000000000000, 0.298750000000000, 0.0625000000000000 ) );
#11003 = CARTESIAN_POINT( '', ( -0.0625000000000000, 0.305000000000000, 0.0562500000000000 ) );
#11004 = CARTESIAN_POINT( '', ( -0.0625000000000000, 0.305000000000000, 0.0562500000000000 ) );
#11005 = VECTOR( '', #13944, 39.3700787402000 );
#11006 = CARTESIAN_POINT( '', ( -0.0374999999999999, 0.298750000000000, 0.0625000000000000 ) );
#11007 = CARTESIAN_POINT( '', ( 0.262500000000000, 0.298750000000000, 0.0625000000000000 ) );
#11008 = VECTOR( '', #13945, 39.3700787402000 );
#11009 = CARTESIAN_POINT( '', ( -0.0374999999999999, 0.305000000000000, 0.0562500000000000 ) );
#11010 = CARTESIAN_POINT( '', ( -0.0374999999999999, 0.305000000000000, 0.0562500000000000 ) );
#11011 = VECTOR( '', #13946, 39.3700787402000 );
#11012 = CARTESIAN_POINT( '', ( 0.262500000000000, 0.305000000000000, 0.0562500000000000 ) );
#11013 = VECTOR( '', #13947, 39.3700787402000 );
#11014 = COLOUR_RGB( '', 0.689999997600000, 0.689999997600000, 0.689999997600000 );
#11015 = CARTESIAN_POINT( '', ( 0.0750000000000000, 0.320000000000000, -0.145000000000000 ) );
#11016 = CARTESIAN_POINT( '', ( 0.0750000000000000, 0.0200000000000000, -0.145000000000000 ) );
#11017 = CARTESIAN_POINT( '', ( 0.0750000000000000, 0.320000000000000, -0.145000000000000 ) );
#11018 = VECTOR( '', #13948, 39.3700787402000 );
#11019 = CARTESIAN_POINT( '', ( 0.0750000000000000, 0.320000000000000, -0.125000000000000 ) );
#11020 = CARTESIAN_POINT( '', ( 0.0750000000000000, 0.320000000000000, -0.125000000000000 ) );
#11021 = VECTOR( '', #13949, 39.3700787402000 );
#11022 = CARTESIAN_POINT( '', ( 0.0750000000000000, 0.0200000000000000, -0.125000000000000 ) );
#11023 = CARTESIAN_POINT( '', ( 0.0750000000000000, 0.320000000000000, -0.125000000000000 ) );
#11024 = VECTOR( '', #13950, 39.3700787402000 );
#11025 = CARTESIAN_POINT( '', ( 0.0750000000000000, 0.0200000000000000, 0.115000000000000 ) );
#11026 = VECTOR( '', #13951, 39.3700787402000 );
#11027 = COLOUR_RGB( '', 0.689999997600000, 0.689999997600000, 0.689999997600000 );
#11028 = CARTESIAN_POINT( '', ( 0.307500000000000, 0.000000000000000, -0.115000000000000 ) );
#11029 = CARTESIAN_POINT( '', ( 0.307500000000000, 0.0200000000000000, -0.115000000000000 ) );
#11030 = CARTESIAN_POINT( '', ( 0.307500000000000, 0.0200000000000000, -0.115000000000000 ) );
#11031 = VECTOR( '', #13952, 39.3700787402000 );
#11032 = CARTESIAN_POINT( '', ( 0.330000000000000, 0.000000000000000, -0.115000000000000 ) );
#11033 = CARTESIAN_POINT( '', ( 0.330000000000000, 0.000000000000000, -0.115000000000000 ) );
#11034 = VECTOR( '', #13953, 39.3700787402000 );
#11035 = CARTESIAN_POINT( '', ( 0.330000000000000, 0.0200000000000000, -0.115000000000000 ) );
#11036 = CARTESIAN_POINT( '', ( 0.330000000000000, 0.0200000000000000, -0.115000000000000 ) );
#11037 = VECTOR( '', #13954, 39.3700787402000 );
#11038 = CARTESIAN_POINT( '', ( 0.330000000000000, 0.0200000000000000, -0.115000000000000 ) );
#11039 = VECTOR( '', #13955, 39.3700787402000 );
#11040 = COLOUR_RGB( '', 1.00000000000000, 1.00000000000000, 0.000000000000000 );
#11041 = CARTESIAN_POINT( '', ( -0.137500000000000, -0.122500000000000, 0.0375000000000000 ) );
#11042 = CARTESIAN_POINT( '', ( -0.137500000000000, 0.0400000000000000, 0.0375000000000000 ) );
#11043 = CARTESIAN_POINT( '', ( -0.137500000000000, -0.122500000000000, 0.0375000000000000 ) );
#11044 = VECTOR( '', #13956, 39.3700787402000 );
#11045 = CARTESIAN_POINT( '', ( -0.162500000000000, -0.122500000000000, 0.0375000000000000 ) );
#11046 = CARTESIAN_POINT( '', ( 0.262500000000000, -0.122500000000000, 0.0375000000000000 ) );
#11047 = VECTOR( '', #13957, 39.3700787402000 );
#11048 = CARTESIAN_POINT( '', ( -0.162500000000000, 0.0400000000000000, 0.0375000000000000 ) );
#11049 = CARTESIAN_POINT( '', ( -0.162500000000000, -0.122500000000000, 0.0375000000000000 ) );
#11050 = VECTOR( '', #13958, 39.3700787402000 );
#11051 = CARTESIAN_POINT( '', ( 0.262500000000000, 0.0400000000000000, 0.0375000000000000 ) );
#11052 = VECTOR( '', #13959, 39.3700787402000 );
#11053 = COLOUR_RGB( '', 0.689999997600000, 0.689999997600000, 0.689999997600000 );
#11054 = CARTESIAN_POINT( '', ( -0.177000000000000, 0.305000000000000, -0.00500000000000000 ) );
#11055 = CARTESIAN_POINT( '', ( -0.186373040278640, 0.320000000000000, -0.00500000000000000 ) );
#11056 = CARTESIAN_POINT( '', ( -0.0854202589804076, 0.158441778285709, -0.00500000000000000 ) );
#11057 = VECTOR( '', #13960, 39.3700787402000 );
#11058 = CARTESIAN_POINT( '', ( -0.173333319203366, 0.200000000000000, -0.00500000000000000 ) );
#11059 = CARTESIAN_POINT( '', ( -0.169523041721425, 0.0908879289489224, -0.00500000000000000 ) );
#11060 = VECTOR( '', #13961, 39.3700787402000 );
#11061 = CARTESIAN_POINT( '', ( -0.126666680796634, 0.200000000000000, -0.00500000000000000 ) );
#11062 = CARTESIAN_POINT( '', ( -0.194950000000000, 0.200000000000000, -0.00500000000000000 ) );
#11063 = VECTOR( '', #13962, 39.3700787402000 );
#11064 = CARTESIAN_POINT( '', ( -0.123000000000000, 0.305000000000000, -0.00500000000000000 ) );
#11065 = CARTESIAN_POINT( '', ( -0.130586454219396, 0.0877523754541240, -0.00500000000000000 ) );
#11066 = VECTOR( '', #13963, 39.3700787402000 );
#11067 = CARTESIAN_POINT( '', ( -0.113626959721360, 0.320000000000000, -0.00500000000000000 ) );
#11068 = CARTESIAN_POINT( '', ( -0.239824957971423, 0.118040985904562, -0.00500000000000000 ) );
#11069 = VECTOR( '', #13964, 39.3700787402000 );
#11070 = CARTESIAN_POINT( '', ( -0.105050000000000, 0.320000000000000, -0.00500000000000000 ) );
#11071 = CARTESIAN_POINT( '', ( -0.194950000000000, 0.320000000000000, -0.00500000000000000 ) );
#11072 = VECTOR( '', #13965, 39.3700787402000 );
#11073 = CARTESIAN_POINT( '', ( -0.105050000000000, 0.0900000000000000, -0.00500000000000000 ) );
#11074 = CARTESIAN_POINT( '', ( -0.105050000000000, 0.0900000000000000, -0.00500000000000000 ) );
#11075 = VECTOR( '', #13966, 39.3700787402000 );
#11076 = CARTESIAN_POINT( '', ( -0.194950000000000, 0.0900000000000000, -0.00500000000000000 ) );
#11077 = CARTESIAN_POINT( '', ( -0.194950000000000, 0.0900000000000000, -0.00500000000000000 ) );
#11078 = VECTOR( '', #13967, 39.3700787402000 );
#11079 = CARTESIAN_POINT( '', ( -0.194950000000000, 0.320000000000000, -0.00500000000000000 ) );
#11080 = CARTESIAN_POINT( '', ( -0.194950000000000, 0.0900000000000000, -0.00500000000000000 ) );
#11081 = VECTOR( '', #13968, 39.3700787402000 );
#11082 = CARTESIAN_POINT( '', ( -0.194950000000000, 0.320000000000000, -0.00500000000000000 ) );
#11083 = VECTOR( '', #13969, 39.3700787402000 );
#11084 = COLOUR_RGB( '', 1.00000000000000, 1.00000000000000, 0.000000000000000 );
#11085 = CARTESIAN_POINT( '', ( -0.0625000000000000, 0.0600000000000000, 0.0625000000000000 ) );
#11086 = CARTESIAN_POINT( '', ( -0.0625000000000000, 0.298750000000000, 0.0625000000000000 ) );
#11087 = VECTOR( '', #13970, 39.3700787402000 );
#11088 = CARTESIAN_POINT( '', ( -0.0625000000000000, 0.305000000000000, 0.0437500000000000 ) );
#11089 = CARTESIAN_POINT( '', ( -0.0625000000000000, 0.305000000000000, 0.0437500000000000 ) );
#11090 = VECTOR( '', #13971, 39.3700787402000 );
#11091 = CARTESIAN_POINT( '', ( -0.0625000000000000, 0.298750000000000, 0.0375000000000000 ) );
#11092 = CARTESIAN_POINT( '', ( -0.0625000000000000, 0.298750000000000, 0.0375000000000000 ) );
#11093 = VECTOR( '', #13972, 39.3700787402000 );
#11094 = CARTESIAN_POINT( '', ( -0.0625000000000000, 0.0650000000000000, 0.0375000000000000 ) );
#11095 = CARTESIAN_POINT( '', ( -0.0625000000000000, 0.0650000000000000, 0.0375000000000000 ) );
#11096 = VECTOR( '', #13973, 39.3700787402000 );
#11097 = CARTESIAN_POINT( '', ( -0.0625000000000000, 0.0650000000000000, -0.0375000000000000 ) );
#11098 = CARTESIAN_POINT( '', ( -0.0625000000000000, 0.0650000000000000, -0.0375000000000000 ) );
#11099 = VECTOR( '', #13974, 39.3700787402000 );
#11100 = CARTESIAN_POINT( '', ( -0.0625000000000000, 0.298750000000000, -0.0375000000000000 ) );
#11101 = CARTESIAN_POINT( '', ( -0.0625000000000000, 0.298750000000000, -0.0375000000000000 ) );
#11102 = VECTOR( '', #13975, 39.3700787402000 );
#11103 = CARTESIAN_POINT( '', ( -0.0625000000000000, 0.305000000000000, -0.0437500000000000 ) );
#11104 = CARTESIAN_POINT( '', ( -0.0625000000000000, 0.305000000000000, -0.0437500000000000 ) );
#11105 = VECTOR( '', #13976, 39.3700787402000 );
#11106 = CARTESIAN_POINT( '', ( -0.0625000000000000, 0.305000000000000, -0.0562500000000000 ) );
#11107 = CARTESIAN_POINT( '', ( -0.0625000000000000, 0.305000000000000, -0.0562500000000000 ) );
#11108 = VECTOR( '', #13977, 39.3700787402000 );
#11109 = CARTESIAN_POINT( '', ( -0.0625000000000000, 0.298750000000000, -0.0625000000000000 ) );
#11110 = CARTESIAN_POINT( '', ( -0.0625000000000000, 0.298750000000000, -0.0625000000000000 ) );
#11111 = VECTOR( '', #13978, 39.3700787402000 );
#11112 = CARTESIAN_POINT( '', ( -0.0625000000000000, 0.0600000000000000, -0.0625000000000000 ) );
#11113 = CARTESIAN_POINT( '', ( -0.0625000000000000, -0.0225000000000000, -0.0625000000000000 ) );
#11114 = VECTOR( '', #13979, 39.3700787402000 );
#11115 = CARTESIAN_POINT( '', ( -0.0625000000000000, 0.0600000000000000, 0.145000000000000 ) );
#11116 = VECTOR( '', #13980, 39.3700787402000 );
#11117 = COLOUR_RGB( '', 1.00000000000000, 1.00000000000000, 0.000000000000000 );
#11118 = CARTESIAN_POINT( '', ( -0.237500000000000, -0.122500000000000, 0.0625000000000000 ) );
#11119 = CARTESIAN_POINT( '', ( -0.237500000000000, -0.172500000000000, 0.0125000000000000 ) );
#11120 = AXIS2_PLACEMENT_3D( '', #13981, #13982, #13983 );
#11121 = CARTESIAN_POINT( '', ( -0.262500000000000, -0.122500000000000, 0.0625000000000000 ) );
#11122 = CARTESIAN_POINT( '', ( 0.262500000000000, -0.122500000000000, 0.0625000000000000 ) );
#11123 = VECTOR( '', #13984, 39.3700787402000 );
#11124 = CARTESIAN_POINT( '', ( -0.262500000000000, -0.172500000000000, 0.0125000000000000 ) );
#11125 = AXIS2_PLACEMENT_3D( '', #13985, #13986, #13987 );
#11126 = CARTESIAN_POINT( '', ( 0.262500000000000, -0.172500000000000, 0.0125000000000000 ) );
#11127 = VECTOR( '', #13988, 39.3700787402000 );
#11128 = COLOUR_RGB( '', 1.00000000000000, 1.00000000000000, 0.000000000000000 );
#11129 = CARTESIAN_POINT( '', ( -0.137500000000000, 0.0600000000000000, 0.0625000000000000 ) );
#11130 = CARTESIAN_POINT( '', ( 0.262500000000000, 0.0600000000000000, 0.0625000000000000 ) );
#11131 = VECTOR( '', #13989, 39.3700787402000 );
#11132 = CARTESIAN_POINT( '', ( -0.137500000000000, 0.0600000000000000, -0.0625000000000000 ) );
#11133 = CARTESIAN_POINT( '', ( 0.262500000000000, 0.0600000000000000, -0.0625000000000000 ) );
#11134 = VECTOR( '', #13990, 39.3700787402000 );
#11135 = CARTESIAN_POINT( '', ( -0.137500000000000, 0.0600000000000000, 0.145000000000000 ) );
#11136 = VECTOR( '', #13991, 39.3700787402000 );
#11137 = COLOUR_RGB( '', 1.00000000000000, 1.00000000000000, 0.000000000000000 );
#11138 = CARTESIAN_POINT( '', ( -0.0374999999999999, 0.305000000000000, 0.0437500000000000 ) );
#11139 = CARTESIAN_POINT( '', ( 0.262500000000000, 0.305000000000000, 0.0437500000000000 ) );
#11140 = VECTOR( '', #13992, 39.3700787402000 );
#11141 = CARTESIAN_POINT( '', ( -0.0374999999999999, 0.298750000000000, 0.0375000000000000 ) );
#11142 = CARTESIAN_POINT( '', ( -0.0374999999999999, 0.298750000000000, 0.0375000000000000 ) );
#11143 = VECTOR( '', #13993, 39.3700787402000 );
#11144 = CARTESIAN_POINT( '', ( 0.262500000000000, 0.298750000000000, 0.0375000000000000 ) );
#11145 = VECTOR( '', #13994, 39.3700787402000 );
#11146 = COLOUR_RGB( '', 0.689999997600000, 0.689999997600000, 0.689999997600000 );
#11147 = CARTESIAN_POINT( '', ( 0.0733333192033665, 0.200000000000000, -0.00500000000000000 ) );
#11148 = CARTESIAN_POINT( '', ( 0.0266666807966336, 0.200000000000000, -0.00500000000000000 ) );
#11149 = CARTESIAN_POINT( '', ( 0.00505000000000006, 0.200000000000000, -0.00500000000000000 ) );
#11150 = VECTOR( '', #13995, 39.3700787402000 );
#11151 = CARTESIAN_POINT( '', ( 0.0266666807966336, 0.200000000000000, 0.00510000000000000 ) );
#11152 = CARTESIAN_POINT( '', ( 0.0266666807966336, 0.200000000000000, 0.0500000000000000 ) );
#11153 = VECTOR( '', #13996, 39.3700787402000 );
#11154 = CARTESIAN_POINT( '', ( 0.0733333192033665, 0.200000000000000, 0.00510000000000000 ) );
#11155 = CARTESIAN_POINT( '', ( 0.0949500000000000, 0.200000000000000, 0.00510000000000000 ) );
#11156 = VECTOR( '', #13997, 39.3700787402000 );
#11157 = CARTESIAN_POINT( '', ( 0.0733333192033665, 0.200000000000000, 0.0500000000000000 ) );
#11158 = VECTOR( '', #13998, 39.3700787402000 );
#11159 = COLOUR_RGB( '', 0.689999997600000, 0.689999997600000, 0.689999997600000 );
#11160 = CARTESIAN_POINT( '', ( 0.226666680796634, 0.200000000000000, -0.00500000000000000 ) );
#11161 = CARTESIAN_POINT( '', ( 0.223000000000000, 0.305000000000000, -0.00500000000000000 ) );
#11162 = CARTESIAN_POINT( '', ( 0.230476958278576, 0.0908879289489224, -0.00500000000000000 ) );
#11163 = VECTOR( '', #13999, 39.3700787402000 );
#11164 = CARTESIAN_POINT( '', ( 0.223000000000000, 0.305000000000000, 0.00510000000000000 ) );
#11165 = CARTESIAN_POINT( '', ( 0.223000000000000, 0.305000000000000, 0.0500000000000000 ) );
#11166 = VECTOR( '', #14000, 39.3700787402000 );
#11167 = CARTESIAN_POINT( '', ( 0.226666680796634, 0.200000000000000, 0.00510000000000000 ) );
#11168 = CARTESIAN_POINT( '', ( 0.230586454219396, 0.0877523754541239, 0.00510000000000000 ) );
#11169 = VECTOR( '', #14001, 39.3700787402000 );
#11170 = CARTESIAN_POINT( '', ( 0.226666680796634, 0.200000000000000, 0.0500000000000000 ) );
#11171 = VECTOR( '', #14002, 39.3700787402000 );
#11172 = COLOUR_RGB( '', 1.00000000000000, 1.00000000000000, 0.000000000000000 );
#11173 = CARTESIAN_POINT( '', ( -0.237500000000000, -0.122500000000000, 0.0375000000000000 ) );
#11174 = CARTESIAN_POINT( '', ( -0.262500000000000, -0.122500000000000, 0.0375000000000000 ) );
#11175 = CARTESIAN_POINT( '', ( 0.262500000000000, -0.122500000000000, 0.0375000000000000 ) );
#11176 = VECTOR( '', #14003, 39.3700787402000 );
#11177 = CARTESIAN_POINT( '', ( -0.237500000000000, -0.147500000000000, 0.0125000000000000 ) );
#11178 = AXIS2_PLACEMENT_3D( '', #14004, #14005, #14006 );
#11179 = CARTESIAN_POINT( '', ( -0.262500000000000, -0.147500000000000, 0.0125000000000000 ) );
#11180 = CARTESIAN_POINT( '', ( 0.262500000000000, -0.147500000000000, 0.0125000000000000 ) );
#11181 = VECTOR( '', #14007, 39.3700787402000 );
#11182 = AXIS2_PLACEMENT_3D( '', #14008, #14009, #14010 );
#11183 = COLOUR_RGB( '', 1.00000000000000, 1.00000000000000, 0.000000000000000 );
#11184 = CARTESIAN_POINT( '', ( -0.137500000000000, -0.153750000000000, -0.230000000000000 ) );
#11185 = CARTESIAN_POINT( '', ( -0.137500000000000, -0.147500000000000, -0.223750000000000 ) );
#11186 = CARTESIAN_POINT( '', ( -0.137500000000000, -0.153750000000000, -0.230000000000000 ) );
#11187 = VECTOR( '', #14011, 39.3700787402000 );
#11188 = CARTESIAN_POINT( '', ( -0.162500000000000, -0.153750000000000, -0.230000000000000 ) );
#11189 = CARTESIAN_POINT( '', ( 0.262500000000000, -0.153750000000000, -0.230000000000000 ) );
#11190 = VECTOR( '', #14012, 39.3700787402000 );
#11191 = CARTESIAN_POINT( '', ( -0.162500000000000, -0.147500000000000, -0.223750000000000 ) );
#11192 = CARTESIAN_POINT( '', ( -0.162500000000000, -0.153750000000000, -0.230000000000000 ) );
#11193 = VECTOR( '', #14013, 39.3700787402000 );
#11194 = CARTESIAN_POINT( '', ( 0.262500000000000, -0.147500000000000, -0.223750000000000 ) );
#11195 = VECTOR( '', #14014, 39.3700787402000 );
#11196 = COLOUR_RGB( '', 1.00000000000000, 1.00000000000000, 0.000000000000000 );
#11197 = CARTESIAN_POINT( '', ( -0.237500000000000, 0.298750000000000, 0.0625000000000000 ) );
#11198 = CARTESIAN_POINT( '', ( -0.237500000000000, 0.0600000000000000, 0.0625000000000000 ) );
#11199 = CARTESIAN_POINT( '', ( -0.237500000000000, 0.298750000000000, 0.0625000000000000 ) );
#11200 = VECTOR( '', #14015, 39.3700787402000 );
#11201 = CARTESIAN_POINT( '', ( -0.262500000000000, 0.298750000000000, 0.0625000000000000 ) );
#11202 = CARTESIAN_POINT( '', ( 0.262500000000000, 0.298750000000000, 0.0625000000000000 ) );
#11203 = VECTOR( '', #14016, 39.3700787402000 );
#11204 = CARTESIAN_POINT( '', ( -0.262500000000000, 0.298750000000000, 0.0625000000000000 ) );
#11205 = VECTOR( '', #14017, 39.3700787402000 );
#11206 = CARTESIAN_POINT( '', ( -0.237500000000000, 0.0400000000000000, 0.0625000000000000 ) );
#11207 = CARTESIAN_POINT( '', ( -0.237500000000000, 0.298750000000000, 0.0625000000000000 ) );
#11208 = VECTOR( '', #14018, 39.3700787402000 );
#11209 = CARTESIAN_POINT( '', ( -0.162500000000000, 0.0400000000000000, 0.0625000000000000 ) );
#11210 = CARTESIAN_POINT( '', ( 0.262500000000000, 0.0400000000000000, 0.0625000000000000 ) );
#11211 = VECTOR( '', #14019, 39.3700787402000 );
#11212 = CARTESIAN_POINT( '', ( -0.162500000000000, -0.122500000000000, 0.0625000000000000 ) );
#11213 = CARTESIAN_POINT( '', ( -0.162500000000000, 0.298750000000000, 0.0625000000000000 ) );
#11214 = VECTOR( '', #14020, 39.3700787402000 );
#11215 = CARTESIAN_POINT( '', ( -0.137500000000000, -0.122500000000000, 0.0625000000000000 ) );
#11216 = CARTESIAN_POINT( '', ( 0.262500000000000, -0.122500000000000, 0.0625000000000000 ) );
#11217 = VECTOR( '', #14021, 39.3700787402000 );
#11218 = CARTESIAN_POINT( '', ( -0.137500000000000, 0.0400000000000000, 0.0625000000000000 ) );
#11219 = CARTESIAN_POINT( '', ( -0.137500000000000, 0.298750000000000, 0.0625000000000000 ) );
#11220 = VECTOR( '', #14022, 39.3700787402000 );
#11221 = CARTESIAN_POINT( '', ( -0.0625000000000000, 0.0400000000000000, 0.0625000000000000 ) );
#11222 = CARTESIAN_POINT( '', ( 0.262500000000000, 0.0400000000000000, 0.0625000000000000 ) );
#11223 = VECTOR( '', #14023, 39.3700787402000 );
#11224 = CARTESIAN_POINT( '', ( -0.0625000000000000, -0.122500000000000, 0.0625000000000000 ) );
#11225 = CARTESIAN_POINT( '', ( -0.0625000000000000, 0.298750000000000, 0.0625000000000000 ) );
#11226 = VECTOR( '', #14024, 39.3700787402000 );
#11227 = CARTESIAN_POINT( '', ( 0.262500000000000, -0.122500000000000, 0.0625000000000000 ) );
#11228 = VECTOR( '', #14025, 39.3700787402000 );
#11229 = CARTESIAN_POINT( '', ( 0.0375000000000000, 0.0400000000000000, 0.0625000000000000 ) );
#11230 = CARTESIAN_POINT( '', ( 0.262500000000000, 0.0400000000000000, 0.0625000000000000 ) );
#11231 = VECTOR( '', #14026, 39.3700787402000 );
#11232 = CARTESIAN_POINT( '', ( 0.0375000000000000, -0.122500000000000, 0.0625000000000000 ) );
#11233 = CARTESIAN_POINT( '', ( 0.0375000000000000, 0.298750000000000, 0.0625000000000000 ) );
#11234 = VECTOR( '', #14027, 39.3700787402000 );
#11235 = CARTESIAN_POINT( '', ( 0.0625000000000000, -0.122500000000000, 0.0625000000000000 ) );
#11236 = CARTESIAN_POINT( '', ( 0.262500000000000, -0.122500000000000, 0.0625000000000000 ) );
#11237 = VECTOR( '', #14028, 39.3700787402000 );
#11238 = CARTESIAN_POINT( '', ( 0.0625000000000000, 0.0400000000000000, 0.0625000000000000 ) );
#11239 = CARTESIAN_POINT( '', ( 0.0625000000000000, 0.298750000000000, 0.0625000000000000 ) );
#11240 = VECTOR( '', #14029, 39.3700787402000 );
#11241 = CARTESIAN_POINT( '', ( 0.137500000000000, 0.0400000000000000, 0.0625000000000000 ) );
#11242 = CARTESIAN_POINT( '', ( 0.262500000000000, 0.0400000000000000, 0.0625000000000000 ) );
#11243 = VECTOR( '', #14030, 39.3700787402000 );
#11244 = CARTESIAN_POINT( '', ( 0.137500000000000, -0.122500000000000, 0.0625000000000000 ) );
#11245 = CARTESIAN_POINT( '', ( 0.137500000000000, 0.298750000000000, 0.0625000000000000 ) );
#11246 = VECTOR( '', #14031, 39.3700787402000 );
#11247 = CARTESIAN_POINT( '', ( 0.162500000000000, -0.122500000000000, 0.0625000000000000 ) );
#11248 = CARTESIAN_POINT( '', ( 0.262500000000000, -0.122500000000000, 0.0625000000000000 ) );
#11249 = VECTOR( '', #14032, 39.3700787402000 );
#11250 = CARTESIAN_POINT( '', ( 0.162500000000000, 0.0400000000000000, 0.0625000000000000 ) );
#11251 = CARTESIAN_POINT( '', ( 0.162500000000000, 0.298750000000000, 0.0625000000000000 ) );
#11252 = VECTOR( '', #14033, 39.3700787402000 );
#11253 = CARTESIAN_POINT( '', ( 0.237500000000000, 0.0400000000000000, 0.0625000000000000 ) );
#11254 = CARTESIAN_POINT( '', ( 0.262500000000000, 0.0400000000000000, 0.0625000000000000 ) );
#11255 = VECTOR( '', #14034, 39.3700787402000 );
#11256 = CARTESIAN_POINT( '', ( 0.237500000000000, -0.122500000000000, 0.0625000000000000 ) );
#11257 = CARTESIAN_POINT( '', ( 0.237500000000000, 0.298750000000000, 0.0625000000000000 ) );
#11258 = VECTOR( '', #14035, 39.3700787402000 );
#11259 = CARTESIAN_POINT( '', ( 0.262500000000000, -0.122500000000000, 0.0625000000000000 ) );
#11260 = CARTESIAN_POINT( '', ( 0.262500000000000, -0.122500000000000, 0.0625000000000000 ) );
#11261 = VECTOR( '', #14036, 39.3700787402000 );
#11262 = CARTESIAN_POINT( '', ( 0.262500000000000, 0.298750000000000, 0.0625000000000000 ) );
#11263 = VECTOR( '', #14037, 39.3700787402000 );
#11264 = CARTESIAN_POINT( '', ( 0.237500000000000, 0.0600000000000000, 0.0625000000000000 ) );
#11265 = CARTESIAN_POINT( '', ( 0.237500000000000, 0.298750000000000, 0.0625000000000000 ) );
#11266 = VECTOR( '', #14038, 39.3700787402000 );
#11267 = CARTESIAN_POINT( '', ( 0.162500000000000, 0.0600000000000000, 0.0625000000000000 ) );
#11268 = CARTESIAN_POINT( '', ( 0.262500000000000, 0.0600000000000000, 0.0625000000000000 ) );
#11269 = VECTOR( '', #14039, 39.3700787402000 );
#11270 = CARTESIAN_POINT( '', ( 0.162500000000000, 0.298750000000000, 0.0625000000000000 ) );
#11271 = CARTESIAN_POINT( '', ( 0.162500000000000, 0.298750000000000, 0.0625000000000000 ) );
#11272 = VECTOR( '', #14040, 39.3700787402000 );
#11273 = CARTESIAN_POINT( '', ( 0.137500000000000, 0.298750000000000, 0.0625000000000000 ) );
#11274 = CARTESIAN_POINT( '', ( 0.262500000000000, 0.298750000000000, 0.0625000000000000 ) );
#11275 = VECTOR( '', #14041, 39.3700787402000 );
#11276 = CARTESIAN_POINT( '', ( 0.137500000000000, 0.0600000000000000, 0.0625000000000000 ) );
#11277 = CARTESIAN_POINT( '', ( 0.137500000000000, 0.298750000000000, 0.0625000000000000 ) );
#11278 = VECTOR( '', #14042, 39.3700787402000 );
#11279 = CARTESIAN_POINT( '', ( 0.0625000000000000, 0.0600000000000000, 0.0625000000000000 ) );
#11280 = CARTESIAN_POINT( '', ( 0.262500000000000, 0.0600000000000000, 0.0625000000000000 ) );
#11281 = VECTOR( '', #14043, 39.3700787402000 );
#11282 = CARTESIAN_POINT( '', ( 0.0625000000000000, 0.298750000000000, 0.0625000000000000 ) );
#11283 = CARTESIAN_POINT( '', ( 0.0625000000000000, 0.298750000000000, 0.0625000000000000 ) );
#11284 = VECTOR( '', #14044, 39.3700787402000 );
#11285 = CARTESIAN_POINT( '', ( 0.0374999999999999, 0.298750000000000, 0.0625000000000000 ) );
#11286 = CARTESIAN_POINT( '', ( 0.262500000000000, 0.298750000000000, 0.0625000000000000 ) );
#11287 = VECTOR( '', #14045, 39.3700787402000 );
#11288 = CARTESIAN_POINT( '', ( 0.0375000000000000, 0.0600000000000000, 0.0625000000000000 ) );
#11289 = CARTESIAN_POINT( '', ( 0.0374999999999999, 0.298750000000000, 0.0625000000000000 ) );
#11290 = VECTOR( '', #14046, 39.3700787402000 );
#11291 = CARTESIAN_POINT( '', ( -0.0375000000000000, 0.0600000000000000, 0.0625000000000000 ) );
#11292 = CARTESIAN_POINT( '', ( 0.262500000000000, 0.0600000000000000, 0.0625000000000000 ) );
#11293 = VECTOR( '', #14047, 39.3700787402000 );
#11294 = CARTESIAN_POINT( '', ( -0.0374999999999999, 0.298750000000000, 0.0625000000000000 ) );
#11295 = VECTOR( '', #14048, 39.3700787402000 );
#11296 = CARTESIAN_POINT( '', ( -0.137500000000000, 0.298750000000000, 0.0625000000000000 ) );
#11297 = CARTESIAN_POINT( '', ( -0.137500000000000, 0.298750000000000, 0.0625000000000000 ) );
#11298 = VECTOR( '', #14049, 39.3700787402000 );
#11299 = CARTESIAN_POINT( '', ( 0.262500000000000, 0.298750000000000, 0.0625000000000000 ) );
#11300 = VECTOR( '', #14050, 39.3700787402000 );
#11301 = CARTESIAN_POINT( '', ( 0.262500000000000, 0.0600000000000000, 0.0625000000000000 ) );
#11302 = VECTOR( '', #14051, 39.3700787402000 );
#11303 = COLOUR_RGB( '', 0.689999997600000, 0.689999997600000, 0.689999997600000 );
#11304 = CARTESIAN_POINT( '', ( -0.307500000000000, 0.000000000000000, -0.115000000000000 ) );
#11305 = VECTOR( '', #14052, 39.3700787402000 );
#11306 = CARTESIAN_POINT( '', ( -0.330000000000000, 0.000000000000000, -0.115000000000000 ) );
#11307 = VECTOR( '', #14053, 39.3700787402000 );
#11308 = COLOUR_RGB( '', 0.689999997600000, 0.689999997600000, 0.689999997600000 );
#11309 = CARTESIAN_POINT( '', ( -0.307500000000000, 0.320000000000000, -0.125000000000000 ) );
#11310 = CARTESIAN_POINT( '', ( -0.307500000000000, 0.0200000000000000, -0.125000000000000 ) );
#11311 = CARTESIAN_POINT( '', ( -0.307500000000000, 0.320000000000000, -0.125000000000000 ) );
#11312 = VECTOR( '', #14054, 39.3700787402000 );
#11313 = CARTESIAN_POINT( '', ( -0.0750000000000000, 0.320000000000000, -0.125000000000000 ) );
#11314 = CARTESIAN_POINT( '', ( -0.0750000000000000, 0.320000000000000, -0.125000000000000 ) );
#11315 = VECTOR( '', #14055, 39.3700787402000 );
#11316 = CARTESIAN_POINT( '', ( -0.0750000000000000, 0.0200000000000000, -0.125000000000000 ) );
#11317 = CARTESIAN_POINT( '', ( -0.0750000000000000, 0.320000000000000, -0.125000000000000 ) );
#11318 = VECTOR( '', #14056, 39.3700787402000 );
#11319 = CARTESIAN_POINT( '', ( -0.0825000000000000, 0.0200000000000000, -0.125000000000000 ) );
#11320 = CARTESIAN_POINT( '', ( 0.330000000000000, 0.0200000000000000, -0.125000000000000 ) );
#11321 = VECTOR( '', #14057, 39.3700787402000 );
#11322 = CARTESIAN_POINT( '', ( -0.0825000000000000, 0.000000000000000, -0.125000000000000 ) );
#11323 = CARTESIAN_POINT( '', ( -0.0825000000000000, 0.0200000000000000, -0.125000000000000 ) );
#11324 = VECTOR( '', #14058, 39.3700787402000 );
#11325 = CARTESIAN_POINT( '', ( -0.117500000000000, 0.000000000000000, -0.125000000000000 ) );
#11326 = CARTESIAN_POINT( '', ( -0.0750000000000000, 0.000000000000000, -0.125000000000000 ) );
#11327 = VECTOR( '', #14059, 39.3700787402000 );
#11328 = CARTESIAN_POINT( '', ( -0.117500000000000, 0.0200000000000000, -0.125000000000000 ) );
#11329 = CARTESIAN_POINT( '', ( -0.117500000000000, 0.000000000000000, -0.125000000000000 ) );
#11330 = VECTOR( '', #14060, 39.3700787402000 );
#11331 = CARTESIAN_POINT( '', ( -0.182500000000000, 0.0200000000000000, -0.125000000000000 ) );
#11332 = CARTESIAN_POINT( '', ( 0.330000000000000, 0.0200000000000000, -0.125000000000000 ) );
#11333 = VECTOR( '', #14061, 39.3700787402000 );
#11334 = CARTESIAN_POINT( '', ( -0.182500000000000, 0.000000000000000, -0.125000000000000 ) );
#11335 = CARTESIAN_POINT( '', ( -0.182500000000000, 0.0200000000000000, -0.125000000000000 ) );
#11336 = VECTOR( '', #14062, 39.3700787402000 );
#11337 = CARTESIAN_POINT( '', ( -0.217500000000000, 0.000000000000000, -0.125000000000000 ) );
#11338 = CARTESIAN_POINT( '', ( -0.0750000000000000, 0.000000000000000, -0.125000000000000 ) );
#11339 = VECTOR( '', #14063, 39.3700787402000 );
#11340 = CARTESIAN_POINT( '', ( -0.217500000000000, 0.0200000000000000, -0.125000000000000 ) );
#11341 = CARTESIAN_POINT( '', ( -0.217500000000000, -0.0200000000000000, -0.125000000000000 ) );
#11342 = VECTOR( '', #14064, 39.3700787402000 );
#11343 = CARTESIAN_POINT( '', ( 0.330000000000000, 0.0200000000000000, -0.125000000000000 ) );
#11344 = VECTOR( '', #14065, 39.3700787402000 );
#11345 = COLOUR_RGB( '', 0.689999997600000, 0.689999997600000, 0.689999997600000 );
#11346 = CARTESIAN_POINT( '', ( -0.307500000000000, 0.320000000000000, -0.125000000000000 ) );
#11347 = VECTOR( '', #14066, 39.3700787402000 );
#11348 = CARTESIAN_POINT( '', ( -0.307500000000000, 0.0200000000000000, 0.145000000000000 ) );
#11349 = VECTOR( '', #14067, 39.3700787402000 );
#11350 = COLOUR_RGB( '', 0.689999997600000, 0.689999997600000, 0.689999997600000 );
#11351 = CARTESIAN_POINT( '', ( 0.330000000000000, 0.0200000000000000, -0.0250000000000000 ) );
#11352 = CARTESIAN_POINT( '', ( 0.325000000000000, 0.0200000000000000, -0.0250000000000000 ) );
#11353 = CARTESIAN_POINT( '', ( 0.330000000000000, 0.0200000000000000, -0.0250000000000000 ) );
#11354 = VECTOR( '', #14068, 39.3700787402000 );
#11355 = CARTESIAN_POINT( '', ( 0.325000000000000, 0.320000000000000, -0.0250000000000000 ) );
#11356 = CARTESIAN_POINT( '', ( 0.325000000000000, 0.320000000000000, -0.0250000000000000 ) );
#11357 = VECTOR( '', #14069, 39.3700787402000 );
#11358 = CARTESIAN_POINT( '', ( 0.330000000000000, 0.320000000000000, -0.0250000000000000 ) );
#11359 = CARTESIAN_POINT( '', ( 0.325000000000000, 0.320000000000000, -0.0250000000000000 ) );
#11360 = VECTOR( '', #14070, 39.3700787402000 );
#11361 = CARTESIAN_POINT( '', ( 0.330000000000000, 0.000000000000000, -0.0250000000000000 ) );
#11362 = VECTOR( '', #14071, 39.3700787402000 );
#11363 = COLOUR_RGB( '', 0.689999997600000, 0.689999997600000, 0.689999997600000 );
#11364 = CARTESIAN_POINT( '', ( 0.177000000000000, 0.305000000000000, 0.00510000000000000 ) );
#11365 = CARTESIAN_POINT( '', ( 0.177000000000000, 0.305000000000000, 0.0500000000000000 ) );
#11366 = VECTOR( '', #14072, 39.3700787402000 );
#11367 = CARTESIAN_POINT( '', ( 0.186373040278640, 0.320000000000000, 0.00510000000000000 ) );
#11368 = CARTESIAN_POINT( '', ( 0.0854202589804076, 0.158441778285709, 0.00510000000000000 ) );
#11369 = VECTOR( '', #14073, 39.3700787402000 );
#11370 = CARTESIAN_POINT( '', ( 0.186373040278640, 0.320000000000000, -0.145000000000000 ) );
#11371 = VECTOR( '', #14074, 39.3700787402000 );
#11372 = COLOUR_RGB( '', 0.689999997600000, 0.689999997600000, 0.689999997600000 );
#11373 = CARTESIAN_POINT( '', ( -0.186373040278640, 0.320000000000000, 0.00510000000000000 ) );
#11374 = CARTESIAN_POINT( '', ( -0.177000000000000, 0.305000000000000, 0.00510000000000000 ) );
#11375 = CARTESIAN_POINT( '', ( -0.0601750420285766, 0.118040985904562, 0.00510000000000000 ) );
#11376 = VECTOR( '', #14075, 39.3700787402000 );
#11377 = CARTESIAN_POINT( '', ( -0.194950000000000, 0.320000000000000, 0.00510000000000000 ) );
#11378 = CARTESIAN_POINT( '', ( -0.105050000000000, 0.320000000000000, 0.00510000000000000 ) );
#11379 = VECTOR( '', #14076, 39.3700787402000 );
#11380 = CARTESIAN_POINT( '', ( -0.194950000000000, 0.0900000000000000, 0.00510000000000000 ) );
#11381 = CARTESIAN_POINT( '', ( -0.194950000000000, 0.0900000000000000, 0.00510000000000000 ) );
#11382 = VECTOR( '', #14077, 39.3700787402000 );
#11383 = CARTESIAN_POINT( '', ( -0.105050000000000, 0.0900000000000000, 0.00510000000000000 ) );
#11384 = CARTESIAN_POINT( '', ( -0.105050000000000, 0.0900000000000000, 0.00510000000000000 ) );
#11385 = VECTOR( '', #14078, 39.3700787402000 );
#11386 = CARTESIAN_POINT( '', ( -0.105050000000000, 0.320000000000000, 0.00510000000000000 ) );
#11387 = CARTESIAN_POINT( '', ( -0.105050000000000, 0.0900000000000000, 0.00510000000000000 ) );
#11388 = VECTOR( '', #14079, 39.3700787402000 );
#11389 = CARTESIAN_POINT( '', ( -0.113626959721360, 0.320000000000000, 0.00510000000000000 ) );
#11390 = CARTESIAN_POINT( '', ( -0.105050000000000, 0.320000000000000, 0.00510000000000000 ) );
#11391 = VECTOR( '', #14080, 39.3700787402000 );
#11392 = CARTESIAN_POINT( '', ( -0.123000000000000, 0.305000000000000, 0.00510000000000000 ) );
#11393 = CARTESIAN_POINT( '', ( -0.214579741019592, 0.158441778285709, 0.00510000000000000 ) );
#11394 = VECTOR( '', #14081, 39.3700787402000 );
#11395 = CARTESIAN_POINT( '', ( -0.126666680796634, 0.200000000000000, 0.00510000000000000 ) );
#11396 = CARTESIAN_POINT( '', ( -0.130476958278575, 0.0908879289489224, 0.00510000000000000 ) );
#11397 = VECTOR( '', #14082, 39.3700787402000 );
#11398 = CARTESIAN_POINT( '', ( -0.173333319203366, 0.200000000000000, 0.00510000000000000 ) );
#11399 = CARTESIAN_POINT( '', ( -0.105050000000000, 0.200000000000000, 0.00510000000000000 ) );
#11400 = VECTOR( '', #14083, 39.3700787402000 );
#11401 = CARTESIAN_POINT( '', ( -0.169413545780604, 0.0877523754541240, 0.00510000000000000 ) );
#11402 = VECTOR( '', #14084, 39.3700787402000 );
#11403 = COLOUR_RGB( '', 0.689999997600000, 0.689999997600000, 0.689999997600000 );
#11404 = CARTESIAN_POINT( '', ( 0.213626959721360, 0.320000000000000, 0.00510000000000000 ) );
#11405 = CARTESIAN_POINT( '', ( 0.339824957971423, 0.118040985904562, 0.00510000000000000 ) );
#11406 = VECTOR( '', #14085, 39.3700787402000 );
#11407 = CARTESIAN_POINT( '', ( 0.205050000000000, 0.320000000000000, 0.00510000000000000 ) );
#11408 = CARTESIAN_POINT( '', ( 0.294950000000000, 0.320000000000000, 0.00510000000000000 ) );
#11409 = VECTOR( '', #14086, 39.3700787402000 );
#11410 = CARTESIAN_POINT( '', ( 0.205050000000000, 0.0900000000000000, 0.00510000000000000 ) );
#11411 = VECTOR( '', #14087, 39.3700787402000 );
#11412 = CARTESIAN_POINT( '', ( 0.294950000000000, 0.320000000000000, 0.00510000000000000 ) );
#11413 = CARTESIAN_POINT( '', ( 0.294950000000000, 0.0900000000000000, 0.00510000000000000 ) );
#11414 = VECTOR( '', #14088, 39.3700787402000 );
#11415 = CARTESIAN_POINT( '', ( 0.286373040278640, 0.320000000000000, 0.00510000000000000 ) );
#11416 = CARTESIAN_POINT( '', ( 0.294950000000000, 0.320000000000000, 0.00510000000000000 ) );
#11417 = VECTOR( '', #14089, 39.3700787402000 );
#11418 = CARTESIAN_POINT( '', ( 0.277000000000000, 0.305000000000000, 0.00510000000000000 ) );
#11419 = CARTESIAN_POINT( '', ( 0.185420258980408, 0.158441778285709, 0.00510000000000000 ) );
#11420 = VECTOR( '', #14090, 39.3700787402000 );
#11421 = CARTESIAN_POINT( '', ( 0.273333319203367, 0.200000000000000, 0.00510000000000000 ) );
#11422 = CARTESIAN_POINT( '', ( 0.269523041721425, 0.0908879289489224, 0.00510000000000000 ) );
#11423 = VECTOR( '', #14091, 39.3700787402000 );
#11424 = CARTESIAN_POINT( '', ( 0.294950000000000, 0.200000000000000, 0.00510000000000000 ) );
#11425 = VECTOR( '', #14092, 39.3700787402000 );
#11426 = COLOUR_RGB( '', 0.689999997600000, 0.689999997600000, 0.689999997600000 );
#11427 = CARTESIAN_POINT( '', ( -0.0500000000000000, 0.245000000000000, 0.165000000000000 ) );
#11428 = CARTESIAN_POINT( '', ( -0.0500000000000000, 0.222000000000000, 0.165000000000000 ) );
#11429 = CARTESIAN_POINT( '', ( -0.0500000000000000, 0.245000000000000, 0.165000000000000 ) );
#11430 = VECTOR( '', #14093, 39.3700787402000 );
#11431 = CARTESIAN_POINT( '', ( 0.0500000000000000, 0.222000000000000, 0.165000000000000 ) );
#11432 = CARTESIAN_POINT( '', ( 0.0500000000000000, 0.222000000000000, 0.165000000000000 ) );
#11433 = VECTOR( '', #14094, 39.3700787402000 );
#11434 = CARTESIAN_POINT( '', ( 0.0500000000000000, 0.245000000000000, 0.165000000000000 ) );
#11435 = CARTESIAN_POINT( '', ( 0.0500000000000000, 0.245000000000000, 0.165000000000000 ) );
#11436 = VECTOR( '', #14095, 39.3700787402000 );
#11437 = CARTESIAN_POINT( '', ( 0.0500000000000000, 0.245000000000000, 0.165000000000000 ) );
#11438 = VECTOR( '', #14096, 39.3700787402000 );
#11439 = COLOUR_RGB( '', 0.689999997600000, 0.689999997600000, 0.689999997600000 );
#11440 = CARTESIAN_POINT( '', ( 0.307500000000000, 0.000000000000000, -0.145000000000000 ) );
#11441 = CARTESIAN_POINT( '', ( 0.307500000000000, 0.000000000000000, -0.115000000000000 ) );
#11442 = VECTOR( '', #14097, 39.3700787402000 );
#11443 = CARTESIAN_POINT( '', ( 0.330000000000000, 0.000000000000000, -0.145000000000000 ) );
#11444 = CARTESIAN_POINT( '', ( 0.330000000000000, 0.000000000000000, -0.145000000000000 ) );
#11445 = VECTOR( '', #14098, 39.3700787402000 );
#11446 = CARTESIAN_POINT( '', ( 0.330000000000000, 0.000000000000000, -0.115000000000000 ) );
#11447 = VECTOR( '', #14099, 39.3700787402000 );
#11448 = COLOUR_RGB( '', 0.689999997600000, 0.689999997600000, 0.689999997600000 );
#11449 = CARTESIAN_POINT( '', ( 0.00505000000000006, 0.320000000000000, 0.00510000000000000 ) );
#11450 = CARTESIAN_POINT( '', ( 0.00505000000000006, 0.320000000000000, 0.00510000000000000 ) );
#11451 = VECTOR( '', #14100, 39.3700787402000 );
#11452 = CARTESIAN_POINT( '', ( 0.00505000000000006, 0.0900000000000000, 0.00510000000000000 ) );
#11453 = CARTESIAN_POINT( '', ( 0.00505000000000006, 0.0900000000000000, 0.00510000000000000 ) );
#11454 = VECTOR( '', #14101, 39.3700787402000 );
#11455 = CARTESIAN_POINT( '', ( 0.00505000000000006, 0.0900000000000000, 0.00510000000000000 ) );
#11456 = VECTOR( '', #14102, 39.3700787402000 );
#11457 = COLOUR_RGB( '', 0.689999997600000, 0.689999997600000, 0.689999997600000 );
#11458 = CARTESIAN_POINT( '', ( -0.182500000000000, 0.000000000000000, 0.115000000000000 ) );
#11459 = CARTESIAN_POINT( '', ( -0.182500000000000, 0.0200000000000000, 0.115000000000000 ) );
#11460 = CARTESIAN_POINT( '', ( -0.182500000000000, 0.000000000000000, 0.115000000000000 ) );
#11461 = VECTOR( '', #14103, 39.3700787402000 );
#11462 = CARTESIAN_POINT( '', ( -0.217500000000000, 0.000000000000000, 0.115000000000000 ) );
#11463 = CARTESIAN_POINT( '', ( 0.330000000000000, 0.000000000000000, 0.115000000000000 ) );
#11464 = VECTOR( '', #14104, 39.3700787402000 );
#11465 = CARTESIAN_POINT( '', ( -0.217500000000000, 0.0200000000000000, 0.115000000000000 ) );
#11466 = CARTESIAN_POINT( '', ( -0.217500000000000, 0.000000000000000, 0.115000000000000 ) );
#11467 = VECTOR( '', #14105, 39.3700787402000 );
#11468 = CARTESIAN_POINT( '', ( 0.330000000000000, 0.0200000000000000, 0.115000000000000 ) );
#11469 = VECTOR( '', #14106, 39.3700787402000 );
#11470 = COLOUR_RGB( '', 1.00000000000000, 1.00000000000000, 0.000000000000000 );
#11471 = CARTESIAN_POINT( '', ( 0.162500000000000, -0.172500000000000, 0.0125000000000000 ) );
#11472 = AXIS2_PLACEMENT_3D( '', #14107, #14108, #14109 );
#11473 = CARTESIAN_POINT( '', ( 0.162500000000000, -0.172500000000000, -0.223750000000000 ) );
#11474 = CARTESIAN_POINT( '', ( 0.162500000000000, -0.172500000000000, 0.0125000000000000 ) );
#11475 = VECTOR( '', #14110, 39.3700787402000 );
#11476 = CARTESIAN_POINT( '', ( 0.162500000000000, -0.166250000000000, -0.230000000000000 ) );
#11477 = CARTESIAN_POINT( '', ( 0.162500000000000, -0.172500000000000, -0.223750000000000 ) );
#11478 = VECTOR( '', #14111, 39.3700787402000 );
#11479 = CARTESIAN_POINT( '', ( 0.162500000000000, -0.153750000000000, -0.230000000000000 ) );
#11480 = CARTESIAN_POINT( '', ( 0.162500000000000, 0.0400000000000000, -0.230000000000000 ) );
#11481 = VECTOR( '', #14112, 39.3700787402000 );
#11482 = CARTESIAN_POINT( '', ( 0.162500000000000, -0.147500000000000, -0.223750000000000 ) );
#11483 = CARTESIAN_POINT( '', ( 0.162500000000000, -0.153750000000000, -0.230000000000000 ) );
#11484 = VECTOR( '', #14113, 39.3700787402000 );
#11485 = CARTESIAN_POINT( '', ( 0.162500000000000, -0.147500000000000, 0.0125000000000000 ) );
#11486 = CARTESIAN_POINT( '', ( 0.162500000000000, -0.147500000000000, -0.223750000000000 ) );
#11487 = VECTOR( '', #14114, 39.3700787402000 );
#11488 = CARTESIAN_POINT( '', ( 0.162500000000000, -0.122500000000000, 0.0375000000000000 ) );
#11489 = AXIS2_PLACEMENT_3D( '', #14115, #14116, #14117 );
#11490 = CARTESIAN_POINT( '', ( 0.162500000000000, 0.0400000000000000, 0.0375000000000000 ) );
#11491 = CARTESIAN_POINT( '', ( 0.162500000000000, -0.122500000000000, 0.0375000000000000 ) );
#11492 = VECTOR( '', #14118, 39.3700787402000 );
#11493 = CARTESIAN_POINT( '', ( 0.162500000000000, 0.0400000000000000, 0.145000000000000 ) );
#11494 = VECTOR( '', #14119, 39.3700787402000 );
#11495 = COLOUR_RGB( '', 0.689999997600000, 0.689999997600000, 0.689999997600000 );
#11496 = CARTESIAN_POINT( '', ( 0.325000000000000, 0.0200000000000000, 0.0250000000000000 ) );
#11497 = CARTESIAN_POINT( '', ( 0.330000000000000, 0.0200000000000000, 0.0250000000000000 ) );
#11498 = CARTESIAN_POINT( '', ( 0.330000000000000, 0.0200000000000000, 0.0250000000000000 ) );
#11499 = VECTOR( '', #14120, 39.3700787402000 );
#11500 = CARTESIAN_POINT( '', ( 0.330000000000000, 0.320000000000000, 0.0250000000000000 ) );
#11501 = CARTESIAN_POINT( '', ( 0.330000000000000, 0.000000000000000, 0.0250000000000000 ) );
#11502 = VECTOR( '', #14121, 39.3700787402000 );
#11503 = CARTESIAN_POINT( '', ( 0.325000000000000, 0.320000000000000, 0.0250000000000000 ) );
#11504 = CARTESIAN_POINT( '', ( 0.335000000000000, 0.320000000000000, 0.0250000000000000 ) );
#11505 = VECTOR( '', #14122, 39.3700787402000 );
#11506 = CARTESIAN_POINT( '', ( 0.325000000000000, 0.320000000000000, 0.0250000000000000 ) );
#11507 = VECTOR( '', #14123, 39.3700787402000 );
#11508 = COLOUR_RGB( '', 0.689999997600000, 0.689999997600000, 0.689999997600000 );
#11509 = CARTESIAN_POINT( '', ( -0.00505000000000002, 0.0900000000000000, 0.00510000000000000 ) );
#11510 = CARTESIAN_POINT( '', ( -0.0949500000000000, 0.0900000000000000, 0.00510000000000000 ) );
#11511 = CARTESIAN_POINT( '', ( -0.00505000000000002, 0.0900000000000000, 0.00510000000000000 ) );
#11512 = VECTOR( '', #14124, 39.3700787402000 );
#11513 = CARTESIAN_POINT( '', ( -0.0949500000000000, 0.0900000000000000, 0.115000000000000 ) );
#11514 = CARTESIAN_POINT( '', ( -0.0949500000000000, 0.0900000000000000, 0.00510000000000000 ) );
#11515 = VECTOR( '', #14125, 39.3700787402000 );
#11516 = CARTESIAN_POINT( '', ( -0.00505000000000002, 0.0900000000000000, 0.115000000000000 ) );
#11517 = CARTESIAN_POINT( '', ( -0.0949500000000000, 0.0900000000000000, 0.115000000000000 ) );
#11518 = VECTOR( '', #14126, 39.3700787402000 );
#11519 = CARTESIAN_POINT( '', ( -0.00505000000000002, 0.0900000000000000, 0.115000000000000 ) );
#11520 = VECTOR( '', #14127, 39.3700787402000 );
#11521 = COLOUR_RGB( '', 1.00000000000000, 1.00000000000000, 0.000000000000000 );
#11522 = CARTESIAN_POINT( '', ( 0.237500000000000, -0.0475000000000000, -0.223750000000000 ) );
#11523 = CARTESIAN_POINT( '', ( 0.237500000000000, -0.0537500000000000, -0.230000000000000 ) );
#11524 = CARTESIAN_POINT( '', ( 0.237500000000000, -0.0537500000000000, -0.230000000000000 ) );
#11525 = VECTOR( '', #14128, 39.3700787402000 );
#11526 = CARTESIAN_POINT( '', ( 0.262500000000000, -0.0475000000000000, -0.223750000000000 ) );
#11527 = CARTESIAN_POINT( '', ( 0.262500000000000, -0.0475000000000000, -0.223750000000000 ) );
#11528 = VECTOR( '', #14129, 39.3700787402000 );
#11529 = CARTESIAN_POINT( '', ( 0.262500000000000, -0.0537500000000000, -0.230000000000000 ) );
#11530 = CARTESIAN_POINT( '', ( 0.262500000000000, -0.0537500000000000, -0.230000000000000 ) );
#11531 = VECTOR( '', #14130, 39.3700787402000 );
#11532 = CARTESIAN_POINT( '', ( 0.262500000000000, -0.0537500000000000, -0.230000000000000 ) );
#11533 = VECTOR( '', #14131, 39.3700787402000 );
#11534 = COLOUR_RGB( '', 1.00000000000000, 1.00000000000000, 0.000000000000000 );
#11535 = CARTESIAN_POINT( '', ( 0.137500000000000, -0.166250000000000, -0.230000000000000 ) );
#11536 = CARTESIAN_POINT( '', ( 0.262500000000000, -0.166250000000000, -0.230000000000000 ) );
#11537 = VECTOR( '', #14132, 39.3700787402000 );
#11538 = CARTESIAN_POINT( '', ( 0.137500000000000, -0.153750000000000, -0.230000000000000 ) );
#11539 = CARTESIAN_POINT( '', ( 0.137500000000000, -0.200000000000000, -0.230000000000000 ) );
#11540 = VECTOR( '', #14133, 39.3700787402000 );
#11541 = CARTESIAN_POINT( '', ( 0.262500000000000, -0.153750000000000, -0.230000000000000 ) );
#11542 = VECTOR( '', #14134, 39.3700787402000 );
#11543 = COLOUR_RGB( '', 1.00000000000000, 1.00000000000000, 0.000000000000000 );
#11544 = CARTESIAN_POINT( '', ( 0.137500000000000, 0.305000000000000, -0.0437500000000000 ) );
#11545 = CARTESIAN_POINT( '', ( 0.137500000000000, 0.305000000000000, -0.0562500000000000 ) );
#11546 = CARTESIAN_POINT( '', ( 0.137500000000000, 0.305000000000000, -0.0562500000000000 ) );
#11547 = VECTOR( '', #14135, 39.3700787402000 );
#11548 = CARTESIAN_POINT( '', ( 0.162500000000000, 0.305000000000000, -0.0437500000000000 ) );
#11549 = CARTESIAN_POINT( '', ( 0.262500000000000, 0.305000000000000, -0.0437500000000000 ) );
#11550 = VECTOR( '', #14136, 39.3700787402000 );
#11551 = CARTESIAN_POINT( '', ( 0.162500000000000, 0.305000000000000, -0.0562500000000000 ) );
#11552 = CARTESIAN_POINT( '', ( 0.162500000000000, 0.305000000000000, -0.0562500000000000 ) );
#11553 = VECTOR( '', #14137, 39.3700787402000 );
#11554 = CARTESIAN_POINT( '', ( 0.262500000000000, 0.305000000000000, -0.0562500000000000 ) );
#11555 = VECTOR( '', #14138, 39.3700787402000 );
#11556 = COLOUR_RGB( '', 0.689999997600000, 0.689999997600000, 0.689999997600000 );
#11557 = CARTESIAN_POINT( '', ( -0.177000000000000, 0.305000000000000, 0.0500000000000000 ) );
#11558 = VECTOR( '', #14139, 39.3700787402000 );
#11559 = CARTESIAN_POINT( '', ( -0.186373040278640, 0.320000000000000, -0.145000000000000 ) );
#11560 = VECTOR( '', #14140, 39.3700787402000 );
#11561 = COLOUR_RGB( '', 1.00000000000000, 1.00000000000000, 0.000000000000000 );
#11562 = CARTESIAN_POINT( '', ( 0.262500000000000, -0.0475000000000000, -0.0875000000000000 ) );
#11563 = CARTESIAN_POINT( '', ( 0.237500000000000, -0.0475000000000000, -0.0875000000000000 ) );
#11564 = CARTESIAN_POINT( '', ( 0.262500000000000, -0.0475000000000000, -0.0875000000000000 ) );
#11565 = VECTOR( '', #14141, 39.3700787402000 );
#11566 = CARTESIAN_POINT( '', ( 0.237500000000000, -0.0225000000000000, -0.0625000000000000 ) );
#11567 = AXIS2_PLACEMENT_3D( '', #14142, #14143, #14144 );
#11568 = CARTESIAN_POINT( '', ( 0.262500000000000, -0.0225000000000000, -0.0625000000000000 ) );
#11569 = CARTESIAN_POINT( '', ( 0.262500000000000, -0.0225000000000000, -0.0625000000000000 ) );
#11570 = VECTOR( '', #14145, 39.3700787402000 );
#11571 = AXIS2_PLACEMENT_3D( '', #14146, #14147, #14148 );
#11572 = COLOUR_RGB( '', 1.00000000000000, 1.00000000000000, 0.000000000000000 );
#11573 = CARTESIAN_POINT( '', ( 0.137500000000000, 0.298750000000000, -0.0625000000000000 ) );
#11574 = CARTESIAN_POINT( '', ( 0.137500000000000, 0.298750000000000, -0.0625000000000000 ) );
#11575 = VECTOR( '', #14149, 39.3700787402000 );
#11576 = CARTESIAN_POINT( '', ( 0.162500000000000, 0.298750000000000, -0.0625000000000000 ) );
#11577 = CARTESIAN_POINT( '', ( 0.162500000000000, 0.298750000000000, -0.0625000000000000 ) );
#11578 = VECTOR( '', #14150, 39.3700787402000 );
#11579 = CARTESIAN_POINT( '', ( 0.262500000000000, 0.298750000000000, -0.0625000000000000 ) );
#11580 = VECTOR( '', #14151, 39.3700787402000 );
#11581 = COLOUR_RGB( '', 1.00000000000000, 1.00000000000000, 0.000000000000000 );
#11582 = CARTESIAN_POINT( '', ( -0.137500000000000, -0.0537500000000000, -0.230000000000000 ) );
#11583 = CARTESIAN_POINT( '', ( -0.137500000000000, -0.0662499999999999, -0.230000000000000 ) );
#11584 = CARTESIAN_POINT( '', ( -0.137500000000000, 0.0400000000000000, -0.230000000000000 ) );
#11585 = VECTOR( '', #14152, 39.3700787402000 );
#11586 = CARTESIAN_POINT( '', ( -0.162500000000000, -0.0662500000000000, -0.230000000000000 ) );
#11587 = CARTESIAN_POINT( '', ( 0.262500000000000, -0.0662500000000000, -0.230000000000000 ) );
#11588 = VECTOR( '', #14153, 39.3700787402000 );
#11589 = CARTESIAN_POINT( '', ( -0.162500000000000, -0.0537500000000000, -0.230000000000000 ) );
#11590 = CARTESIAN_POINT( '', ( -0.162500000000000, -0.200000000000000, -0.230000000000000 ) );
#11591 = VECTOR( '', #14154, 39.3700787402000 );
#11592 = CARTESIAN_POINT( '', ( 0.262500000000000, -0.0537500000000000, -0.230000000000000 ) );
#11593 = VECTOR( '', #14155, 39.3700787402000 );
#11594 = COLOUR_RGB( '', 1.00000000000000, 1.00000000000000, 0.000000000000000 );
#11595 = CARTESIAN_POINT( '', ( -0.137500000000000, -0.0475000000000000, -0.223750000000000 ) );
#11596 = CARTESIAN_POINT( '', ( -0.137500000000000, -0.0475000000000000, -0.0875000000000000 ) );
#11597 = CARTESIAN_POINT( '', ( -0.137500000000000, -0.0475000000000000, -0.223750000000000 ) );
#11598 = VECTOR( '', #14156, 39.3700787402000 );
#11599 = CARTESIAN_POINT( '', ( -0.162500000000000, -0.0475000000000000, -0.223750000000000 ) );
#11600 = CARTESIAN_POINT( '', ( 0.262500000000000, -0.0475000000000000, -0.223750000000000 ) );
#11601 = VECTOR( '', #14157, 39.3700787402000 );
#11602 = CARTESIAN_POINT( '', ( -0.162500000000000, -0.0475000000000000, -0.0875000000000000 ) );
#11603 = CARTESIAN_POINT( '', ( -0.162500000000000, -0.0475000000000000, -0.223750000000000 ) );
#11604 = VECTOR( '', #14158, 39.3700787402000 );
#11605 = CARTESIAN_POINT( '', ( 0.262500000000000, -0.0475000000000000, -0.0875000000000000 ) );
#11606 = VECTOR( '', #14159, 39.3700787402000 );
#11607 = COLOUR_RGB( '', 1.00000000000000, 1.00000000000000, 0.000000000000000 );
#11608 = CARTESIAN_POINT( '', ( -0.0375000000000000, -0.0725000000000000, -0.0875000000000000 ) );
#11609 = CARTESIAN_POINT( '', ( -0.0375000000000000, -0.0725000000000000, -0.223750000000000 ) );
#11610 = CARTESIAN_POINT( '', ( -0.0375000000000000, -0.0725000000000000, -0.0875000000000000 ) );
#11611 = VECTOR( '', #14160, 39.3700787402000 );
#11612 = CARTESIAN_POINT( '', ( -0.0625000000000000, -0.0725000000000000, -0.0875000000000000 ) );
#11613 = CARTESIAN_POINT( '', ( 0.262500000000000, -0.0725000000000000, -0.0875000000000000 ) );
#11614 = VECTOR( '', #14161, 39.3700787402000 );
#11615 = CARTESIAN_POINT( '', ( -0.0625000000000000, -0.0725000000000000, -0.223750000000000 ) );
#11616 = CARTESIAN_POINT( '', ( -0.0625000000000000, -0.0725000000000000, -0.0875000000000000 ) );
#11617 = VECTOR( '', #14162, 39.3700787402000 );
#11618 = CARTESIAN_POINT( '', ( 0.262500000000000, -0.0725000000000000, -0.223750000000000 ) );
#11619 = VECTOR( '', #14163, 39.3700787402000 );
#11620 = COLOUR_RGB( '', 0.689999997600000, 0.689999997600000, 0.689999997600000 );
#11621 = CARTESIAN_POINT( '', ( 0.0825000000000000, 0.0200000000000000, 0.125000000000000 ) );
#11622 = CARTESIAN_POINT( '', ( 0.0824999999999999, 0.000000000000000, 0.125000000000000 ) );
#11623 = CARTESIAN_POINT( '', ( 0.0825000000000000, 0.000000000000000, 0.125000000000000 ) );
#11624 = VECTOR( '', #14164, 39.3700787402000 );
#11625 = CARTESIAN_POINT( '', ( 0.0825000000000000, 0.0200000000000000, 0.115000000000000 ) );
#11626 = CARTESIAN_POINT( '', ( 0.0825000000000000, 0.0200000000000000, 0.145000000000000 ) );
#11627 = VECTOR( '', #14165, 39.3700787402000 );
#11628 = CARTESIAN_POINT( '', ( 0.0825000000000000, 0.000000000000000, 0.115000000000000 ) );
#11629 = CARTESIAN_POINT( '', ( 0.0825000000000000, 0.000000000000000, 0.115000000000000 ) );
#11630 = VECTOR( '', #14166, 39.3700787402000 );
#11631 = CARTESIAN_POINT( '', ( 0.0825000000000000, 0.000000000000000, 0.145000000000000 ) );
#11632 = VECTOR( '', #14167, 39.3700787402000 );
#11633 = COLOUR_RGB( '', 0.689999997600000, 0.689999997600000, 0.689999997600000 );
#11634 = CARTESIAN_POINT( '', ( 0.217500000000000, 0.000000000000000, 0.125000000000000 ) );
#11635 = CARTESIAN_POINT( '', ( 0.217500000000000, 0.000000000000000, 0.115000000000000 ) );
#11636 = CARTESIAN_POINT( '', ( 0.217500000000000, 0.000000000000000, 0.145000000000000 ) );
#11637 = VECTOR( '', #14168, 39.3700787402000 );
#11638 = CARTESIAN_POINT( '', ( 0.182500000000000, 0.000000000000000, 0.125000000000000 ) );
#11639 = CARTESIAN_POINT( '', ( -0.307500000000000, 0.000000000000000, 0.125000000000000 ) );
#11640 = VECTOR( '', #14169, 39.3700787402000 );
#11641 = CARTESIAN_POINT( '', ( 0.182500000000000, 0.000000000000000, 0.115000000000000 ) );
#11642 = CARTESIAN_POINT( '', ( 0.182500000000000, 0.000000000000000, 0.145000000000000 ) );
#11643 = VECTOR( '', #14170, 39.3700787402000 );
#11644 = CARTESIAN_POINT( '', ( 0.330000000000000, 0.000000000000000, 0.115000000000000 ) );
#11645 = VECTOR( '', #14171, 39.3700787402000 );
#11646 = COLOUR_RGB( '', 1.00000000000000, 1.00000000000000, 0.000000000000000 );
#11647 = CARTESIAN_POINT( '', ( -0.0625000000000000, -0.172500000000000, 0.0125000000000000 ) );
#11648 = AXIS2_PLACEMENT_3D( '', #14172, #14173, #14174 );
#11649 = CARTESIAN_POINT( '', ( 0.262500000000000, -0.172500000000000, 0.0125000000000000 ) );
#11650 = VECTOR( '', #14175, 39.3700787402000 );
#11651 = COLOUR_RGB( '', 0.689999997600000, 0.689999997600000, 0.689999997600000 );
#11652 = CARTESIAN_POINT( '', ( -0.0863730402786399, 0.320000000000000, 0.00510000000000000 ) );
#11653 = CARTESIAN_POINT( '', ( -0.0770000000000000, 0.305000000000000, 0.00510000000000000 ) );
#11654 = CARTESIAN_POINT( '', ( 0.0398249579714235, 0.118040985904562, 0.00510000000000000 ) );
#11655 = VECTOR( '', #14176, 39.3700787402000 );
#11656 = CARTESIAN_POINT( '', ( -0.0949500000000000, 0.320000000000000, 0.00510000000000000 ) );
#11657 = CARTESIAN_POINT( '', ( -0.00505000000000002, 0.320000000000000, 0.00510000000000000 ) );
#11658 = VECTOR( '', #14177, 39.3700787402000 );
#11659 = CARTESIAN_POINT( '', ( -0.0949500000000000, 0.0900000000000000, 0.00510000000000000 ) );
#11660 = VECTOR( '', #14178, 39.3700787402000 );
#11661 = CARTESIAN_POINT( '', ( -0.00505000000000002, 0.320000000000000, 0.00510000000000000 ) );
#11662 = CARTESIAN_POINT( '', ( -0.00505000000000002, 0.0900000000000000, 0.00510000000000000 ) );
#11663 = VECTOR( '', #14179, 39.3700787402000 );
#11664 = CARTESIAN_POINT( '', ( -0.0136269597213601, 0.320000000000000, 0.00510000000000000 ) );
#11665 = CARTESIAN_POINT( '', ( -0.00505000000000002, 0.320000000000000, 0.00510000000000000 ) );
#11666 = VECTOR( '', #14180, 39.3700787402000 );
#11667 = CARTESIAN_POINT( '', ( -0.0230000000000001, 0.305000000000000, 0.00510000000000000 ) );
#11668 = CARTESIAN_POINT( '', ( -0.114579741019592, 0.158441778285709, 0.00510000000000000 ) );
#11669 = VECTOR( '', #14181, 39.3700787402000 );
#11670 = CARTESIAN_POINT( '', ( -0.0304769582785754, 0.0908879289489224, 0.00510000000000000 ) );
#11671 = VECTOR( '', #14182, 39.3700787402000 );
#11672 = CARTESIAN_POINT( '', ( -0.0694135457806036, 0.0877523754541239, 0.00510000000000000 ) );
#11673 = VECTOR( '', #14183, 39.3700787402000 );
#11674 = COLOUR_RGB( '', 1.00000000000000, 1.00000000000000, 0.000000000000000 );
#11675 = CARTESIAN_POINT( '', ( -0.262500000000000, -0.0475000000000000, -0.223750000000000 ) );
#11676 = CARTESIAN_POINT( '', ( 0.262500000000000, -0.0475000000000000, -0.223750000000000 ) );
#11677 = VECTOR( '', #14184, 39.3700787402000 );
#11678 = CARTESIAN_POINT( '', ( -0.262500000000000, -0.0475000000000000, -0.0875000000000000 ) );
#11679 = CARTESIAN_POINT( '', ( -0.262500000000000, -0.0475000000000000, -0.223750000000000 ) );
#11680 = VECTOR( '', #14185, 39.3700787402000 );
#11681 = CARTESIAN_POINT( '', ( 0.262500000000000, -0.0475000000000000, -0.0875000000000000 ) );
#11682 = VECTOR( '', #14186, 39.3700787402000 );
#11683 = COLOUR_RGB( '', 1.00000000000000, 1.00000000000000, 0.000000000000000 );
#11684 = CARTESIAN_POINT( '', ( 0.0625000000000000, 0.0600000000000000, -0.0625000000000000 ) );
#11685 = CARTESIAN_POINT( '', ( 0.0625000000000000, 0.0600000000000000, 0.145000000000000 ) );
#11686 = VECTOR( '', #14187, 39.3700787402000 );
#11687 = CARTESIAN_POINT( '', ( 0.0625000000000000, 0.298750000000000, -0.0625000000000000 ) );
#11688 = CARTESIAN_POINT( '', ( 0.0625000000000000, -0.0225000000000000, -0.0625000000000000 ) );
#11689 = VECTOR( '', #14188, 39.3700787402000 );
#11690 = CARTESIAN_POINT( '', ( 0.0625000000000000, 0.305000000000000, -0.0562500000000000 ) );
#11691 = CARTESIAN_POINT( '', ( 0.0625000000000000, 0.298750000000000, -0.0625000000000000 ) );
#11692 = VECTOR( '', #14189, 39.3700787402000 );
#11693 = CARTESIAN_POINT( '', ( 0.0625000000000000, 0.305000000000000, -0.0437500000000000 ) );
#11694 = CARTESIAN_POINT( '', ( 0.0625000000000000, 0.305000000000000, -0.0562500000000000 ) );
#11695 = VECTOR( '', #14190, 39.3700787402000 );
#11696 = CARTESIAN_POINT( '', ( 0.0625000000000000, 0.298750000000000, -0.0375000000000000 ) );
#11697 = CARTESIAN_POINT( '', ( 0.0625000000000000, 0.305000000000000, -0.0437500000000000 ) );
#11698 = VECTOR( '', #14191, 39.3700787402000 );
#11699 = CARTESIAN_POINT( '', ( 0.0625000000000000, 0.0650000000000000, -0.0375000000000000 ) );
#11700 = CARTESIAN_POINT( '', ( 0.0625000000000000, 0.298750000000000, -0.0375000000000000 ) );
#11701 = VECTOR( '', #14192, 39.3700787402000 );
#11702 = CARTESIAN_POINT( '', ( 0.0625000000000000, 0.0650000000000000, 0.0375000000000000 ) );
#11703 = CARTESIAN_POINT( '', ( 0.0625000000000000, 0.0650000000000000, -0.0375000000000000 ) );
#11704 = VECTOR( '', #14193, 39.3700787402000 );
#11705 = CARTESIAN_POINT( '', ( 0.0625000000000000, 0.298750000000000, 0.0375000000000000 ) );
#11706 = CARTESIAN_POINT( '', ( 0.0625000000000000, 0.0650000000000000, 0.0375000000000000 ) );
#11707 = VECTOR( '', #14194, 39.3700787402000 );
#11708 = CARTESIAN_POINT( '', ( 0.0625000000000000, 0.305000000000000, 0.0437500000000000 ) );
#11709 = CARTESIAN_POINT( '', ( 0.0625000000000000, 0.298750000000000, 0.0375000000000000 ) );
#11710 = VECTOR( '', #14195, 39.3700787402000 );
#11711 = CARTESIAN_POINT( '', ( 0.0625000000000000, 0.305000000000000, 0.0562500000000000 ) );
#11712 = CARTESIAN_POINT( '', ( 0.0625000000000000, 0.305000000000000, 0.0437500000000000 ) );
#11713 = VECTOR( '', #14196, 39.3700787402000 );
#11714 = CARTESIAN_POINT( '', ( 0.0625000000000000, 0.305000000000000, 0.0562500000000000 ) );
#11715 = VECTOR( '', #14197, 39.3700787402000 );
#11716 = COLOUR_RGB( '', 0.689999997600000, 0.689999997600000, 0.689999997600000 );
#11717 = CARTESIAN_POINT( '', ( -0.0825000000000000, 0.0200000000000000, 0.115000000000000 ) );
#11718 = CARTESIAN_POINT( '', ( -0.0825000000000000, 0.000000000000000, 0.115000000000000 ) );
#11719 = VECTOR( '', #14198, 39.3700787402000 );
#11720 = CARTESIAN_POINT( '', ( -0.117500000000000, 0.0200000000000000, 0.115000000000000 ) );
#11721 = CARTESIAN_POINT( '', ( -0.117500000000000, 0.000000000000000, 0.115000000000000 ) );
#11722 = VECTOR( '', #14199, 39.3700787402000 );
#11723 = CARTESIAN_POINT( '', ( 0.330000000000000, 0.0200000000000000, 0.115000000000000 ) );
#11724 = VECTOR( '', #14200, 39.3700787402000 );
#11725 = COLOUR_RGB( '', 0.689999997600000, 0.689999997600000, 0.689999997600000 );
#11726 = CARTESIAN_POINT( '', ( 0.0175000000000000, 0.0200000000000000, -0.115000000000000 ) );
#11727 = CARTESIAN_POINT( '', ( 0.0175000000000000, 0.000000000000000, -0.115000000000000 ) );
#11728 = CARTESIAN_POINT( '', ( 0.0175000000000000, 0.0200000000000000, -0.115000000000000 ) );
#11729 = VECTOR( '', #14201, 39.3700787402000 );
#11730 = CARTESIAN_POINT( '', ( 0.0175000000000000, 0.000000000000000, -0.145000000000000 ) );
#11731 = CARTESIAN_POINT( '', ( 0.0175000000000000, 0.000000000000000, 0.145000000000000 ) );
#11732 = VECTOR( '', #14202, 39.3700787402000 );
#11733 = CARTESIAN_POINT( '', ( 0.0175000000000000, 0.0200000000000000, -0.145000000000000 ) );
#11734 = CARTESIAN_POINT( '', ( 0.0175000000000000, 0.0200000000000000, -0.145000000000000 ) );
#11735 = VECTOR( '', #14203, 39.3700787402000 );
#11736 = CARTESIAN_POINT( '', ( 0.0175000000000000, 0.0200000000000000, 0.145000000000000 ) );
#11737 = VECTOR( '', #14204, 39.3700787402000 );
#11738 = COLOUR_RGB( '', 0.689999997600000, 0.689999997600000, 0.689999997600000 );
#11739 = CARTESIAN_POINT( '', ( 0.117500000000000, 0.000000000000000, 0.125000000000000 ) );
#11740 = CARTESIAN_POINT( '', ( 0.117500000000000, 0.0200000000000000, 0.125000000000000 ) );
#11741 = CARTESIAN_POINT( '', ( 0.117500000000000, 0.0200000000000000, 0.125000000000000 ) );
#11742 = VECTOR( '', #14205, 39.3700787402000 );
#11743 = CARTESIAN_POINT( '', ( 0.117500000000000, 0.000000000000000, 0.115000000000000 ) );
#11744 = CARTESIAN_POINT( '', ( 0.117500000000000, 0.000000000000000, 0.145000000000000 ) );
#11745 = VECTOR( '', #14206, 39.3700787402000 );
#11746 = CARTESIAN_POINT( '', ( 0.117500000000000, 0.0200000000000000, 0.115000000000000 ) );
#11747 = CARTESIAN_POINT( '', ( 0.117500000000000, 0.000000000000000, 0.115000000000000 ) );
#11748 = VECTOR( '', #14207, 39.3700787402000 );
#11749 = CARTESIAN_POINT( '', ( 0.117500000000000, 0.0200000000000000, 0.145000000000000 ) );
#11750 = VECTOR( '', #14208, 39.3700787402000 );
#11751 = COLOUR_RGB( '', 1.00000000000000, 1.00000000000000, 0.000000000000000 );
#11752 = CARTESIAN_POINT( '', ( 0.237500000000000, -0.147500000000000, 0.0125000000000000 ) );
#11753 = CARTESIAN_POINT( '', ( 0.237500000000000, -0.147500000000000, -0.223750000000000 ) );
#11754 = CARTESIAN_POINT( '', ( 0.237500000000000, -0.147500000000000, -0.223750000000000 ) );
#11755 = VECTOR( '', #14209, 39.3700787402000 );
#11756 = CARTESIAN_POINT( '', ( 0.262500000000000, -0.147500000000000, 0.0125000000000000 ) );
#11757 = CARTESIAN_POINT( '', ( 0.262500000000000, -0.147500000000000, 0.0125000000000000 ) );
#11758 = VECTOR( '', #14210, 39.3700787402000 );
#11759 = CARTESIAN_POINT( '', ( 0.262500000000000, -0.147500000000000, -0.223750000000000 ) );
#11760 = CARTESIAN_POINT( '', ( 0.262500000000000, -0.147500000000000, -0.223750000000000 ) );
#11761 = VECTOR( '', #14211, 39.3700787402000 );
#11762 = CARTESIAN_POINT( '', ( 0.262500000000000, -0.147500000000000, -0.223750000000000 ) );
#11763 = VECTOR( '', #14212, 39.3700787402000 );
#11764 = COLOUR_RGB( '', 0.689999997600000, 0.689999997600000, 0.689999997600000 );
#11765 = CARTESIAN_POINT( '', ( 0.105050000000000, 0.320000000000000, 0.115000000000000 ) );
#11766 = CARTESIAN_POINT( '', ( 0.194950000000000, 0.320000000000000, 0.115000000000000 ) );
#11767 = CARTESIAN_POINT( '', ( 0.105050000000000, 0.320000000000000, 0.115000000000000 ) );
#11768 = VECTOR( '', #14213, 39.3700787402000 );
#11769 = CARTESIAN_POINT( '', ( 0.194950000000000, 0.0900000000000000, 0.115000000000000 ) );
#11770 = CARTESIAN_POINT( '', ( 0.194950000000000, 0.0900000000000000, 0.115000000000000 ) );
#11771 = VECTOR( '', #14214, 39.3700787402000 );
#11772 = CARTESIAN_POINT( '', ( 0.105050000000000, 0.0900000000000000, 0.115000000000000 ) );
#11773 = CARTESIAN_POINT( '', ( 0.105050000000000, 0.0900000000000000, 0.115000000000000 ) );
#11774 = VECTOR( '', #14215, 39.3700787402000 );
#11775 = CARTESIAN_POINT( '', ( 0.105050000000000, 0.0900000000000000, 0.115000000000000 ) );
#11776 = VECTOR( '', #14216, 39.3700787402000 );
#11777 = COLOUR_RGB( '', 0.689999997600000, 0.689999997600000, 0.689999997600000 );
#11778 = CARTESIAN_POINT( '', ( -0.307500000000000, 0.000000000000000, 0.125000000000000 ) );
#11779 = VECTOR( '', #14217, 39.3700787402000 );
#11780 = CARTESIAN_POINT( '', ( 0.330000000000000, 0.000000000000000, 0.115000000000000 ) );
#11781 = VECTOR( '', #14218, 39.3700787402000 );
#11782 = COLOUR_RGB( '', 1.00000000000000, 1.00000000000000, 0.000000000000000 );
#11783 = CARTESIAN_POINT( '', ( 0.237500000000000, 0.0400000000000000, 0.0375000000000000 ) );
#11784 = CARTESIAN_POINT( '', ( 0.237500000000000, 0.0400000000000000, 0.145000000000000 ) );
#11785 = VECTOR( '', #14219, 39.3700787402000 );
#11786 = CARTESIAN_POINT( '', ( 0.237500000000000, -0.122500000000000, 0.0375000000000000 ) );
#11787 = CARTESIAN_POINT( '', ( 0.237500000000000, -0.122500000000000, 0.0375000000000000 ) );
#11788 = VECTOR( '', #14220, 39.3700787402000 );
#11789 = AXIS2_PLACEMENT_3D( '', #14221, #14222, #14223 );
#11790 = CARTESIAN_POINT( '', ( 0.237500000000000, -0.153750000000000, -0.230000000000000 ) );
#11791 = CARTESIAN_POINT( '', ( 0.237500000000000, -0.153750000000000, -0.230000000000000 ) );
#11792 = VECTOR( '', #14224, 39.3700787402000 );
#11793 = CARTESIAN_POINT( '', ( 0.237500000000000, -0.166250000000000, -0.230000000000000 ) );
#11794 = CARTESIAN_POINT( '', ( 0.237500000000000, -0.200000000000000, -0.230000000000000 ) );
#11795 = VECTOR( '', #14225, 39.3700787402000 );
#11796 = CARTESIAN_POINT( '', ( 0.237500000000000, -0.172500000000000, -0.223750000000000 ) );
#11797 = CARTESIAN_POINT( '', ( 0.237500000000000, -0.172500000000000, -0.223750000000000 ) );
#11798 = VECTOR( '', #14226, 39.3700787402000 );
#11799 = CARTESIAN_POINT( '', ( 0.237500000000000, -0.172500000000000, 0.0125000000000000 ) );
#11800 = CARTESIAN_POINT( '', ( 0.237500000000000, -0.172500000000000, 0.0125000000000000 ) );
#11801 = VECTOR( '', #14227, 39.3700787402000 );
#11802 = AXIS2_PLACEMENT_3D( '', #14228, #14229, #14230 );
#11803 = COLOUR_RGB( '', 1.00000000000000, 1.00000000000000, 0.000000000000000 );
#11804 = CARTESIAN_POINT( '', ( -0.237500000000000, -0.172500000000000, -0.223750000000000 ) );
#11805 = CARTESIAN_POINT( '', ( -0.237500000000000, -0.172500000000000, 0.0125000000000000 ) );
#11806 = VECTOR( '', #14231, 39.3700787402000 );
#11807 = CARTESIAN_POINT( '', ( -0.262500000000000, -0.172500000000000, -0.223750000000000 ) );
#11808 = CARTESIAN_POINT( '', ( -0.262500000000000, -0.172500000000000, 0.0125000000000000 ) );
#11809 = VECTOR( '', #14232, 39.3700787402000 );
#11810 = CARTESIAN_POINT( '', ( 0.262500000000000, -0.172500000000000, -0.223750000000000 ) );
#11811 = VECTOR( '', #14233, 39.3700787402000 );
#11812 = COLOUR_RGB( '', 0.689999997600000, 0.689999997600000, 0.689999997600000 );
#11813 = CARTESIAN_POINT( '', ( 0.294950000000000, 0.320000000000000, -0.00500000000000000 ) );
#11814 = CARTESIAN_POINT( '', ( 0.294950000000000, 0.320000000000000, -0.114900000000000 ) );
#11815 = CARTESIAN_POINT( '', ( 0.294950000000000, 0.320000000000000, -0.00500000000000000 ) );
#11816 = VECTOR( '', #14234, 39.3700787402000 );
#11817 = CARTESIAN_POINT( '', ( 0.294950000000000, 0.0900000000000000, -0.114900000000000 ) );
#11818 = CARTESIAN_POINT( '', ( 0.294950000000000, 0.0900000000000000, -0.114900000000000 ) );
#11819 = VECTOR( '', #14235, 39.3700787402000 );
#11820 = CARTESIAN_POINT( '', ( 0.294950000000000, 0.0900000000000000, -0.00500000000000000 ) );
#11821 = CARTESIAN_POINT( '', ( 0.294950000000000, 0.0900000000000000, -0.00500000000000000 ) );
#11822 = VECTOR( '', #14236, 39.3700787402000 );
#11823 = CARTESIAN_POINT( '', ( 0.294950000000000, 0.0900000000000000, -0.00500000000000000 ) );
#11824 = VECTOR( '', #14237, 39.3700787402000 );
#11825 = COLOUR_RGB( '', 1.00000000000000, 1.00000000000000, 0.000000000000000 );
#11826 = CARTESIAN_POINT( '', ( -0.137500000000000, 0.298750000000000, -0.0375000000000000 ) );
#11827 = CARTESIAN_POINT( '', ( 0.262500000000000, 0.298750000000000, -0.0375000000000000 ) );
#11828 = VECTOR( '', #14238, 39.3700787402000 );
#11829 = CARTESIAN_POINT( '', ( -0.137500000000000, 0.305000000000000, -0.0437500000000000 ) );
#11830 = CARTESIAN_POINT( '', ( -0.137500000000000, 0.305000000000000, -0.0437500000000000 ) );
#11831 = VECTOR( '', #14239, 39.3700787402000 );
#11832 = CARTESIAN_POINT( '', ( 0.262500000000000, 0.305000000000000, -0.0437500000000000 ) );
#11833 = VECTOR( '', #14240, 39.3700787402000 );
#11834 = COLOUR_RGB( '', 1.00000000000000, 1.00000000000000, 0.000000000000000 );
#11835 = CARTESIAN_POINT( '', ( 0.237500000000000, -0.0662500000000000, -0.230000000000000 ) );
#11836 = CARTESIAN_POINT( '', ( 0.237500000000000, -0.0725000000000000, -0.223750000000000 ) );
#11837 = CARTESIAN_POINT( '', ( 0.237500000000000, -0.0725000000000000, -0.223750000000000 ) );
#11838 = VECTOR( '', #14241, 39.3700787402000 );
#11839 = CARTESIAN_POINT( '', ( 0.262500000000000, -0.0662500000000000, -0.230000000000000 ) );
#11840 = CARTESIAN_POINT( '', ( 0.262500000000000, -0.0662500000000000, -0.230000000000000 ) );
#11841 = VECTOR( '', #14242, 39.3700787402000 );
#11842 = CARTESIAN_POINT( '', ( 0.262500000000000, -0.0725000000000000, -0.223750000000000 ) );
#11843 = CARTESIAN_POINT( '', ( 0.262500000000000, -0.0725000000000000, -0.223750000000000 ) );
#11844 = VECTOR( '', #14243, 39.3700787402000 );
#11845 = CARTESIAN_POINT( '', ( 0.262500000000000, -0.0725000000000000, -0.223750000000000 ) );
#11846 = VECTOR( '', #14244, 39.3700787402000 );
#11847 = COLOUR_RGB( '', 0.689999997600000, 0.689999997600000, 0.689999997600000 );
#11848 = CARTESIAN_POINT( '', ( 0.307500000000000, 0.0200000000000000, -0.125000000000000 ) );
#11849 = CARTESIAN_POINT( '', ( 0.307500000000000, 0.0200000000000000, 0.145000000000000 ) );
#11850 = VECTOR( '', #14245, 39.3700787402000 );
#11851 = CARTESIAN_POINT( '', ( 0.307500000000000, 0.320000000000000, -0.125000000000000 ) );
#11852 = CARTESIAN_POINT( '', ( 0.307500000000000, 0.320000000000000, -0.125000000000000 ) );
#11853 = VECTOR( '', #14246, 39.3700787402000 );
#11854 = CARTESIAN_POINT( '', ( 0.307500000000000, 0.320000000000000, -0.145000000000000 ) );
#11855 = CARTESIAN_POINT( '', ( 0.307500000000000, 0.320000000000000, -0.145000000000000 ) );
#11856 = VECTOR( '', #14247, 39.3700787402000 );
#11857 = CARTESIAN_POINT( '', ( 0.307500000000000, -0.0200000000000000, -0.145000000000000 ) );
#11858 = VECTOR( '', #14248, 39.3700787402000 );
#11859 = COLOUR_RGB( '', 1.00000000000000, 1.00000000000000, 0.000000000000000 );
#11860 = CARTESIAN_POINT( '', ( -0.0374999999999999, 0.305000000000000, -0.0562500000000000 ) );
#11861 = CARTESIAN_POINT( '', ( 0.262500000000000, 0.305000000000000, -0.0562500000000000 ) );
#11862 = VECTOR( '', #14249, 39.3700787402000 );
#11863 = CARTESIAN_POINT( '', ( -0.0374999999999999, 0.298750000000000, -0.0625000000000000 ) );
#11864 = CARTESIAN_POINT( '', ( -0.0374999999999999, 0.298750000000000, -0.0625000000000000 ) );
#11865 = VECTOR( '', #14250, 39.3700787402000 );
#11866 = CARTESIAN_POINT( '', ( 0.262500000000000, 0.298750000000000, -0.0625000000000000 ) );
#11867 = VECTOR( '', #14251, 39.3700787402000 );
#11868 = COLOUR_RGB( '', 1.00000000000000, 1.00000000000000, 0.000000000000000 );
#11869 = CARTESIAN_POINT( '', ( 0.137500000000000, -0.0225000000000000, -0.0375000000000000 ) );
#11870 = CARTESIAN_POINT( '', ( 0.137500000000000, 0.0400000000000000, -0.0375000000000000 ) );
#11871 = CARTESIAN_POINT( '', ( 0.137500000000000, 0.0400000000000000, -0.0375000000000000 ) );
#11872 = VECTOR( '', #14252, 39.3700787402000 );
#11873 = CARTESIAN_POINT( '', ( 0.137500000000000, 0.0400000000000000, -0.0625000000000000 ) );
#11874 = CARTESIAN_POINT( '', ( 0.137500000000000, 0.0400000000000000, 0.145000000000000 ) );
#11875 = VECTOR( '', #14253, 39.3700787402000 );
#11876 = CARTESIAN_POINT( '', ( 0.137500000000000, -0.0225000000000000, -0.0625000000000000 ) );
#11877 = CARTESIAN_POINT( '', ( 0.137500000000000, -0.0225000000000000, -0.0625000000000000 ) );
#11878 = VECTOR( '', #14254, 39.3700787402000 );
#11879 = CARTESIAN_POINT( '', ( 0.137500000000000, -0.0475000000000000, -0.0875000000000000 ) );
#11880 = AXIS2_PLACEMENT_3D( '', #14255, #14256, #14257 );
#11881 = CARTESIAN_POINT( '', ( 0.137500000000000, -0.0475000000000000, -0.223750000000000 ) );
#11882 = CARTESIAN_POINT( '', ( 0.137500000000000, -0.0475000000000000, -0.223750000000000 ) );
#11883 = VECTOR( '', #14258, 39.3700787402000 );
#11884 = CARTESIAN_POINT( '', ( 0.137500000000000, -0.0537500000000000, -0.230000000000000 ) );
#11885 = CARTESIAN_POINT( '', ( 0.137500000000000, -0.0537500000000000, -0.230000000000000 ) );
#11886 = VECTOR( '', #14259, 39.3700787402000 );
#11887 = CARTESIAN_POINT( '', ( 0.137500000000000, -0.0662500000000000, -0.230000000000000 ) );
#11888 = CARTESIAN_POINT( '', ( 0.137500000000000, -0.200000000000000, -0.230000000000000 ) );
#11889 = VECTOR( '', #14260, 39.3700787402000 );
#11890 = CARTESIAN_POINT( '', ( 0.137500000000000, -0.0725000000000000, -0.223750000000000 ) );
#11891 = CARTESIAN_POINT( '', ( 0.137500000000000, -0.0725000000000000, -0.223750000000000 ) );
#11892 = VECTOR( '', #14261, 39.3700787402000 );
#11893 = CARTESIAN_POINT( '', ( 0.137500000000000, -0.0725000000000000, -0.0875000000000000 ) );
#11894 = CARTESIAN_POINT( '', ( 0.137500000000000, -0.0725000000000000, -0.0875000000000000 ) );
#11895 = VECTOR( '', #14262, 39.3700787402000 );
#11896 = AXIS2_PLACEMENT_3D( '', #14263, #14264, #14265 );
#11897 = COLOUR_RGB( '', 0.689999997600000, 0.689999997600000, 0.689999997600000 );
#11898 = CARTESIAN_POINT( '', ( 0.286373040278640, 0.320000000000000, -0.00500000000000000 ) );
#11899 = CARTESIAN_POINT( '', ( 0.277000000000000, 0.305000000000000, -0.00500000000000000 ) );
#11900 = CARTESIAN_POINT( '', ( 0.160175042028577, 0.118040985904561, -0.00500000000000000 ) );
#11901 = VECTOR( '', #14266, 39.3700787402000 );
#11902 = CARTESIAN_POINT( '', ( 0.277000000000000, 0.305000000000000, 0.0500000000000000 ) );
#11903 = VECTOR( '', #14267, 39.3700787402000 );
#11904 = CARTESIAN_POINT( '', ( 0.286373040278640, 0.320000000000000, -0.145000000000000 ) );
#11905 = VECTOR( '', #14268, 39.3700787402000 );
#11906 = COLOUR_RGB( '', 0.689999997600000, 0.689999997600000, 0.689999997600000 );
#11907 = CARTESIAN_POINT( '', ( -0.273333319203366, 0.200000000000000, 0.00510000000000001 ) );
#11908 = CARTESIAN_POINT( '', ( -0.226666680796634, 0.200000000000000, 0.00510000000000001 ) );
#11909 = CARTESIAN_POINT( '', ( -0.205050000000000, 0.200000000000000, 0.00510000000000001 ) );
#11910 = VECTOR( '', #14269, 39.3700787402000 );
#11911 = CARTESIAN_POINT( '', ( -0.226666680796634, 0.200000000000000, -0.00500000000000000 ) );
#11912 = CARTESIAN_POINT( '', ( -0.226666680796634, 0.200000000000000, 0.0500000000000000 ) );
#11913 = VECTOR( '', #14270, 39.3700787402000 );
#11914 = CARTESIAN_POINT( '', ( -0.273333319203366, 0.200000000000000, -0.00500000000000000 ) );
#11915 = CARTESIAN_POINT( '', ( -0.294950000000000, 0.200000000000000, -0.00500000000000000 ) );
#11916 = VECTOR( '', #14271, 39.3700787402000 );
#11917 = CARTESIAN_POINT( '', ( -0.273333319203366, 0.200000000000000, 0.0500000000000000 ) );
#11918 = VECTOR( '', #14272, 39.3700787402000 );
#11919 = COLOUR_RGB( '', 1.00000000000000, 1.00000000000000, 0.000000000000000 );
#11920 = CARTESIAN_POINT( '', ( -0.0375000000000000, -0.0475000000000000, -0.0875000000000000 ) );
#11921 = CARTESIAN_POINT( '', ( -0.0375000000000000, -0.0475000000000000, -0.223750000000000 ) );
#11922 = VECTOR( '', #14273, 39.3700787402000 );
#11923 = CARTESIAN_POINT( '', ( -0.0625000000000000, -0.0475000000000000, -0.0875000000000000 ) );
#11924 = CARTESIAN_POINT( '', ( -0.0625000000000000, -0.0475000000000000, -0.223750000000000 ) );
#11925 = VECTOR( '', #14274, 39.3700787402000 );
#11926 = CARTESIAN_POINT( '', ( 0.262500000000000, -0.0475000000000000, -0.0875000000000000 ) );
#11927 = VECTOR( '', #14275, 39.3700787402000 );
#11928 = COLOUR_RGB( '', 0.689999997600000, 0.689999997600000, 0.689999997600000 );
#11929 = CARTESIAN_POINT( '', ( 0.330000000000000, 0.320000000000000, -0.145000000000000 ) );
#11930 = VECTOR( '', #14276, 39.3700787402000 );
#11931 = CARTESIAN_POINT( '', ( 0.330000000000000, 0.0200000000000000, 0.115000000000000 ) );
#11932 = VECTOR( '', #14277, 39.3700787402000 );
#11933 = COLOUR_RGB( '', 1.00000000000000, 1.00000000000000, 0.000000000000000 );
#11934 = CARTESIAN_POINT( '', ( -0.137500000000000, 0.0400000000000000, -0.0375000000000000 ) );
#11935 = CARTESIAN_POINT( '', ( -0.137500000000000, -0.0225000000000000, -0.0375000000000000 ) );
#11936 = CARTESIAN_POINT( '', ( -0.137500000000000, 0.0400000000000000, -0.0375000000000000 ) );
#11937 = VECTOR( '', #14278, 39.3700787402000 );
#11938 = CARTESIAN_POINT( '', ( -0.137500000000000, -0.0725000000000000, -0.0875000000000000 ) );
#11939 = AXIS2_PLACEMENT_3D( '', #14279, #14280, #14281 );
#11940 = CARTESIAN_POINT( '', ( -0.137500000000000, -0.0725000000000000, -0.223750000000000 ) );
#11941 = CARTESIAN_POINT( '', ( -0.137500000000000, -0.0725000000000000, -0.0875000000000000 ) );
#11942 = VECTOR( '', #14282, 39.3700787402000 );
#11943 = CARTESIAN_POINT( '', ( -0.137500000000000, -0.0725000000000000, -0.223750000000000 ) );
#11944 = VECTOR( '', #14283, 39.3700787402000 );
#11945 = CARTESIAN_POINT( '', ( -0.137500000000000, -0.0537500000000000, -0.230000000000000 ) );
#11946 = VECTOR( '', #14284, 39.3700787402000 );
#11947 = CARTESIAN_POINT( '', ( -0.137500000000000, -0.0225000000000000, -0.0625000000000000 ) );
#11948 = AXIS2_PLACEMENT_3D( '', #14285, #14286, #14287 );
#11949 = CARTESIAN_POINT( '', ( -0.137500000000000, 0.0400000000000000, -0.0625000000000000 ) );
#11950 = CARTESIAN_POINT( '', ( -0.137500000000000, -0.0225000000000000, -0.0625000000000000 ) );
#11951 = VECTOR( '', #14288, 39.3700787402000 );
#11952 = CARTESIAN_POINT( '', ( -0.137500000000000, 0.0400000000000000, 0.145000000000000 ) );
#11953 = VECTOR( '', #14289, 39.3700787402000 );
#11954 = COLOUR_RGB( '', 0.689999997600000, 0.689999997600000, 0.689999997600000 );
#11955 = CARTESIAN_POINT( '', ( -0.286373040278640, 0.320000000000000, 0.00510000000000000 ) );
#11956 = CARTESIAN_POINT( '', ( -0.277000000000000, 0.305000000000000, 0.00510000000000001 ) );
#11957 = CARTESIAN_POINT( '', ( -0.160175042028577, 0.118040985904561, 0.00510000000000001 ) );
#11958 = VECTOR( '', #14290, 39.3700787402000 );
#11959 = CARTESIAN_POINT( '', ( -0.294950000000000, 0.320000000000000, 0.00510000000000001 ) );
#11960 = CARTESIAN_POINT( '', ( -0.205050000000000, 0.320000000000000, 0.00510000000000001 ) );
#11961 = VECTOR( '', #14291, 39.3700787402000 );
#11962 = CARTESIAN_POINT( '', ( -0.294950000000000, 0.0900000000000000, 0.00510000000000001 ) );
#11963 = CARTESIAN_POINT( '', ( -0.294950000000000, 0.0900000000000000, 0.00510000000000001 ) );
#11964 = VECTOR( '', #14292, 39.3700787402000 );
#11965 = CARTESIAN_POINT( '', ( -0.205050000000000, 0.0900000000000000, 0.00510000000000000 ) );
#11966 = CARTESIAN_POINT( '', ( -0.205050000000000, 0.0900000000000000, 0.00510000000000001 ) );
#11967 = VECTOR( '', #14293, 39.3700787402000 );
#11968 = CARTESIAN_POINT( '', ( -0.205050000000000, 0.320000000000000, 0.00510000000000000 ) );
#11969 = CARTESIAN_POINT( '', ( -0.205050000000000, 0.0900000000000000, 0.00510000000000000 ) );
#11970 = VECTOR( '', #14294, 39.3700787402000 );
#11971 = CARTESIAN_POINT( '', ( -0.213626959721360, 0.320000000000000, 0.00510000000000000 ) );
#11972 = CARTESIAN_POINT( '', ( -0.205050000000000, 0.320000000000000, 0.00510000000000001 ) );
#11973 = VECTOR( '', #14295, 39.3700787402000 );
#11974 = CARTESIAN_POINT( '', ( -0.223000000000000, 0.305000000000000, 0.00510000000000001 ) );
#11975 = CARTESIAN_POINT( '', ( -0.314579741019592, 0.158441778285709, 0.00510000000000001 ) );
#11976 = VECTOR( '', #14296, 39.3700787402000 );
#11977 = CARTESIAN_POINT( '', ( -0.230476958278575, 0.0908879289489224, 0.00510000000000001 ) );
#11978 = VECTOR( '', #14297, 39.3700787402000 );
#11979 = CARTESIAN_POINT( '', ( -0.269413545780604, 0.0877523754541240, 0.00510000000000001 ) );
#11980 = VECTOR( '', #14298, 39.3700787402000 );
#11981 = COLOUR_RGB( '', 0.689999997600000, 0.689999997600000, 0.689999997600000 );
#11982 = CARTESIAN_POINT( '', ( -0.0175000000000000, 0.000000000000000, -0.115000000000000 ) );
#11983 = CARTESIAN_POINT( '', ( 0.330000000000000, 0.000000000000000, -0.115000000000000 ) );
#11984 = VECTOR( '', #14299, 39.3700787402000 );
#11985 = CARTESIAN_POINT( '', ( -0.0175000000000000, 0.000000000000000, -0.145000000000000 ) );
#11986 = CARTESIAN_POINT( '', ( -0.0175000000000000, 0.000000000000000, 0.145000000000000 ) );
#11987 = VECTOR( '', #14300, 39.3700787402000 );
#11988 = CARTESIAN_POINT( '', ( 0.330000000000000, 0.000000000000000, -0.145000000000000 ) );
#11989 = VECTOR( '', #14301, 39.3700787402000 );
#11990 = COLOUR_RGB( '', 1.00000000000000, 1.00000000000000, 0.000000000000000 );
#11991 = CARTESIAN_POINT( '', ( 0.0625000000000000, -0.122500000000000, 0.0375000000000000 ) );
#11992 = CARTESIAN_POINT( '', ( 0.0375000000000000, -0.122500000000000, 0.0375000000000000 ) );
#11993 = CARTESIAN_POINT( '', ( 0.262500000000000, -0.122500000000000, 0.0375000000000000 ) );
#11994 = VECTOR( '', #14302, 39.3700787402000 );
#11995 = CARTESIAN_POINT( '', ( 0.0625000000000000, -0.147500000000000, 0.0125000000000000 ) );
#11996 = AXIS2_PLACEMENT_3D( '', #14303, #14304, #14305 );
#11997 = CARTESIAN_POINT( '', ( 0.0375000000000000, -0.147500000000000, 0.0125000000000000 ) );
#11998 = CARTESIAN_POINT( '', ( 0.262500000000000, -0.147500000000000, 0.0125000000000000 ) );
#11999 = VECTOR( '', #14306, 39.3700787402000 );
#12000 = AXIS2_PLACEMENT_3D( '', #14307, #14308, #14309 );
#12001 = COLOUR_RGB( '', 0.689999997600000, 0.689999997600000, 0.689999997600000 );
#12002 = CARTESIAN_POINT( '', ( -0.194950000000000, 0.320000000000000, 0.115000000000000 ) );
#12003 = CARTESIAN_POINT( '', ( -0.194950000000000, 0.320000000000000, 0.00510000000000000 ) );
#12004 = VECTOR( '', #14310, 39.3700787402000 );
#12005 = CARTESIAN_POINT( '', ( -0.194950000000000, 0.0900000000000000, 0.115000000000000 ) );
#12006 = CARTESIAN_POINT( '', ( -0.194950000000000, 0.0900000000000000, 0.115000000000000 ) );
#12007 = VECTOR( '', #14311, 39.3700787402000 );
#12008 = CARTESIAN_POINT( '', ( -0.194950000000000, 0.0900000000000000, 0.00510000000000000 ) );
#12009 = VECTOR( '', #14312, 39.3700787402000 );
#12010 = COLOUR_RGB( '', 0.689999997600000, 0.689999997600000, 0.689999997600000 );
#12011 = CARTESIAN_POINT( '', ( -0.0500000000000000, 0.233000000000000, 0.135000000000000 ) );
#12012 = CARTESIAN_POINT( '', ( -0.0500000000000000, 0.222000000000000, 0.165000000000000 ) );
#12013 = VECTOR( '', #14313, 39.3700787402000 );
#12014 = CARTESIAN_POINT( '', ( 0.0500000000000000, 0.233000000000000, 0.135000000000000 ) );
#12015 = CARTESIAN_POINT( '', ( 0.0500000000000000, 0.233000000000000, 0.135000000000000 ) );
#12016 = VECTOR( '', #14314, 39.3700787402000 );
#12017 = CARTESIAN_POINT( '', ( 0.0500000000000000, 0.222000000000000, 0.165000000000000 ) );
#12018 = VECTOR( '', #14315, 39.3700787402000 );
#12019 = COLOUR_RGB( '', 1.00000000000000, 1.00000000000000, 0.000000000000000 );
#12020 = CARTESIAN_POINT( '', ( -0.0374999999999999, 0.0650000000000000, 0.0375000000000000 ) );
#12021 = CARTESIAN_POINT( '', ( 0.262500000000000, 0.0650000000000000, 0.0375000000000000 ) );
#12022 = VECTOR( '', #14316, 39.3700787402000 );
#12023 = CARTESIAN_POINT( '', ( -0.0374999999999999, 0.0650000000000000, -0.0375000000000000 ) );
#12024 = CARTESIAN_POINT( '', ( -0.0374999999999999, 0.0650000000000000, -0.0375000000000000 ) );
#12025 = VECTOR( '', #14317, 39.3700787402000 );
#12026 = CARTESIAN_POINT( '', ( 0.262500000000000, 0.0650000000000000, -0.0375000000000000 ) );
#12027 = VECTOR( '', #14318, 39.3700787402000 );
#12028 = COLOUR_RGB( '', 0.689999997600000, 0.689999997600000, 0.689999997600000 );
#12029 = CARTESIAN_POINT( '', ( 0.173333319203367, 0.200000000000000, 0.00510000000000000 ) );
#12030 = CARTESIAN_POINT( '', ( 0.173333319203367, 0.200000000000000, 0.0500000000000000 ) );
#12031 = VECTOR( '', #14319, 39.3700787402000 );
#12032 = CARTESIAN_POINT( '', ( 0.169523041721425, 0.0908879289489224, 0.00510000000000000 ) );
#12033 = VECTOR( '', #14320, 39.3700787402000 );
#12034 = COLOUR_RGB( '', 0.689999997600000, 0.689999997600000, 0.689999997600000 );
#12035 = CARTESIAN_POINT( '', ( -0.205050000000000, 0.320000000000000, 0.115000000000000 ) );
#12036 = VECTOR( '', #14321, 39.3700787402000 );
#12037 = CARTESIAN_POINT( '', ( -0.205050000000000, 0.0900000000000000, 0.115000000000000 ) );
#12038 = VECTOR( '', #14322, 39.3700787402000 );
#12039 = COLOUR_RGB( '', 0.689999997600000, 0.689999997600000, 0.689999997600000 );
#12040 = CARTESIAN_POINT( '', ( -0.00504999999999999, 0.320000000000000, 0.115000000000000 ) );
#12041 = CARTESIAN_POINT( '', ( -0.00505000000000002, 0.320000000000000, 0.115000000000000 ) );
#12042 = VECTOR( '', #14323, 39.3700787402000 );
#12043 = CARTESIAN_POINT( '', ( -0.00505000000000002, 0.0900000000000000, 0.115000000000000 ) );
#12044 = VECTOR( '', #14324, 39.3700787402000 );
#12045 = COLOUR_RGB( '', 0.689999997600000, 0.689999997600000, 0.689999997600000 );
#12046 = CARTESIAN_POINT( '', ( 0.307500000000000, 0.000000000000000, 0.115000000000000 ) );
#12047 = CARTESIAN_POINT( '', ( 0.307500000000000, 0.000000000000000, 0.145000000000000 ) );
#12048 = CARTESIAN_POINT( '', ( 0.307500000000000, 0.000000000000000, 0.145000000000000 ) );
#12049 = VECTOR( '', #14325, 39.3700787402000 );
#12050 = CARTESIAN_POINT( '', ( 0.330000000000000, 0.000000000000000, 0.115000000000000 ) );
#12051 = VECTOR( '', #14326, 39.3700787402000 );
#12052 = CARTESIAN_POINT( '', ( 0.330000000000000, 0.000000000000000, 0.145000000000000 ) );
#12053 = VECTOR( '', #14327, 39.3700787402000 );
#12054 = COLOUR_RGB( '', 1.00000000000000, 1.00000000000000, 0.000000000000000 );
#12055 = CARTESIAN_POINT( '', ( 0.237500000000000, 0.298750000000000, -0.0375000000000000 ) );
#12056 = CARTESIAN_POINT( '', ( 0.237500000000000, 0.305000000000000, -0.0437500000000000 ) );
#12057 = VECTOR( '', #14328, 39.3700787402000 );
#12058 = CARTESIAN_POINT( '', ( 0.262500000000000, 0.298750000000000, -0.0375000000000000 ) );
#12059 = CARTESIAN_POINT( '', ( 0.262500000000000, 0.298750000000000, -0.0375000000000000 ) );
#12060 = VECTOR( '', #14329, 39.3700787402000 );
#12061 = CARTESIAN_POINT( '', ( 0.262500000000000, 0.305000000000000, -0.0437500000000000 ) );
#12062 = VECTOR( '', #14330, 39.3700787402000 );
#12063 = COLOUR_RGB( '', 0.689999997600000, 0.689999997600000, 0.689999997600000 );
#12064 = CARTESIAN_POINT( '', ( 0.205050000000000, 0.320000000000000, 0.115000000000000 ) );
#12065 = CARTESIAN_POINT( '', ( 0.205050000000000, 0.320000000000000, 0.00510000000000000 ) );
#12066 = VECTOR( '', #14331, 39.3700787402000 );
#12067 = CARTESIAN_POINT( '', ( 0.205050000000000, 0.0900000000000000, 0.115000000000000 ) );
#12068 = VECTOR( '', #14332, 39.3700787402000 );
#12069 = COLOUR_RGB( '', 1.00000000000000, 1.00000000000000, 0.000000000000000 );
#12070 = CARTESIAN_POINT( '', ( -0.237500000000000, 0.0400000000000000, 0.0375000000000000 ) );
#12071 = CARTESIAN_POINT( '', ( -0.237500000000000, -0.122500000000000, 0.0375000000000000 ) );
#12072 = VECTOR( '', #14333, 39.3700787402000 );
#12073 = CARTESIAN_POINT( '', ( -0.262500000000000, 0.0400000000000000, 0.0375000000000000 ) );
#12074 = CARTESIAN_POINT( '', ( -0.262500000000000, -0.122500000000000, 0.0375000000000000 ) );
#12075 = VECTOR( '', #14334, 39.3700787402000 );
#12076 = CARTESIAN_POINT( '', ( 0.262500000000000, 0.0400000000000000, 0.0375000000000000 ) );
#12077 = VECTOR( '', #14335, 39.3700787402000 );
#12078 = COLOUR_RGB( '', 1.00000000000000, 1.00000000000000, 0.000000000000000 );
#12079 = CARTESIAN_POINT( '', ( -0.137500000000000, 0.305000000000000, 0.0562500000000000 ) );
#12080 = CARTESIAN_POINT( '', ( 0.262500000000000, 0.305000000000000, 0.0562500000000000 ) );
#12081 = VECTOR( '', #14336, 39.3700787402000 );
#12082 = CARTESIAN_POINT( '', ( -0.137500000000000, 0.305000000000000, 0.0437500000000000 ) );
#12083 = CARTESIAN_POINT( '', ( -0.137500000000000, 0.305000000000000, 0.0437500000000000 ) );
#12084 = VECTOR( '', #14337, 39.3700787402000 );
#12085 = CARTESIAN_POINT( '', ( 0.262500000000000, 0.305000000000000, 0.0437500000000000 ) );
#12086 = VECTOR( '', #14338, 39.3700787402000 );
#12087 = COLOUR_RGB( '', 1.00000000000000, 1.00000000000000, 0.000000000000000 );
#12088 = CARTESIAN_POINT( '', ( 0.237500000000000, 0.305000000000000, 0.0437500000000000 ) );
#12089 = CARTESIAN_POINT( '', ( 0.237500000000000, 0.305000000000000, 0.0437500000000000 ) );
#12090 = VECTOR( '', #14339, 39.3700787402000 );
#12091 = CARTESIAN_POINT( '', ( 0.237500000000000, 0.298750000000000, 0.0375000000000000 ) );
#12092 = CARTESIAN_POINT( '', ( 0.237500000000000, 0.298750000000000, 0.0375000000000000 ) );
#12093 = VECTOR( '', #14340, 39.3700787402000 );
#12094 = CARTESIAN_POINT( '', ( 0.237500000000000, 0.0650000000000000, 0.0375000000000000 ) );
#12095 = CARTESIAN_POINT( '', ( 0.237500000000000, 0.0650000000000000, 0.0375000000000000 ) );
#12096 = VECTOR( '', #14341, 39.3700787402000 );
#12097 = CARTESIAN_POINT( '', ( 0.237500000000000, 0.0650000000000000, -0.0375000000000000 ) );
#12098 = CARTESIAN_POINT( '', ( 0.237500000000000, 0.0650000000000000, -0.0375000000000000 ) );
#12099 = VECTOR( '', #14342, 39.3700787402000 );
#12100 = CARTESIAN_POINT( '', ( 0.237500000000000, 0.298750000000000, -0.0375000000000000 ) );
#12101 = VECTOR( '', #14343, 39.3700787402000 );
#12102 = CARTESIAN_POINT( '', ( 0.237500000000000, 0.298750000000000, -0.0625000000000000 ) );
#12103 = CARTESIAN_POINT( '', ( 0.237500000000000, 0.298750000000000, -0.0625000000000000 ) );
#12104 = VECTOR( '', #14344, 39.3700787402000 );
#12105 = CARTESIAN_POINT( '', ( 0.237500000000000, 0.0600000000000000, -0.0625000000000000 ) );
#12106 = CARTESIAN_POINT( '', ( 0.237500000000000, -0.0225000000000000, -0.0625000000000000 ) );
#12107 = VECTOR( '', #14345, 39.3700787402000 );
#12108 = CARTESIAN_POINT( '', ( 0.237500000000000, 0.0600000000000000, 0.145000000000000 ) );
#12109 = VECTOR( '', #14346, 39.3700787402000 );
#12110 = COLOUR_RGB( '', 1.00000000000000, 1.00000000000000, 0.000000000000000 );
#12111 = CARTESIAN_POINT( '', ( 0.262500000000000, -0.0475000000000000, -0.223750000000000 ) );
#12112 = VECTOR( '', #14347, 39.3700787402000 );
#12113 = CARTESIAN_POINT( '', ( 0.262500000000000, -0.0475000000000000, -0.0875000000000000 ) );
#12114 = VECTOR( '', #14348, 39.3700787402000 );
#12115 = COLOUR_RGB( '', 0.689999997600000, 0.689999997600000, 0.689999997600000 );
#12116 = CARTESIAN_POINT( '', ( 0.194950000000000, 0.320000000000000, -0.114900000000000 ) );
#12117 = CARTESIAN_POINT( '', ( 0.105050000000000, 0.320000000000000, -0.114900000000000 ) );
#12118 = CARTESIAN_POINT( '', ( 0.194950000000000, 0.320000000000000, -0.114900000000000 ) );
#12119 = VECTOR( '', #14349, 39.3700787402000 );
#12120 = CARTESIAN_POINT( '', ( 0.105050000000000, 0.0900000000000000, -0.114900000000000 ) );
#12121 = CARTESIAN_POINT( '', ( 0.105050000000000, 0.0900000000000000, -0.114900000000000 ) );
#12122 = VECTOR( '', #14350, 39.3700787402000 );
#12123 = CARTESIAN_POINT( '', ( 0.194950000000000, 0.0900000000000000, -0.114900000000000 ) );
#12124 = CARTESIAN_POINT( '', ( 0.194950000000000, 0.0900000000000000, -0.114900000000000 ) );
#12125 = VECTOR( '', #14351, 39.3700787402000 );
#12126 = CARTESIAN_POINT( '', ( 0.194950000000000, 0.0900000000000000, -0.114900000000000 ) );
#12127 = VECTOR( '', #14352, 39.3700787402000 );
#12128 = COLOUR_RGB( '', 1.00000000000000, 1.00000000000000, 0.000000000000000 );
#12129 = CARTESIAN_POINT( '', ( 0.0625000000000000, -0.172500000000000, 0.0125000000000000 ) );
#12130 = CARTESIAN_POINT( '', ( 0.0625000000000000, -0.172500000000000, -0.223750000000000 ) );
#12131 = CARTESIAN_POINT( '', ( 0.0625000000000000, -0.172500000000000, 0.0125000000000000 ) );
#12132 = VECTOR( '', #14353, 39.3700787402000 );
#12133 = CARTESIAN_POINT( '', ( 0.0375000000000000, -0.172500000000000, 0.0125000000000000 ) );
#12134 = CARTESIAN_POINT( '', ( 0.262500000000000, -0.172500000000000, 0.0125000000000000 ) );
#12135 = VECTOR( '', #14354, 39.3700787402000 );
#12136 = CARTESIAN_POINT( '', ( 0.0375000000000000, -0.172500000000000, -0.223750000000000 ) );
#12137 = CARTESIAN_POINT( '', ( 0.0375000000000000, -0.172500000000000, 0.0125000000000000 ) );
#12138 = VECTOR( '', #14355, 39.3700787402000 );
#12139 = CARTESIAN_POINT( '', ( 0.262500000000000, -0.172500000000000, -0.223750000000000 ) );
#12140 = VECTOR( '', #14356, 39.3700787402000 );
#12141 = COLOUR_RGB( '', 1.00000000000000, 1.00000000000000, 0.000000000000000 );
#12142 = CARTESIAN_POINT( '', ( -0.262500000000000, -0.0725000000000000, -0.223750000000000 ) );
#12143 = CARTESIAN_POINT( '', ( -0.262500000000000, -0.0725000000000000, -0.0875000000000000 ) );
#12144 = VECTOR( '', #14357, 39.3700787402000 );
#12145 = CARTESIAN_POINT( '', ( 0.262500000000000, -0.0725000000000000, -0.223750000000000 ) );
#12146 = VECTOR( '', #14358, 39.3700787402000 );
#12147 = COLOUR_RGB( '', 1.00000000000000, 1.00000000000000, 0.000000000000000 );
#12148 = CARTESIAN_POINT( '', ( -0.137500000000000, -0.166250000000000, -0.230000000000000 ) );
#12149 = CARTESIAN_POINT( '', ( -0.137500000000000, 0.0400000000000000, -0.230000000000000 ) );
#12150 = VECTOR( '', #14359, 39.3700787402000 );
#12151 = CARTESIAN_POINT( '', ( -0.162500000000000, -0.166250000000000, -0.230000000000000 ) );
#12152 = CARTESIAN_POINT( '', ( 0.262500000000000, -0.166250000000000, -0.230000000000000 ) );
#12153 = VECTOR( '', #14360, 39.3700787402000 );
#12154 = CARTESIAN_POINT( '', ( -0.162500000000000, -0.200000000000000, -0.230000000000000 ) );
#12155 = VECTOR( '', #14361, 39.3700787402000 );
#12156 = COLOUR_RGB( '', 1.00000000000000, 1.00000000000000, 0.000000000000000 );
#12157 = CARTESIAN_POINT( '', ( -0.237500000000000, 0.305000000000000, -0.0562500000000000 ) );
#12158 = CARTESIAN_POINT( '', ( -0.237500000000000, 0.305000000000000, -0.0437500000000000 ) );
#12159 = CARTESIAN_POINT( '', ( -0.237500000000000, 0.305000000000000, -0.0562500000000000 ) );
#12160 = VECTOR( '', #14362, 39.3700787402000 );
#12161 = CARTESIAN_POINT( '', ( -0.262500000000000, 0.305000000000000, -0.0562500000000000 ) );
#12162 = CARTESIAN_POINT( '', ( 0.262500000000000, 0.305000000000000, -0.0562500000000000 ) );
#12163 = VECTOR( '', #14363, 39.3700787402000 );
#12164 = CARTESIAN_POINT( '', ( -0.262500000000000, 0.305000000000000, -0.0437500000000000 ) );
#12165 = CARTESIAN_POINT( '', ( -0.262500000000000, 0.305000000000000, -0.0562500000000000 ) );
#12166 = VECTOR( '', #14364, 39.3700787402000 );
#12167 = CARTESIAN_POINT( '', ( 0.262500000000000, 0.305000000000000, -0.0437500000000000 ) );
#12168 = VECTOR( '', #14365, 39.3700787402000 );
#12169 = COLOUR_RGB( '', 1.00000000000000, 1.00000000000000, 0.000000000000000 );
#12170 = CARTESIAN_POINT( '', ( 0.137500000000000, -0.147500000000000, -0.223750000000000 ) );
#12171 = CARTESIAN_POINT( '', ( 0.137500000000000, -0.153750000000000, -0.230000000000000 ) );
#12172 = VECTOR( '', #14366, 39.3700787402000 );
#12173 = CARTESIAN_POINT( '', ( 0.262500000000000, -0.147500000000000, -0.223750000000000 ) );
#12174 = VECTOR( '', #14367, 39.3700787402000 );
#12175 = COLOUR_RGB( '', 1.00000000000000, 1.00000000000000, 0.000000000000000 );
#12176 = CARTESIAN_POINT( '', ( -0.0625000000000000, -0.166250000000000, -0.230000000000000 ) );
#12177 = CARTESIAN_POINT( '', ( 0.262500000000000, -0.166250000000000, -0.230000000000000 ) );
#12178 = VECTOR( '', #14368, 39.3700787402000 );
#12179 = CARTESIAN_POINT( '', ( -0.0625000000000000, -0.153750000000000, -0.230000000000000 ) );
#12180 = CARTESIAN_POINT( '', ( -0.0625000000000000, -0.200000000000000, -0.230000000000000 ) );
#12181 = VECTOR( '', #14369, 39.3700787402000 );
#12182 = CARTESIAN_POINT( '', ( 0.262500000000000, -0.153750000000000, -0.230000000000000 ) );
#12183 = VECTOR( '', #14370, 39.3700787402000 );
#12184 = COLOUR_RGB( '', 1.00000000000000, 1.00000000000000, 0.000000000000000 );
#12185 = CARTESIAN_POINT( '', ( 0.137500000000000, -0.172500000000000, -0.223750000000000 ) );
#12186 = CARTESIAN_POINT( '', ( 0.262500000000000, -0.172500000000000, -0.223750000000000 ) );
#12187 = VECTOR( '', #14371, 39.3700787402000 );
#12188 = CARTESIAN_POINT( '', ( 0.137500000000000, -0.172500000000000, -0.223750000000000 ) );
#12189 = VECTOR( '', #14372, 39.3700787402000 );
#12190 = COLOUR_RGB( '', 0.689999997600000, 0.689999997600000, 0.689999997600000 );
#12191 = CARTESIAN_POINT( '', ( 0.273333319203367, 0.200000000000000, -0.00500000000000000 ) );
#12192 = CARTESIAN_POINT( '', ( 0.205050000000000, 0.200000000000000, -0.00500000000000000 ) );
#12193 = VECTOR( '', #14373, 39.3700787402000 );
#12194 = CARTESIAN_POINT( '', ( 0.273333319203367, 0.200000000000000, 0.0500000000000000 ) );
#12195 = VECTOR( '', #14374, 39.3700787402000 );
#12196 = COLOUR_RGB( '', 1.00000000000000, 1.00000000000000, 0.000000000000000 );
#12197 = CARTESIAN_POINT( '', ( -0.137500000000000, 0.305000000000000, -0.0562500000000000 ) );
#12198 = CARTESIAN_POINT( '', ( 0.262500000000000, 0.305000000000000, -0.0562500000000000 ) );
#12199 = VECTOR( '', #14375, 39.3700787402000 );
#12200 = CARTESIAN_POINT( '', ( -0.137500000000000, 0.298750000000000, -0.0625000000000000 ) );
#12201 = CARTESIAN_POINT( '', ( -0.137500000000000, 0.298750000000000, -0.0625000000000000 ) );
#12202 = VECTOR( '', #14376, 39.3700787402000 );
#12203 = CARTESIAN_POINT( '', ( 0.262500000000000, 0.298750000000000, -0.0625000000000000 ) );
#12204 = VECTOR( '', #14377, 39.3700787402000 );
#12205 = COLOUR_RGB( '', 1.00000000000000, 1.00000000000000, 0.000000000000000 );
#12206 = CARTESIAN_POINT( '', ( -0.237500000000000, -0.166250000000000, -0.230000000000000 ) );
#12207 = CARTESIAN_POINT( '', ( -0.237500000000000, -0.172500000000000, -0.223750000000000 ) );
#12208 = VECTOR( '', #14378, 39.3700787402000 );
#12209 = CARTESIAN_POINT( '', ( -0.262500000000000, -0.166250000000000, -0.230000000000000 ) );
#12210 = CARTESIAN_POINT( '', ( -0.262500000000000, -0.172500000000000, -0.223750000000000 ) );
#12211 = VECTOR( '', #14379, 39.3700787402000 );
#12212 = CARTESIAN_POINT( '', ( 0.262500000000000, -0.166250000000000, -0.230000000000000 ) );
#12213 = VECTOR( '', #14380, 39.3700787402000 );
#12214 = COLOUR_RGB( '', 1.00000000000000, 1.00000000000000, 0.000000000000000 );
#12215 = CARTESIAN_POINT( '', ( 0.137500000000000, 0.0650000000000000, -0.0375000000000000 ) );
#12216 = CARTESIAN_POINT( '', ( 0.137500000000000, 0.298750000000000, -0.0375000000000000 ) );
#12217 = CARTESIAN_POINT( '', ( 0.137500000000000, 0.298750000000000, -0.0375000000000000 ) );
#12218 = VECTOR( '', #14381, 39.3700787402000 );
#12219 = CARTESIAN_POINT( '', ( 0.162500000000000, 0.0650000000000000, -0.0375000000000000 ) );
#12220 = CARTESIAN_POINT( '', ( 0.262500000000000, 0.0650000000000000, -0.0375000000000000 ) );
#12221 = VECTOR( '', #14382, 39.3700787402000 );
#12222 = CARTESIAN_POINT( '', ( 0.162500000000000, 0.298750000000000, -0.0375000000000000 ) );
#12223 = CARTESIAN_POINT( '', ( 0.162500000000000, 0.298750000000000, -0.0375000000000000 ) );
#12224 = VECTOR( '', #14383, 39.3700787402000 );
#12225 = CARTESIAN_POINT( '', ( 0.262500000000000, 0.298750000000000, -0.0375000000000000 ) );
#12226 = VECTOR( '', #14384, 39.3700787402000 );
#12227 = COLOUR_RGB( '', 1.00000000000000, 1.00000000000000, 0.000000000000000 );
#12228 = CARTESIAN_POINT( '', ( -0.0375000000000000, -0.0225000000000000, -0.0375000000000000 ) );
#12229 = AXIS2_PLACEMENT_3D( '', #14385, #14386, #14387 );
#12230 = CARTESIAN_POINT( '', ( -0.0625000000000000, -0.0225000000000000, -0.0375000000000000 ) );
#12231 = CARTESIAN_POINT( '', ( 0.262500000000000, -0.0225000000000000, -0.0375000000000000 ) );
#12232 = VECTOR( '', #14388, 39.3700787402000 );
#12233 = AXIS2_PLACEMENT_3D( '', #14389, #14390, #14391 );
#12234 = COLOUR_RGB( '', 0.689999997600000, 0.689999997600000, 0.689999997600000 );
#12235 = CARTESIAN_POINT( '', ( -0.217500000000000, 0.0200000000000000, 0.125000000000000 ) );
#12236 = CARTESIAN_POINT( '', ( -0.217500000000000, 0.000000000000000, 0.125000000000000 ) );
#12237 = CARTESIAN_POINT( '', ( -0.217500000000000, -0.0200000000000000, 0.125000000000000 ) );
#12238 = VECTOR( '', #14392, 39.3700787402000 );
#12239 = CARTESIAN_POINT( '', ( -0.217500000000000, 0.0200000000000000, 0.145000000000000 ) );
#12240 = VECTOR( '', #14393, 39.3700787402000 );
#12241 = CARTESIAN_POINT( '', ( -0.217500000000000, 0.000000000000000, 0.145000000000000 ) );
#12242 = VECTOR( '', #14394, 39.3700787402000 );
#12243 = COLOUR_RGB( '', 0.689999997600000, 0.689999997600000, 0.689999997600000 );
#12244 = CARTESIAN_POINT( '', ( 0.105050000000000, 0.320000000000000, -0.114900000000000 ) );
#12245 = VECTOR( '', #14395, 39.3700787402000 );
#12246 = CARTESIAN_POINT( '', ( 0.105050000000000, 0.0900000000000000, -0.114900000000000 ) );
#12247 = VECTOR( '', #14396, 39.3700787402000 );
#12248 = COLOUR_RGB( '', 0.689999997600000, 0.689999997600000, 0.689999997600000 );
#12249 = CARTESIAN_POINT( '', ( 0.307500000000000, 0.320000000000000, 0.145000000000000 ) );
#12250 = CARTESIAN_POINT( '', ( 0.330000000000000, 0.320000000000000, 0.145000000000000 ) );
#12251 = VECTOR( '', #14397, 39.3700787402000 );
#12252 = CARTESIAN_POINT( '', ( 0.307500000000000, -0.0200000000000000, 0.145000000000000 ) );
#12253 = VECTOR( '', #14398, 39.3700787402000 );
#12254 = COLOUR_RGB( '', 1.00000000000000, 1.00000000000000, 0.000000000000000 );
#12255 = CARTESIAN_POINT( '', ( -0.162500000000000, 0.0400000000000000, -0.0375000000000000 ) );
#12256 = CARTESIAN_POINT( '', ( 0.262500000000000, 0.0400000000000000, -0.0375000000000000 ) );
#12257 = VECTOR( '', #14399, 39.3700787402000 );
#12258 = CARTESIAN_POINT( '', ( -0.162500000000000, -0.0225000000000000, -0.0375000000000000 ) );
#12259 = CARTESIAN_POINT( '', ( -0.162500000000000, 0.0400000000000000, -0.0375000000000000 ) );
#12260 = VECTOR( '', #14400, 39.3700787402000 );
#12261 = CARTESIAN_POINT( '', ( 0.262500000000000, -0.0225000000000000, -0.0375000000000000 ) );
#12262 = VECTOR( '', #14401, 39.3700787402000 );
#12263 = COLOUR_RGB( '', 0.689999997600000, 0.689999997600000, 0.689999997600000 );
#12264 = CARTESIAN_POINT( '', ( 0.182500000000000, 0.000000000000000, -0.115000000000000 ) );
#12265 = CARTESIAN_POINT( '', ( 0.182500000000000, 0.0200000000000000, -0.115000000000000 ) );
#12266 = CARTESIAN_POINT( '', ( 0.182500000000000, 0.0200000000000000, -0.115000000000000 ) );
#12267 = VECTOR( '', #14402, 39.3700787402000 );
#12268 = CARTESIAN_POINT( '', ( 0.217500000000000, 0.000000000000000, -0.115000000000000 ) );
#12269 = CARTESIAN_POINT( '', ( 0.330000000000000, 0.000000000000000, -0.115000000000000 ) );
#12270 = VECTOR( '', #14403, 39.3700787402000 );
#12271 = CARTESIAN_POINT( '', ( 0.217500000000000, 0.0200000000000000, -0.115000000000000 ) );
#12272 = CARTESIAN_POINT( '', ( 0.217500000000000, 0.0200000000000000, -0.115000000000000 ) );
#12273 = VECTOR( '', #14404, 39.3700787402000 );
#12274 = CARTESIAN_POINT( '', ( 0.330000000000000, 0.0200000000000000, -0.115000000000000 ) );
#12275 = VECTOR( '', #14405, 39.3700787402000 );
#12276 = COLOUR_RGB( '', 0.689999997600000, 0.689999997600000, 0.689999997600000 );
#12277 = CARTESIAN_POINT( '', ( 0.182500000000000, 0.0200000000000000, 0.125000000000000 ) );
#12278 = CARTESIAN_POINT( '', ( 0.182500000000000, 0.000000000000000, 0.125000000000000 ) );
#12279 = VECTOR( '', #14406, 39.3700787402000 );
#12280 = CARTESIAN_POINT( '', ( 0.182500000000000, 0.0200000000000000, 0.115000000000000 ) );
#12281 = CARTESIAN_POINT( '', ( 0.182500000000000, 0.0200000000000000, 0.145000000000000 ) );
#12282 = VECTOR( '', #14407, 39.3700787402000 );
#12283 = CARTESIAN_POINT( '', ( 0.182500000000000, 0.000000000000000, 0.115000000000000 ) );
#12284 = VECTOR( '', #14408, 39.3700787402000 );
#12285 = COLOUR_RGB( '', 0.689999997600000, 0.689999997600000, 0.689999997600000 );
#12286 = CARTESIAN_POINT( '', ( -0.330000000000000, 0.320000000000000, 0.145000000000000 ) );
#12287 = CARTESIAN_POINT( '', ( -0.330000000000000, 0.320000000000000, -0.145000000000000 ) );
#12288 = VECTOR( '', #14409, 39.3700787402000 );
#12289 = CARTESIAN_POINT( '', ( -0.330000000000000, 0.0200000000000000, 0.115000000000000 ) );
#12290 = CARTESIAN_POINT( '', ( -0.330000000000000, 0.0200000000000000, 0.115000000000000 ) );
#12291 = VECTOR( '', #14410, 39.3700787402000 );
#12292 = CARTESIAN_POINT( '', ( -0.330000000000000, 0.000000000000000, 0.115000000000000 ) );
#12293 = CARTESIAN_POINT( '', ( -0.330000000000000, 0.000000000000000, 0.115000000000000 ) );
#12294 = VECTOR( '', #14411, 39.3700787402000 );
#12295 = CARTESIAN_POINT( '', ( -0.330000000000000, 0.000000000000000, 0.145000000000000 ) );
#12296 = CARTESIAN_POINT( '', ( -0.330000000000000, 0.000000000000000, 0.145000000000000 ) );
#12297 = VECTOR( '', #14412, 39.3700787402000 );
#12298 = CARTESIAN_POINT( '', ( -0.330000000000000, 0.320000000000000, 0.145000000000000 ) );
#12299 = VECTOR( '', #14413, 39.3700787402000 );
#12300 = COLOUR_RGB( '', 0.689999997600000, 0.689999997600000, 0.689999997600000 );
#12301 = CARTESIAN_POINT( '', ( -0.194950000000000, 0.0900000000000000, -0.0200000000000000 ) );
#12302 = CARTESIAN_POINT( '', ( -0.194950000000000, 0.0900000000000000, -0.114900000000000 ) );
#12303 = VECTOR( '', #14414, 39.3700787402000 );
#12304 = CARTESIAN_POINT( '', ( -0.194950000000000, 0.320000000000000, -0.0200000000000000 ) );
#12305 = CARTESIAN_POINT( '', ( -0.194950000000000, 0.0900000000000000, -0.0200000000000000 ) );
#12306 = VECTOR( '', #14415, 39.3700787402000 );
#12307 = CARTESIAN_POINT( '', ( -0.194950000000000, 0.320000000000000, -0.114900000000000 ) );
#12308 = VECTOR( '', #14416, 39.3700787402000 );
#12309 = COLOUR_RGB( '', 1.00000000000000, 1.00000000000000, 0.000000000000000 );
#12310 = CARTESIAN_POINT( '', ( 0.0625000000000000, -0.153750000000000, -0.230000000000000 ) );
#12311 = CARTESIAN_POINT( '', ( 0.0625000000000000, -0.147500000000000, -0.223750000000000 ) );
#12312 = CARTESIAN_POINT( '', ( 0.0625000000000000, -0.153750000000000, -0.230000000000000 ) );
#12313 = VECTOR( '', #14417, 39.3700787402000 );
#12314 = CARTESIAN_POINT( '', ( 0.0375000000000000, -0.153750000000000, -0.230000000000000 ) );
#12315 = CARTESIAN_POINT( '', ( 0.262500000000000, -0.153750000000000, -0.230000000000000 ) );
#12316 = VECTOR( '', #14418, 39.3700787402000 );
#12317 = CARTESIAN_POINT( '', ( 0.0375000000000000, -0.147500000000000, -0.223750000000000 ) );
#12318 = CARTESIAN_POINT( '', ( 0.0375000000000000, -0.153750000000000, -0.230000000000000 ) );
#12319 = VECTOR( '', #14419, 39.3700787402000 );
#12320 = CARTESIAN_POINT( '', ( 0.262500000000000, -0.147500000000000, -0.223750000000000 ) );
#12321 = VECTOR( '', #14420, 39.3700787402000 );
#12322 = COLOUR_RGB( '', 1.00000000000000, 1.00000000000000, 0.000000000000000 );
#12323 = CARTESIAN_POINT( '', ( 0.262500000000000, 0.298750000000000, -0.0625000000000000 ) );
#12324 = CARTESIAN_POINT( '', ( 0.262500000000000, 0.298750000000000, -0.0625000000000000 ) );
#12325 = VECTOR( '', #14421, 39.3700787402000 );
#12326 = CARTESIAN_POINT( '', ( 0.262500000000000, 0.298750000000000, -0.0625000000000000 ) );
#12327 = VECTOR( '', #14422, 39.3700787402000 );
#12328 = COLOUR_RGB( '', 1.00000000000000, 1.00000000000000, 0.000000000000000 );
#12329 = CARTESIAN_POINT( '', ( 0.0625000000000000, -0.0537500000000000, -0.230000000000000 ) );
#12330 = CARTESIAN_POINT( '', ( 0.0625000000000000, -0.0662499999999999, -0.230000000000000 ) );
#12331 = CARTESIAN_POINT( '', ( 0.0625000000000000, 0.0400000000000000, -0.230000000000000 ) );
#12332 = VECTOR( '', #14423, 39.3700787402000 );
#12333 = CARTESIAN_POINT( '', ( 0.0375000000000000, -0.0662500000000000, -0.230000000000000 ) );
#12334 = CARTESIAN_POINT( '', ( 0.262500000000000, -0.0662500000000000, -0.230000000000000 ) );
#12335 = VECTOR( '', #14424, 39.3700787402000 );
#12336 = CARTESIAN_POINT( '', ( 0.0375000000000000, -0.0537500000000000, -0.230000000000000 ) );
#12337 = CARTESIAN_POINT( '', ( 0.0375000000000000, -0.200000000000000, -0.230000000000000 ) );
#12338 = VECTOR( '', #14425, 39.3700787402000 );
#12339 = CARTESIAN_POINT( '', ( 0.262500000000000, -0.0537500000000000, -0.230000000000000 ) );
#12340 = VECTOR( '', #14426, 39.3700787402000 );
#12341 = COLOUR_RGB( '', 1.00000000000000, 1.00000000000000, 0.000000000000000 );
#12342 = CARTESIAN_POINT( '', ( 0.0374999999999999, 0.305000000000000, 0.0437500000000000 ) );
#12343 = CARTESIAN_POINT( '', ( 0.0374999999999999, 0.298750000000000, 0.0375000000000000 ) );
#12344 = CARTESIAN_POINT( '', ( 0.0374999999999999, 0.298750000000000, 0.0375000000000000 ) );
#12345 = VECTOR( '', #14427, 39.3700787402000 );
#12346 = CARTESIAN_POINT( '', ( 0.262500000000000, 0.305000000000000, 0.0437500000000000 ) );
#12347 = VECTOR( '', #14428, 39.3700787402000 );
#12348 = CARTESIAN_POINT( '', ( 0.262500000000000, 0.298750000000000, 0.0375000000000000 ) );
#12349 = VECTOR( '', #14429, 39.3700787402000 );
#12350 = COLOUR_RGB( '', 1.00000000000000, 1.00000000000000, 0.000000000000000 );
#12351 = CARTESIAN_POINT( '', ( 0.0625000000000000, -0.0725000000000000, -0.0875000000000000 ) );
#12352 = AXIS2_PLACEMENT_3D( '', #14430, #14431, #14432 );
#12353 = CARTESIAN_POINT( '', ( 0.0625000000000000, -0.0725000000000000, -0.223750000000000 ) );
#12354 = CARTESIAN_POINT( '', ( 0.0625000000000000, -0.0725000000000000, -0.0875000000000000 ) );
#12355 = VECTOR( '', #14433, 39.3700787402000 );
#12356 = CARTESIAN_POINT( '', ( 0.0625000000000000, -0.0725000000000000, -0.223750000000000 ) );
#12357 = VECTOR( '', #14434, 39.3700787402000 );
#12358 = CARTESIAN_POINT( '', ( 0.0625000000000000, -0.0475000000000000, -0.223750000000000 ) );
#12359 = CARTESIAN_POINT( '', ( 0.0625000000000000, -0.0537500000000000, -0.230000000000000 ) );
#12360 = VECTOR( '', #14435, 39.3700787402000 );
#12361 = CARTESIAN_POINT( '', ( 0.0625000000000000, -0.0475000000000000, -0.0875000000000000 ) );
#12362 = CARTESIAN_POINT( '', ( 0.0625000000000000, -0.0475000000000000, -0.223750000000000 ) );
#12363 = VECTOR( '', #14436, 39.3700787402000 );
#12364 = CARTESIAN_POINT( '', ( 0.0625000000000000, -0.0225000000000000, -0.0625000000000000 ) );
#12365 = AXIS2_PLACEMENT_3D( '', #14437, #14438, #14439 );
#12366 = CARTESIAN_POINT( '', ( 0.0625000000000000, 0.0400000000000000, -0.0625000000000000 ) );
#12367 = CARTESIAN_POINT( '', ( 0.0625000000000000, -0.0225000000000000, -0.0625000000000000 ) );
#12368 = VECTOR( '', #14440, 39.3700787402000 );
#12369 = CARTESIAN_POINT( '', ( 0.0625000000000000, 0.0400000000000000, 0.145000000000000 ) );
#12370 = VECTOR( '', #14441, 39.3700787402000 );
#12371 = COLOUR_RGB( '', 1.00000000000000, 1.00000000000000, 0.000000000000000 );
#12372 = CARTESIAN_POINT( '', ( -0.262500000000000, 0.0400000000000000, -0.0375000000000000 ) );
#12373 = CARTESIAN_POINT( '', ( 0.262500000000000, 0.0400000000000000, -0.0375000000000000 ) );
#12374 = VECTOR( '', #14442, 39.3700787402000 );
#12375 = CARTESIAN_POINT( '', ( -0.262500000000000, 0.0400000000000000, -0.0375000000000000 ) );
#12376 = VECTOR( '', #14443, 39.3700787402000 );
#12377 = COLOUR_RGB( '', 1.00000000000000, 1.00000000000000, 0.000000000000000 );
#12378 = CARTESIAN_POINT( '', ( 0.137500000000000, -0.122500000000000, 0.0375000000000000 ) );
#12379 = CARTESIAN_POINT( '', ( 0.262500000000000, -0.122500000000000, 0.0375000000000000 ) );
#12380 = VECTOR( '', #14444, 39.3700787402000 );
#12381 = CARTESIAN_POINT( '', ( 0.137500000000000, 0.0400000000000000, 0.0375000000000000 ) );
#12382 = CARTESIAN_POINT( '', ( 0.137500000000000, -0.122500000000000, 0.0375000000000000 ) );
#12383 = VECTOR( '', #14445, 39.3700787402000 );
#12384 = CARTESIAN_POINT( '', ( 0.262500000000000, 0.0400000000000000, 0.0375000000000000 ) );
#12385 = VECTOR( '', #14446, 39.3700787402000 );
#12386 = COLOUR_RGB( '', 1.00000000000000, 1.00000000000000, 0.000000000000000 );
#12387 = CARTESIAN_POINT( '', ( 0.237500000000000, -0.0725000000000000, -0.0875000000000000 ) );
#12388 = CARTESIAN_POINT( '', ( 0.237500000000000, -0.0225000000000000, -0.0375000000000000 ) );
#12389 = AXIS2_PLACEMENT_3D( '', #14447, #14448, #14449 );
#12390 = CARTESIAN_POINT( '', ( 0.262500000000000, -0.0725000000000000, -0.0875000000000000 ) );
#12391 = CARTESIAN_POINT( '', ( 0.262500000000000, -0.0725000000000000, -0.0875000000000000 ) );
#12392 = VECTOR( '', #14450, 39.3700787402000 );
#12393 = CARTESIAN_POINT( '', ( 0.262500000000000, -0.0225000000000000, -0.0375000000000000 ) );
#12394 = AXIS2_PLACEMENT_3D( '', #14451, #14452, #14453 );
#12395 = CARTESIAN_POINT( '', ( 0.262500000000000, -0.0225000000000000, -0.0375000000000000 ) );
#12396 = VECTOR( '', #14454, 39.3700787402000 );
#12397 = COLOUR_RGB( '', 0.689999997600000, 0.689999997600000, 0.689999997600000 );
#12398 = CARTESIAN_POINT( '', ( 0.0499999999999999, 0.320000000000000, 0.125000000000000 ) );
#12399 = CARTESIAN_POINT( '', ( 0.307500000000000, 0.320000000000000, 0.125000000000000 ) );
#12400 = CARTESIAN_POINT( '', ( -0.307500000000000, 0.320000000000000, 0.125000000000000 ) );
#12401 = VECTOR( '', #14455, 39.3700787402000 );
#12402 = CARTESIAN_POINT( '', ( 0.0500000000000000, 0.233000000000000, 0.125000000000000 ) );
#12403 = CARTESIAN_POINT( '', ( 0.0500000000000000, 0.233000000000000, 0.125000000000000 ) );
#12404 = VECTOR( '', #14456, 39.3700787402000 );
#12405 = CARTESIAN_POINT( '', ( -0.0500000000000000, 0.233000000000000, 0.125000000000000 ) );
#12406 = CARTESIAN_POINT( '', ( 0.0500000000000000, 0.233000000000000, 0.125000000000000 ) );
#12407 = VECTOR( '', #14457, 39.3700787402000 );
#12408 = CARTESIAN_POINT( '', ( -0.0500000000000001, 0.320000000000000, 0.125000000000000 ) );
#12409 = CARTESIAN_POINT( '', ( -0.0500000000000000, 0.233000000000000, 0.125000000000000 ) );
#12410 = VECTOR( '', #14458, 39.3700787402000 );
#12411 = CARTESIAN_POINT( '', ( -0.307500000000000, 0.320000000000000, 0.125000000000000 ) );
#12412 = CARTESIAN_POINT( '', ( -0.307500000000000, 0.320000000000000, 0.125000000000000 ) );
#12413 = VECTOR( '', #14459, 39.3700787402000 );
#12414 = CARTESIAN_POINT( '', ( -0.307500000000000, 0.0200000000000000, 0.125000000000000 ) );
#12415 = CARTESIAN_POINT( '', ( -0.307500000000000, 0.320000000000000, 0.125000000000000 ) );
#12416 = VECTOR( '', #14460, 39.3700787402000 );
#12417 = CARTESIAN_POINT( '', ( 0.330000000000000, 0.0200000000000000, 0.125000000000000 ) );
#12418 = VECTOR( '', #14461, 39.3700787402000 );
#12419 = CARTESIAN_POINT( '', ( -0.182500000000000, 0.000000000000000, 0.125000000000000 ) );
#12420 = CARTESIAN_POINT( '', ( -0.307500000000000, 0.000000000000000, 0.125000000000000 ) );
#12421 = VECTOR( '', #14462, 39.3700787402000 );
#12422 = CARTESIAN_POINT( '', ( -0.182500000000000, 0.0200000000000000, 0.125000000000000 ) );
#12423 = CARTESIAN_POINT( '', ( -0.182500000000000, 0.0200000000000000, 0.125000000000000 ) );
#12424 = VECTOR( '', #14463, 39.3700787402000 );
#12425 = CARTESIAN_POINT( '', ( -0.117500000000000, 0.0200000000000000, 0.125000000000000 ) );
#12426 = CARTESIAN_POINT( '', ( 0.330000000000000, 0.0200000000000000, 0.125000000000000 ) );
#12427 = VECTOR( '', #14464, 39.3700787402000 );
#12428 = CARTESIAN_POINT( '', ( -0.117500000000000, 0.000000000000000, 0.125000000000000 ) );
#12429 = VECTOR( '', #14465, 39.3700787402000 );
#12430 = CARTESIAN_POINT( '', ( -0.0825000000000000, 0.0200000000000000, 0.125000000000000 ) );
#12431 = CARTESIAN_POINT( '', ( -0.0825000000000000, 0.0200000000000000, 0.125000000000000 ) );
#12432 = VECTOR( '', #14466, 39.3700787402000 );
#12433 = CARTESIAN_POINT( '', ( -0.0175000000000000, 0.0200000000000000, 0.125000000000000 ) );
#12434 = CARTESIAN_POINT( '', ( 0.330000000000000, 0.0200000000000000, 0.125000000000000 ) );
#12435 = VECTOR( '', #14467, 39.3700787402000 );
#12436 = CARTESIAN_POINT( '', ( -0.0175000000000001, 0.000000000000000, 0.125000000000000 ) );
#12437 = CARTESIAN_POINT( '', ( -0.0175000000000000, 0.000000000000000, 0.125000000000000 ) );
#12438 = VECTOR( '', #14468, 39.3700787402000 );
#12439 = CARTESIAN_POINT( '', ( 0.0174999999999999, 0.000000000000000, 0.125000000000000 ) );
#12440 = CARTESIAN_POINT( '', ( -0.307500000000000, 0.000000000000000, 0.125000000000000 ) );
#12441 = VECTOR( '', #14469, 39.3700787402000 );
#12442 = CARTESIAN_POINT( '', ( 0.0175000000000000, 0.0200000000000000, 0.125000000000000 ) );
#12443 = CARTESIAN_POINT( '', ( 0.0175000000000000, 0.0200000000000000, 0.125000000000000 ) );
#12444 = VECTOR( '', #14470, 39.3700787402000 );
#12445 = CARTESIAN_POINT( '', ( 0.330000000000000, 0.0200000000000000, 0.125000000000000 ) );
#12446 = VECTOR( '', #14471, 39.3700787402000 );
#12447 = CARTESIAN_POINT( '', ( 0.330000000000000, 0.0200000000000000, 0.125000000000000 ) );
#12448 = VECTOR( '', #14472, 39.3700787402000 );
#12449 = CARTESIAN_POINT( '', ( 0.217500000000000, 0.0200000000000000, 0.125000000000000 ) );
#12450 = CARTESIAN_POINT( '', ( 0.217500000000000, 0.0200000000000000, 0.125000000000000 ) );
#12451 = VECTOR( '', #14473, 39.3700787402000 );
#12452 = CARTESIAN_POINT( '', ( 0.307500000000000, 0.0200000000000000, 0.125000000000000 ) );
#12453 = CARTESIAN_POINT( '', ( 0.330000000000000, 0.0200000000000000, 0.125000000000000 ) );
#12454 = VECTOR( '', #14474, 39.3700787402000 );
#12455 = CARTESIAN_POINT( '', ( 0.307500000000000, 0.320000000000000, 0.125000000000000 ) );
#12456 = VECTOR( '', #14475, 39.3700787402000 );
#12457 = COLOUR_RGB( '', 0.689999997600000, 0.689999997600000, 0.689999997600000 );
#12458 = CARTESIAN_POINT( '', ( -0.294950000000000, 0.0900000000000000, 0.00510000000000001 ) );
#12459 = VECTOR( '', #14476, 39.3700787402000 );
#12460 = COLOUR_RGB( '', 1.00000000000000, 1.00000000000000, 0.000000000000000 );
#12461 = CARTESIAN_POINT( '', ( -0.0625000000000000, -0.122500000000000, 0.0375000000000000 ) );
#12462 = CARTESIAN_POINT( '', ( 0.262500000000000, -0.122500000000000, 0.0375000000000000 ) );
#12463 = VECTOR( '', #14477, 39.3700787402000 );
#12464 = CARTESIAN_POINT( '', ( -0.0625000000000000, 0.0400000000000000, 0.0375000000000000 ) );
#12465 = CARTESIAN_POINT( '', ( -0.0625000000000000, -0.122500000000000, 0.0375000000000000 ) );
#12466 = VECTOR( '', #14478, 39.3700787402000 );
#12467 = CARTESIAN_POINT( '', ( 0.262500000000000, 0.0400000000000000, 0.0375000000000000 ) );
#12468 = VECTOR( '', #14479, 39.3700787402000 );
#12469 = COLOUR_RGB( '', 0.689999997600000, 0.689999997600000, 0.689999997600000 );
#12470 = CARTESIAN_POINT( '', ( 0.213626959721360, 0.320000000000000, -0.00500000000000000 ) );
#12471 = CARTESIAN_POINT( '', ( 0.314579741019592, 0.158441778285709, -0.00500000000000000 ) );
#12472 = VECTOR( '', #14480, 39.3700787402000 );
#12473 = CARTESIAN_POINT( '', ( 0.213626959721360, 0.320000000000000, -0.145000000000000 ) );
#12474 = VECTOR( '', #14481, 39.3700787402000 );
#12475 = COLOUR_RGB( '', 1.00000000000000, 1.00000000000000, 0.000000000000000 );
#12476 = CARTESIAN_POINT( '', ( 0.0625000000000000, 0.0400000000000000, 0.0375000000000000 ) );
#12477 = CARTESIAN_POINT( '', ( 0.0625000000000000, -0.122500000000000, 0.0375000000000000 ) );
#12478 = VECTOR( '', #14482, 39.3700787402000 );
#12479 = CARTESIAN_POINT( '', ( 0.0375000000000000, 0.0400000000000000, 0.0375000000000000 ) );
#12480 = CARTESIAN_POINT( '', ( 0.0375000000000000, -0.122500000000000, 0.0375000000000000 ) );
#12481 = VECTOR( '', #14483, 39.3700787402000 );
#12482 = CARTESIAN_POINT( '', ( 0.262500000000000, 0.0400000000000000, 0.0375000000000000 ) );
#12483 = VECTOR( '', #14484, 39.3700787402000 );
#12484 = COLOUR_RGB( '', 1.00000000000000, 1.00000000000000, 0.000000000000000 );
#12485 = CARTESIAN_POINT( '', ( 0.0625000000000000, -0.166250000000000, -0.230000000000000 ) );
#12486 = CARTESIAN_POINT( '', ( 0.0625000000000000, -0.172500000000000, -0.223750000000000 ) );
#12487 = VECTOR( '', #14485, 39.3700787402000 );
#12488 = CARTESIAN_POINT( '', ( 0.0375000000000000, -0.166250000000000, -0.230000000000000 ) );
#12489 = CARTESIAN_POINT( '', ( 0.0375000000000000, -0.172500000000000, -0.223750000000000 ) );
#12490 = VECTOR( '', #14486, 39.3700787402000 );
#12491 = CARTESIAN_POINT( '', ( 0.262500000000000, -0.166250000000000, -0.230000000000000 ) );
#12492 = VECTOR( '', #14487, 39.3700787402000 );
#12493 = COLOUR_RGB( '', 1.00000000000000, 1.00000000000000, 0.000000000000000 );
#12494 = CARTESIAN_POINT( '', ( -0.137500000000000, -0.172500000000000, 0.0125000000000000 ) );
#12495 = AXIS2_PLACEMENT_3D( '', #14488, #14489, #14490 );
#12496 = CARTESIAN_POINT( '', ( -0.162500000000000, -0.172500000000000, 0.0125000000000000 ) );
#12497 = AXIS2_PLACEMENT_3D( '', #14491, #14492, #14493 );
#12498 = CARTESIAN_POINT( '', ( 0.262500000000000, -0.172500000000000, 0.0125000000000000 ) );
#12499 = VECTOR( '', #14494, 39.3700787402000 );
#12500 = COLOUR_RGB( '', 1.00000000000000, 1.00000000000000, 0.000000000000000 );
#12501 = CARTESIAN_POINT( '', ( 0.0374999999999999, 0.0650000000000000, 0.0375000000000000 ) );
#12502 = CARTESIAN_POINT( '', ( 0.0374999999999999, 0.0650000000000000, 0.0375000000000000 ) );
#12503 = VECTOR( '', #14495, 39.3700787402000 );
#12504 = CARTESIAN_POINT( '', ( 0.262500000000000, 0.0650000000000000, 0.0375000000000000 ) );
#12505 = VECTOR( '', #14496, 39.3700787402000 );
#12506 = COLOUR_RGB( '', 1.00000000000000, 1.00000000000000, 0.000000000000000 );
#12507 = CARTESIAN_POINT( '', ( 0.262500000000000, -0.0725000000000000, -0.223750000000000 ) );
#12508 = VECTOR( '', #14497, 39.3700787402000 );
#12509 = CARTESIAN_POINT( '', ( 0.262500000000000, -0.0662500000000000, -0.230000000000000 ) );
#12510 = VECTOR( '', #14498, 39.3700787402000 );
#12511 = COLOUR_RGB( '', 1.00000000000000, 1.00000000000000, 0.000000000000000 );
#12512 = CARTESIAN_POINT( '', ( 0.137500000000000, -0.172500000000000, 0.0125000000000000 ) );
#12513 = AXIS2_PLACEMENT_3D( '', #14499, #14500, #14501 );
#12514 = CARTESIAN_POINT( '', ( 0.262500000000000, -0.172500000000000, 0.0125000000000000 ) );
#12515 = VECTOR( '', #14502, 39.3700787402000 );
#12516 = COLOUR_RGB( '', 0.689999997600000, 0.689999997600000, 0.689999997600000 );
#12517 = CARTESIAN_POINT( '', ( 0.0949500000000000, 0.320000000000000, -0.114900000000000 ) );
#12518 = CARTESIAN_POINT( '', ( 0.00505000000000006, 0.320000000000000, -0.114900000000000 ) );
#12519 = CARTESIAN_POINT( '', ( 0.0949500000000000, 0.320000000000000, -0.114900000000000 ) );
#12520 = VECTOR( '', #14503, 39.3700787402000 );
#12521 = CARTESIAN_POINT( '', ( 0.00505000000000006, 0.0900000000000000, -0.114900000000000 ) );
#12522 = CARTESIAN_POINT( '', ( 0.00505000000000006, 0.0900000000000000, -0.114900000000000 ) );
#12523 = VECTOR( '', #14504, 39.3700787402000 );
#12524 = CARTESIAN_POINT( '', ( 0.0949500000000000, 0.0900000000000000, -0.114900000000000 ) );
#12525 = CARTESIAN_POINT( '', ( 0.0949500000000000, 0.0900000000000000, -0.114900000000000 ) );
#12526 = VECTOR( '', #14505, 39.3700787402000 );
#12527 = CARTESIAN_POINT( '', ( 0.0949500000000000, 0.0900000000000000, -0.114900000000000 ) );
#12528 = VECTOR( '', #14506, 39.3700787402000 );
#12529 = COLOUR_RGB( '', 0.689999997600000, 0.689999997600000, 0.689999997600000 );
#12530 = CARTESIAN_POINT( '', ( -0.182500000000000, 0.0200000000000000, -0.115000000000000 ) );
#12531 = CARTESIAN_POINT( '', ( -0.182500000000000, 0.000000000000000, -0.115000000000000 ) );
#12532 = CARTESIAN_POINT( '', ( -0.182500000000000, 0.0200000000000000, -0.115000000000000 ) );
#12533 = VECTOR( '', #14507, 39.3700787402000 );
#12534 = CARTESIAN_POINT( '', ( -0.217500000000000, 0.0200000000000000, -0.115000000000000 ) );
#12535 = CARTESIAN_POINT( '', ( 0.330000000000000, 0.0200000000000000, -0.115000000000000 ) );
#12536 = VECTOR( '', #14508, 39.3700787402000 );
#12537 = CARTESIAN_POINT( '', ( -0.217500000000000, 0.000000000000000, -0.115000000000000 ) );
#12538 = CARTESIAN_POINT( '', ( -0.217500000000000, 0.0200000000000000, -0.115000000000000 ) );
#12539 = VECTOR( '', #14509, 39.3700787402000 );
#12540 = CARTESIAN_POINT( '', ( 0.330000000000000, 0.000000000000000, -0.115000000000000 ) );
#12541 = VECTOR( '', #14510, 39.3700787402000 );
#12542 = COLOUR_RGB( '', 1.00000000000000, 1.00000000000000, 0.000000000000000 );
#12543 = AXIS2_PLACEMENT_3D( '', #14511, #14512, #14513 );
#12544 = CARTESIAN_POINT( '', ( 0.0625000000000000, 0.0400000000000000, -0.230000000000000 ) );
#12545 = VECTOR( '', #14514, 39.3700787402000 );
#12546 = CARTESIAN_POINT( '', ( 0.0625000000000000, -0.147500000000000, -0.223750000000000 ) );
#12547 = VECTOR( '', #14515, 39.3700787402000 );
#12548 = CARTESIAN_POINT( '', ( 0.0625000000000000, 0.0400000000000000, 0.145000000000000 ) );
#12549 = VECTOR( '', #14516, 39.3700787402000 );
#12550 = COLOUR_RGB( '', 1.00000000000000, 1.00000000000000, 0.000000000000000 );
#12551 = CARTESIAN_POINT( '', ( -0.237500000000000, 0.298750000000000, 0.0375000000000000 ) );
#12552 = CARTESIAN_POINT( '', ( -0.237500000000000, 0.305000000000000, 0.0437500000000000 ) );
#12553 = CARTESIAN_POINT( '', ( -0.237500000000000, 0.298750000000000, 0.0375000000000000 ) );
#12554 = VECTOR( '', #14517, 39.3700787402000 );
#12555 = CARTESIAN_POINT( '', ( -0.262500000000000, 0.298750000000000, 0.0375000000000000 ) );
#12556 = CARTESIAN_POINT( '', ( 0.262500000000000, 0.298750000000000, 0.0375000000000000 ) );
#12557 = VECTOR( '', #14518, 39.3700787402000 );
#12558 = CARTESIAN_POINT( '', ( -0.262500000000000, 0.305000000000000, 0.0437500000000000 ) );
#12559 = CARTESIAN_POINT( '', ( -0.262500000000000, 0.298750000000000, 0.0375000000000000 ) );
#12560 = VECTOR( '', #14519, 39.3700787402000 );
#12561 = CARTESIAN_POINT( '', ( 0.262500000000000, 0.305000000000000, 0.0437500000000000 ) );
#12562 = VECTOR( '', #14520, 39.3700787402000 );
#12563 = COLOUR_RGB( '', 1.00000000000000, 1.00000000000000, 0.000000000000000 );
#12564 = CARTESIAN_POINT( '', ( 0.137500000000000, 0.305000000000000, 0.0562500000000000 ) );
#12565 = CARTESIAN_POINT( '', ( 0.137500000000000, 0.305000000000000, 0.0562500000000000 ) );
#12566 = VECTOR( '', #14521, 39.3700787402000 );
#12567 = CARTESIAN_POINT( '', ( 0.162500000000000, 0.305000000000000, 0.0562500000000000 ) );
#12568 = CARTESIAN_POINT( '', ( 0.162500000000000, 0.305000000000000, 0.0562500000000000 ) );
#12569 = VECTOR( '', #14522, 39.3700787402000 );
#12570 = CARTESIAN_POINT( '', ( 0.262500000000000, 0.305000000000000, 0.0562500000000000 ) );
#12571 = VECTOR( '', #14523, 39.3700787402000 );
#12572 = COLOUR_RGB( '', 0.689999997600000, 0.689999997600000, 0.689999997600000 );
#12573 = CARTESIAN_POINT( '', ( 0.205050000000000, 0.320000000000000, -0.114900000000000 ) );
#12574 = CARTESIAN_POINT( '', ( 0.205050000000000, 0.320000000000000, -0.0600000000000000 ) );
#12575 = CARTESIAN_POINT( '', ( 0.205050000000000, 0.320000000000000, -0.114900000000000 ) );
#12576 = VECTOR( '', #14524, 39.3700787402000 );
#12577 = CARTESIAN_POINT( '', ( 0.205050000000000, 0.0900000000000000, -0.0600000000000000 ) );
#12578 = CARTESIAN_POINT( '', ( 0.205050000000000, 0.0900000000000000, -0.0600000000000000 ) );
#12579 = VECTOR( '', #14525, 39.3700787402000 );
#12580 = CARTESIAN_POINT( '', ( 0.205050000000000, 0.0900000000000000, -0.114900000000000 ) );
#12581 = CARTESIAN_POINT( '', ( 0.205050000000000, 0.0900000000000000, -0.114900000000000 ) );
#12582 = VECTOR( '', #14526, 39.3700787402000 );
#12583 = CARTESIAN_POINT( '', ( 0.205050000000000, 0.0900000000000000, -0.114900000000000 ) );
#12584 = VECTOR( '', #14527, 39.3700787402000 );
#12585 = COLOUR_RGB( '', 1.00000000000000, 1.00000000000000, 0.000000000000000 );
#12586 = CARTESIAN_POINT( '', ( -0.237500000000000, 0.305000000000000, 0.0562500000000000 ) );
#12587 = CARTESIAN_POINT( '', ( -0.237500000000000, 0.305000000000000, 0.0437500000000000 ) );
#12588 = VECTOR( '', #14528, 39.3700787402000 );
#12589 = CARTESIAN_POINT( '', ( -0.262500000000000, 0.305000000000000, 0.0562500000000000 ) );
#12590 = CARTESIAN_POINT( '', ( -0.262500000000000, 0.305000000000000, 0.0437500000000000 ) );
#12591 = VECTOR( '', #14529, 39.3700787402000 );
#12592 = CARTESIAN_POINT( '', ( 0.262500000000000, 0.305000000000000, 0.0562500000000000 ) );
#12593 = VECTOR( '', #14530, 39.3700787402000 );
#12594 = COLOUR_RGB( '', 1.00000000000000, 1.00000000000000, 0.000000000000000 );
#12595 = CARTESIAN_POINT( '', ( -0.162500000000000, -0.0725000000000000, -0.0875000000000000 ) );
#12596 = CARTESIAN_POINT( '', ( 0.262500000000000, -0.0725000000000000, -0.0875000000000000 ) );
#12597 = VECTOR( '', #14531, 39.3700787402000 );
#12598 = CARTESIAN_POINT( '', ( -0.162500000000000, -0.0725000000000000, -0.223750000000000 ) );
#12599 = CARTESIAN_POINT( '', ( -0.162500000000000, -0.0725000000000000, -0.0875000000000000 ) );
#12600 = VECTOR( '', #14532, 39.3700787402000 );
#12601 = CARTESIAN_POINT( '', ( 0.262500000000000, -0.0725000000000000, -0.223750000000000 ) );
#12602 = VECTOR( '', #14533, 39.3700787402000 );
#12603 = COLOUR_RGB( '', 0.689999997600000, 0.689999997600000, 0.689999997600000 );
#12604 = CARTESIAN_POINT( '', ( 0.325000000000000, 0.0200000000000000, -0.0750000000000000 ) );
#12605 = CARTESIAN_POINT( '', ( 0.325000000000000, 0.0200000000000000, 0.115000000000000 ) );
#12606 = VECTOR( '', #14534, 39.3700787402000 );
#12607 = CARTESIAN_POINT( '', ( 0.325000000000000, 0.320000000000000, -0.0750000000000000 ) );
#12608 = CARTESIAN_POINT( '', ( 0.325000000000000, 0.320000000000000, -0.0750000000000000 ) );
#12609 = VECTOR( '', #14535, 39.3700787402000 );
#12610 = CARTESIAN_POINT( '', ( 0.325000000000000, 0.320000000000000, -0.0750000000000000 ) );
#12611 = VECTOR( '', #14536, 39.3700787402000 );
#12612 = COLOUR_RGB( '', 1.00000000000000, 1.00000000000000, 0.000000000000000 );
#12613 = CARTESIAN_POINT( '', ( -0.237500000000000, -0.153750000000000, -0.230000000000000 ) );
#12614 = CARTESIAN_POINT( '', ( -0.237500000000000, 0.0400000000000000, -0.230000000000000 ) );
#12615 = VECTOR( '', #14537, 39.3700787402000 );
#12616 = CARTESIAN_POINT( '', ( -0.262500000000000, -0.153750000000000, -0.230000000000000 ) );
#12617 = CARTESIAN_POINT( '', ( -0.262500000000000, -0.166250000000000, -0.230000000000000 ) );
#12618 = VECTOR( '', #14538, 39.3700787402000 );
#12619 = CARTESIAN_POINT( '', ( 0.262500000000000, -0.153750000000000, -0.230000000000000 ) );
#12620 = VECTOR( '', #14539, 39.3700787402000 );
#12621 = COLOUR_RGB( '', 0.689999997600000, 0.689999997600000, 0.689999997600000 );
#12622 = CARTESIAN_POINT( '', ( 0.325000000000000, 0.0200000000000000, 0.0750000000000000 ) );
#12623 = CARTESIAN_POINT( '', ( 0.325000000000000, 0.0200000000000000, 0.115000000000000 ) );
#12624 = VECTOR( '', #14540, 39.3700787402000 );
#12625 = CARTESIAN_POINT( '', ( 0.330000000000000, 0.0200000000000000, 0.0750000000000000 ) );
#12626 = VECTOR( '', #14541, 39.3700787402000 );
#12627 = CARTESIAN_POINT( '', ( 0.307500000000000, 0.0200000000000000, 0.115000000000000 ) );
#12628 = CARTESIAN_POINT( '', ( 0.330000000000000, 0.0200000000000000, 0.115000000000000 ) );
#12629 = VECTOR( '', #14542, 39.3700787402000 );
#12630 = CARTESIAN_POINT( '', ( 0.307500000000000, 0.0200000000000000, 0.145000000000000 ) );
#12631 = VECTOR( '', #14543, 39.3700787402000 );
#12632 = CARTESIAN_POINT( '', ( 0.217500000000000, 0.0200000000000000, 0.115000000000000 ) );
#12633 = CARTESIAN_POINT( '', ( 0.217500000000000, 0.0200000000000000, 0.145000000000000 ) );
#12634 = VECTOR( '', #14544, 39.3700787402000 );
#12635 = CARTESIAN_POINT( '', ( 0.330000000000000, 0.0200000000000000, 0.115000000000000 ) );
#12636 = VECTOR( '', #14545, 39.3700787402000 );
#12637 = CARTESIAN_POINT( '', ( 0.330000000000000, 0.0200000000000000, 0.115000000000000 ) );
#12638 = VECTOR( '', #14546, 39.3700787402000 );
#12639 = CARTESIAN_POINT( '', ( 0.0175000000000000, 0.0200000000000000, 0.115000000000000 ) );
#12640 = CARTESIAN_POINT( '', ( 0.0175000000000000, 0.0200000000000000, 0.145000000000000 ) );
#12641 = VECTOR( '', #14547, 39.3700787402000 );
#12642 = CARTESIAN_POINT( '', ( -0.0175000000000000, 0.0200000000000000, 0.115000000000000 ) );
#12643 = CARTESIAN_POINT( '', ( 0.330000000000000, 0.0200000000000000, 0.115000000000000 ) );
#12644 = VECTOR( '', #14548, 39.3700787402000 );
#12645 = CARTESIAN_POINT( '', ( -0.0175000000000000, 0.0200000000000000, 0.145000000000000 ) );
#12646 = VECTOR( '', #14549, 39.3700787402000 );
#12647 = CARTESIAN_POINT( '', ( -0.0825000000000000, 0.0200000000000000, 0.145000000000000 ) );
#12648 = VECTOR( '', #14550, 39.3700787402000 );
#12649 = CARTESIAN_POINT( '', ( -0.117500000000000, 0.0200000000000000, 0.145000000000000 ) );
#12650 = VECTOR( '', #14551, 39.3700787402000 );
#12651 = CARTESIAN_POINT( '', ( -0.182500000000000, 0.0200000000000000, 0.145000000000000 ) );
#12652 = VECTOR( '', #14552, 39.3700787402000 );
#12653 = CARTESIAN_POINT( '', ( -0.307500000000000, 0.0200000000000000, 0.115000000000000 ) );
#12654 = CARTESIAN_POINT( '', ( -0.307500000000000, 0.0200000000000000, 0.145000000000000 ) );
#12655 = VECTOR( '', #14553, 39.3700787402000 );
#12656 = CARTESIAN_POINT( '', ( 0.330000000000000, 0.0200000000000000, 0.115000000000000 ) );
#12657 = VECTOR( '', #14554, 39.3700787402000 );
#12658 = CARTESIAN_POINT( '', ( -0.217500000000000, 0.0200000000000000, 0.145000000000000 ) );
#12659 = VECTOR( '', #14555, 39.3700787402000 );
#12660 = CARTESIAN_POINT( '', ( -0.182500000000000, 0.0200000000000000, 0.145000000000000 ) );
#12661 = VECTOR( '', #14556, 39.3700787402000 );
#12662 = CARTESIAN_POINT( '', ( -0.117500000000000, 0.0200000000000000, -0.115000000000000 ) );
#12663 = CARTESIAN_POINT( '', ( -0.117500000000000, 0.0200000000000000, 0.145000000000000 ) );
#12664 = VECTOR( '', #14557, 39.3700787402000 );
#12665 = CARTESIAN_POINT( '', ( -0.0825000000000000, 0.0200000000000000, -0.115000000000000 ) );
#12666 = CARTESIAN_POINT( '', ( 0.330000000000000, 0.0200000000000000, -0.115000000000000 ) );
#12667 = VECTOR( '', #14558, 39.3700787402000 );
#12668 = CARTESIAN_POINT( '', ( -0.0825000000000000, 0.0200000000000000, 0.145000000000000 ) );
#12669 = VECTOR( '', #14559, 39.3700787402000 );
#12670 = CARTESIAN_POINT( '', ( -0.0750000000000000, 0.0200000000000000, -0.145000000000000 ) );
#12671 = CARTESIAN_POINT( '', ( -0.0750000000000000, 0.0200000000000000, 0.115000000000000 ) );
#12672 = VECTOR( '', #14560, 39.3700787402000 );
#12673 = CARTESIAN_POINT( '', ( -0.0175000000000000, 0.0200000000000000, -0.145000000000000 ) );
#12674 = CARTESIAN_POINT( '', ( -0.0175000000000000, 0.0200000000000000, -0.145000000000000 ) );
#12675 = VECTOR( '', #14561, 39.3700787402000 );
#12676 = CARTESIAN_POINT( '', ( -0.0175000000000000, 0.0200000000000000, -0.115000000000000 ) );
#12677 = CARTESIAN_POINT( '', ( -0.0175000000000000, 0.0200000000000000, 0.145000000000000 ) );
#12678 = VECTOR( '', #14562, 39.3700787402000 );
#12679 = CARTESIAN_POINT( '', ( 0.330000000000000, 0.0200000000000000, -0.115000000000000 ) );
#12680 = VECTOR( '', #14563, 39.3700787402000 );
#12681 = CARTESIAN_POINT( '', ( 0.0825000000000000, 0.0200000000000000, -0.145000000000000 ) );
#12682 = VECTOR( '', #14564, 39.3700787402000 );
#12683 = CARTESIAN_POINT( '', ( 0.0825000000000000, 0.0200000000000000, -0.125000000000000 ) );
#12684 = CARTESIAN_POINT( '', ( 0.330000000000000, 0.0200000000000000, -0.125000000000000 ) );
#12685 = VECTOR( '', #14565, 39.3700787402000 );
#12686 = CARTESIAN_POINT( '', ( 0.0825000000000000, 0.0200000000000000, -0.115000000000000 ) );
#12687 = CARTESIAN_POINT( '', ( 0.0825000000000000, 0.0200000000000000, 0.145000000000000 ) );
#12688 = VECTOR( '', #14566, 39.3700787402000 );
#12689 = CARTESIAN_POINT( '', ( 0.117500000000000, 0.0200000000000000, -0.115000000000000 ) );
#12690 = CARTESIAN_POINT( '', ( 0.330000000000000, 0.0200000000000000, -0.115000000000000 ) );
#12691 = VECTOR( '', #14567, 39.3700787402000 );
#12692 = CARTESIAN_POINT( '', ( 0.117500000000000, 0.0200000000000000, -0.125000000000000 ) );
#12693 = CARTESIAN_POINT( '', ( 0.117500000000000, 0.0200000000000000, 0.145000000000000 ) );
#12694 = VECTOR( '', #14568, 39.3700787402000 );
#12695 = CARTESIAN_POINT( '', ( 0.182500000000000, 0.0200000000000000, -0.125000000000000 ) );
#12696 = CARTESIAN_POINT( '', ( 0.330000000000000, 0.0200000000000000, -0.125000000000000 ) );
#12697 = VECTOR( '', #14569, 39.3700787402000 );
#12698 = CARTESIAN_POINT( '', ( 0.182500000000000, 0.0200000000000000, 0.145000000000000 ) );
#12699 = VECTOR( '', #14570, 39.3700787402000 );
#12700 = CARTESIAN_POINT( '', ( 0.217500000000000, 0.0200000000000000, -0.125000000000000 ) );
#12701 = CARTESIAN_POINT( '', ( 0.217500000000000, 0.0200000000000000, 0.145000000000000 ) );
#12702 = VECTOR( '', #14571, 39.3700787402000 );
#12703 = CARTESIAN_POINT( '', ( 0.330000000000000, 0.0200000000000000, -0.125000000000000 ) );
#12704 = VECTOR( '', #14572, 39.3700787402000 );
#12705 = CARTESIAN_POINT( '', ( 0.330000000000000, 0.0200000000000000, -0.0750000000000000 ) );
#12706 = CARTESIAN_POINT( '', ( 0.330000000000000, 0.0200000000000000, 0.115000000000000 ) );
#12707 = VECTOR( '', #14573, 39.3700787402000 );
#12708 = CARTESIAN_POINT( '', ( 0.330000000000000, 0.0200000000000000, -0.0750000000000000 ) );
#12709 = VECTOR( '', #14574, 39.3700787402000 );
#12710 = COLOUR_RGB( '', 1.00000000000000, 1.00000000000000, 0.000000000000000 );
#12711 = CARTESIAN_POINT( '', ( -0.0374999999999999, 0.298750000000000, -0.0375000000000000 ) );
#12712 = CARTESIAN_POINT( '', ( -0.0374999999999999, 0.298750000000000, -0.0375000000000000 ) );
#12713 = VECTOR( '', #14575, 39.3700787402000 );
#12714 = CARTESIAN_POINT( '', ( 0.262500000000000, 0.298750000000000, -0.0375000000000000 ) );
#12715 = VECTOR( '', #14576, 39.3700787402000 );
#12716 = COLOUR_RGB( '', 0.689999997600000, 0.689999997600000, 0.689999997600000 );
#12717 = CARTESIAN_POINT( '', ( 0.0175000000000000, 0.000000000000000, 0.115000000000000 ) );
#12718 = CARTESIAN_POINT( '', ( 0.0175000000000000, 0.000000000000000, 0.115000000000000 ) );
#12719 = VECTOR( '', #14577, 39.3700787402000 );
#12720 = CARTESIAN_POINT( '', ( -0.0175000000000000, 0.000000000000000, 0.115000000000000 ) );
#12721 = CARTESIAN_POINT( '', ( 0.330000000000000, 0.000000000000000, 0.115000000000000 ) );
#12722 = VECTOR( '', #14578, 39.3700787402000 );
#12723 = CARTESIAN_POINT( '', ( -0.0175000000000000, 0.000000000000000, 0.115000000000000 ) );
#12724 = VECTOR( '', #14579, 39.3700787402000 );
#12725 = COLOUR_RGB( '', 1.00000000000000, 1.00000000000000, 0.000000000000000 );
#12726 = CARTESIAN_POINT( '', ( -0.237500000000000, 0.0650000000000000, -0.0375000000000000 ) );
#12727 = CARTESIAN_POINT( '', ( -0.237500000000000, 0.0650000000000000, 0.0375000000000000 ) );
#12728 = CARTESIAN_POINT( '', ( -0.237500000000000, 0.0650000000000000, -0.0375000000000000 ) );
#12729 = VECTOR( '', #14580, 39.3700787402000 );
#12730 = CARTESIAN_POINT( '', ( -0.262500000000000, 0.0650000000000000, -0.0375000000000000 ) );
#12731 = CARTESIAN_POINT( '', ( 0.262500000000000, 0.0650000000000000, -0.0375000000000000 ) );
#12732 = VECTOR( '', #14581, 39.3700787402000 );
#12733 = CARTESIAN_POINT( '', ( -0.262500000000000, 0.0650000000000000, 0.0375000000000000 ) );
#12734 = CARTESIAN_POINT( '', ( -0.262500000000000, 0.0650000000000000, -0.0375000000000000 ) );
#12735 = VECTOR( '', #14582, 39.3700787402000 );
#12736 = CARTESIAN_POINT( '', ( 0.262500000000000, 0.0650000000000000, 0.0375000000000000 ) );
#12737 = VECTOR( '', #14583, 39.3700787402000 );
#12738 = COLOUR_RGB( '', 0.689999997600000, 0.689999997600000, 0.689999997600000 );
#12739 = CARTESIAN_POINT( '', ( 0.123000000000000, 0.305000000000000, 0.00510000000000000 ) );
#12740 = CARTESIAN_POINT( '', ( 0.123000000000000, 0.305000000000000, 0.0500000000000000 ) );
#12741 = VECTOR( '', #14584, 39.3700787402000 );
#12742 = CARTESIAN_POINT( '', ( 0.126666680796634, 0.200000000000000, 0.00510000000000000 ) );
#12743 = CARTESIAN_POINT( '', ( 0.130586454219396, 0.0877523754541239, 0.00510000000000000 ) );
#12744 = VECTOR( '', #14585, 39.3700787402000 );
#12745 = CARTESIAN_POINT( '', ( 0.126666680796634, 0.200000000000000, 0.0500000000000000 ) );
#12746 = VECTOR( '', #14586, 39.3700787402000 );
#12747 = COLOUR_RGB( '', 1.00000000000000, 1.00000000000000, 0.000000000000000 );
#12748 = CARTESIAN_POINT( '', ( 0.237500000000000, -0.200000000000000, -0.230000000000000 ) );
#12749 = VECTOR( '', #14587, 39.3700787402000 );
#12750 = CARTESIAN_POINT( '', ( 0.262500000000000, -0.0662500000000000, -0.230000000000000 ) );
#12751 = VECTOR( '', #14588, 39.3700787402000 );
#12752 = COLOUR_RGB( '', 1.00000000000000, 1.00000000000000, 0.000000000000000 );
#12753 = CARTESIAN_POINT( '', ( 0.162500000000000, 0.0600000000000000, -0.0625000000000000 ) );
#12754 = CARTESIAN_POINT( '', ( 0.262500000000000, 0.0600000000000000, -0.0625000000000000 ) );
#12755 = VECTOR( '', #14589, 39.3700787402000 );
#12756 = CARTESIAN_POINT( '', ( 0.162500000000000, 0.0600000000000000, 0.145000000000000 ) );
#12757 = VECTOR( '', #14590, 39.3700787402000 );
#12758 = COLOUR_RGB( '', 1.00000000000000, 1.00000000000000, 0.000000000000000 );
#12759 = CARTESIAN_POINT( '', ( 0.262500000000000, -0.0225000000000000, -0.0375000000000000 ) );
#12760 = VECTOR( '', #14591, 39.3700787402000 );
#12761 = CARTESIAN_POINT( '', ( 0.262500000000000, -0.0725000000000000, -0.0875000000000000 ) );
#12762 = VECTOR( '', #14592, 39.3700787402000 );
#12763 = COLOUR_RGB( '', 0.689999997600000, 0.689999997600000, 0.689999997600000 );
#12764 = CARTESIAN_POINT( '', ( 0.194950000000000, 0.0900000000000000, 0.00510000000000000 ) );
#12765 = CARTESIAN_POINT( '', ( 0.105050000000000, 0.0900000000000000, 0.00510000000000000 ) );
#12766 = CARTESIAN_POINT( '', ( 0.194950000000000, 0.0900000000000000, 0.00510000000000000 ) );
#12767 = VECTOR( '', #14593, 39.3700787402000 );
#12768 = CARTESIAN_POINT( '', ( 0.105050000000000, 0.0900000000000000, 0.00510000000000000 ) );
#12769 = VECTOR( '', #14594, 39.3700787402000 );
#12770 = CARTESIAN_POINT( '', ( 0.194950000000000, 0.0900000000000000, 0.115000000000000 ) );
#12771 = VECTOR( '', #14595, 39.3700787402000 );
#12772 = COLOUR_RGB( '', 0.689999997600000, 0.689999997600000, 0.689999997600000 );
#12773 = CARTESIAN_POINT( '', ( 0.0230000000000000, 0.305000000000000, -0.00500000000000000 ) );
#12774 = CARTESIAN_POINT( '', ( 0.0136269597213600, 0.320000000000000, -0.00500000000000000 ) );
#12775 = CARTESIAN_POINT( '', ( 0.114579741019592, 0.158441778285709, -0.00500000000000000 ) );
#12776 = VECTOR( '', #14596, 39.3700787402000 );
#12777 = CARTESIAN_POINT( '', ( 0.0136269597213601, 0.320000000000000, 0.00510000000000000 ) );
#12778 = CARTESIAN_POINT( '', ( 0.0136269597213600, 0.320000000000000, -0.145000000000000 ) );
#12779 = VECTOR( '', #14597, 39.3700787402000 );
#12780 = CARTESIAN_POINT( '', ( 0.0230000000000000, 0.305000000000000, 0.00510000000000000 ) );
#12781 = CARTESIAN_POINT( '', ( 0.139824957971423, 0.118040985904562, 0.00510000000000000 ) );
#12782 = VECTOR( '', #14598, 39.3700787402000 );
#12783 = CARTESIAN_POINT( '', ( 0.0230000000000000, 0.305000000000000, 0.0500000000000000 ) );
#12784 = VECTOR( '', #14599, 39.3700787402000 );
#12785 = COLOUR_RGB( '', 0.689999997600000, 0.689999997600000, 0.689999997600000 );
#12786 = COLOUR_RGB( '', 0.689999997600000, 0.689999997600000, 0.689999997600000 );
#12787 = CARTESIAN_POINT( '', ( 0.307500000000000, 0.000000000000000, 0.115000000000000 ) );
#12788 = VECTOR( '', #14600, 39.3700787402000 );
#12789 = COLOUR_RGB( '', 0.689999997600000, 0.689999997600000, 0.689999997600000 );
#12790 = CARTESIAN_POINT( '', ( -0.182500000000000, 0.000000000000000, -0.115000000000000 ) );
#12791 = VECTOR( '', #14601, 39.3700787402000 );
#12792 = COLOUR_RGB( '', 1.00000000000000, 1.00000000000000, 0.000000000000000 );
#12793 = CARTESIAN_POINT( '', ( -0.137500000000000, 0.305000000000000, 0.0562500000000000 ) );
#12794 = VECTOR( '', #14602, 39.3700787402000 );
#12795 = COLOUR_RGB( '', 1.00000000000000, 1.00000000000000, 0.000000000000000 );
#12796 = COLOUR_RGB( '', 0.689999997600000, 0.689999997600000, 0.689999997600000 );
#12797 = CARTESIAN_POINT( '', ( 0.117500000000000, 0.000000000000000, -0.115000000000000 ) );
#12798 = CARTESIAN_POINT( '', ( 0.117500000000000, 0.0200000000000000, -0.115000000000000 ) );
#12799 = VECTOR( '', #14603, 39.3700787402000 );
#12800 = CARTESIAN_POINT( '', ( 0.0825000000000000, 0.000000000000000, -0.115000000000000 ) );
#12801 = CARTESIAN_POINT( '', ( 0.0825000000000000, 0.0200000000000000, -0.115000000000000 ) );
#12802 = VECTOR( '', #14604, 39.3700787402000 );
#12803 = CARTESIAN_POINT( '', ( 0.330000000000000, 0.000000000000000, -0.115000000000000 ) );
#12804 = VECTOR( '', #14605, 39.3700787402000 );
#12805 = COLOUR_RGB( '', 1.00000000000000, 1.00000000000000, 0.000000000000000 );
#12806 = CARTESIAN_POINT( '', ( 0.0375000000000000, -0.0725000000000000, -0.223750000000000 ) );
#12807 = CARTESIAN_POINT( '', ( 0.262500000000000, -0.0725000000000000, -0.223750000000000 ) );
#12808 = VECTOR( '', #14606, 39.3700787402000 );
#12809 = CARTESIAN_POINT( '', ( 0.0375000000000000, -0.0725000000000000, -0.223750000000000 ) );
#12810 = VECTOR( '', #14607, 39.3700787402000 );
#12811 = COLOUR_RGB( '', 1.00000000000000, 1.00000000000000, 0.000000000000000 );
#12812 = CARTESIAN_POINT( '', ( -0.0625000000000000, 0.0400000000000000, -0.0375000000000000 ) );
#12813 = CARTESIAN_POINT( '', ( -0.0625000000000000, 0.0400000000000000, -0.0375000000000000 ) );
#12814 = VECTOR( '', #14608, 39.3700787402000 );
#12815 = CARTESIAN_POINT( '', ( -0.0625000000000000, 0.0400000000000000, -0.0625000000000000 ) );
#12816 = CARTESIAN_POINT( '', ( -0.0625000000000000, 0.0400000000000000, 0.145000000000000 ) );
#12817 = VECTOR( '', #14609, 39.3700787402000 );
#12818 = CARTESIAN_POINT( '', ( -0.0625000000000000, -0.0225000000000000, -0.0625000000000000 ) );
#12819 = CARTESIAN_POINT( '', ( -0.0625000000000000, -0.0225000000000000, -0.0625000000000000 ) );
#12820 = VECTOR( '', #14610, 39.3700787402000 );
#12821 = AXIS2_PLACEMENT_3D( '', #14611, #14612, #14613 );
#12822 = CARTESIAN_POINT( '', ( -0.0625000000000000, -0.0662500000000000, -0.230000000000000 ) );
#12823 = CARTESIAN_POINT( '', ( -0.0625000000000000, -0.200000000000000, -0.230000000000000 ) );
#12824 = VECTOR( '', #14614, 39.3700787402000 );
#12825 = CARTESIAN_POINT( '', ( -0.0625000000000000, -0.0725000000000000, -0.223750000000000 ) );
#12826 = VECTOR( '', #14615, 39.3700787402000 );
#12827 = COLOUR_RGB( '', 0.689999997600000, 0.689999997600000, 0.689999997600000 );
#12828 = CARTESIAN_POINT( '', ( -0.113626959721360, 0.320000000000000, -0.145000000000000 ) );
#12829 = VECTOR( '', #14616, 39.3700787402000 );
#12830 = CARTESIAN_POINT( '', ( -0.123000000000000, 0.305000000000000, 0.0500000000000000 ) );
#12831 = VECTOR( '', #14617, 39.3700787402000 );
#12832 = COLOUR_RGB( '', 0.689999997600000, 0.689999997600000, 0.689999997600000 );
#12833 = CARTESIAN_POINT( '', ( -0.0750000000000000, 0.320000000000000, -0.145000000000000 ) );
#12834 = CARTESIAN_POINT( '', ( -0.0750000000000000, 0.320000000000000, -0.145000000000000 ) );
#12835 = VECTOR( '', #14618, 39.3700787402000 );
#12836 = CARTESIAN_POINT( '', ( 0.330000000000000, 0.320000000000000, -0.145000000000000 ) );
#12837 = VECTOR( '', #14619, 39.3700787402000 );
#12838 = CARTESIAN_POINT( '', ( -0.0175000000000000, 0.000000000000000, -0.145000000000000 ) );
#12839 = VECTOR( '', #14620, 39.3700787402000 );
#12840 = COLOUR_RGB( '', 1.00000000000000, 1.00000000000000, 0.000000000000000 );
#12841 = CARTESIAN_POINT( '', ( 0.237500000000000, -0.0475000000000000, -0.223750000000000 ) );
#12842 = VECTOR( '', #14621, 39.3700787402000 );
#12843 = CARTESIAN_POINT( '', ( 0.262500000000000, -0.0475000000000000, -0.223750000000000 ) );
#12844 = VECTOR( '', #14622, 39.3700787402000 );
#12845 = COLOUR_RGB( '', 1.00000000000000, 1.00000000000000, 0.000000000000000 );
#12846 = CARTESIAN_POINT( '', ( 0.0375000000000000, 0.0400000000000000, 0.145000000000000 ) );
#12847 = VECTOR( '', #14623, 39.3700787402000 );
#12848 = CARTESIAN_POINT( '', ( 0.0375000000000000, -0.147500000000000, -0.223750000000000 ) );
#12849 = VECTOR( '', #14624, 39.3700787402000 );
#12850 = CARTESIAN_POINT( '', ( 0.0375000000000000, -0.200000000000000, -0.230000000000000 ) );
#12851 = VECTOR( '', #14625, 39.3700787402000 );
#12852 = AXIS2_PLACEMENT_3D( '', #14626, #14627, #14628 );
#12853 = COLOUR_RGB( '', 1.00000000000000, 1.00000000000000, 0.000000000000000 );
#12854 = CARTESIAN_POINT( '', ( 0.0374999999999999, 0.305000000000000, 0.0562500000000000 ) );
#12855 = CARTESIAN_POINT( '', ( 0.0374999999999999, 0.305000000000000, 0.0562500000000000 ) );
#12856 = VECTOR( '', #14629, 39.3700787402000 );
#12857 = CARTESIAN_POINT( '', ( 0.262500000000000, 0.305000000000000, 0.0562500000000000 ) );
#12858 = VECTOR( '', #14630, 39.3700787402000 );
#12859 = COLOUR_RGB( '', 1.00000000000000, 1.00000000000000, 0.000000000000000 );
#12860 = CARTESIAN_POINT( '', ( -0.237500000000000, 0.0600000000000000, -0.0625000000000000 ) );
#12861 = CARTESIAN_POINT( '', ( -0.237500000000000, 0.0600000000000000, 0.145000000000000 ) );
#12862 = VECTOR( '', #14631, 39.3700787402000 );
#12863 = CARTESIAN_POINT( '', ( -0.237500000000000, 0.298750000000000, -0.0625000000000000 ) );
#12864 = CARTESIAN_POINT( '', ( -0.237500000000000, -0.0225000000000000, -0.0625000000000000 ) );
#12865 = VECTOR( '', #14632, 39.3700787402000 );
#12866 = CARTESIAN_POINT( '', ( -0.237500000000000, 0.298750000000000, -0.0625000000000000 ) );
#12867 = VECTOR( '', #14633, 39.3700787402000 );
#12868 = CARTESIAN_POINT( '', ( -0.237500000000000, 0.298750000000000, -0.0375000000000000 ) );
#12869 = CARTESIAN_POINT( '', ( -0.237500000000000, 0.305000000000000, -0.0437500000000000 ) );
#12870 = VECTOR( '', #14634, 39.3700787402000 );
#12871 = CARTESIAN_POINT( '', ( -0.237500000000000, 0.298750000000000, -0.0375000000000000 ) );
#12872 = VECTOR( '', #14635, 39.3700787402000 );
#12873 = CARTESIAN_POINT( '', ( -0.237500000000000, 0.0650000000000000, 0.0375000000000000 ) );
#12874 = VECTOR( '', #14636, 39.3700787402000 );
#12875 = CARTESIAN_POINT( '', ( -0.237500000000000, 0.305000000000000, 0.0562500000000000 ) );
#12876 = VECTOR( '', #14637, 39.3700787402000 );
#12877 = COLOUR_RGB( '', 1.00000000000000, 1.00000000000000, 0.000000000000000 );
#12878 = CARTESIAN_POINT( '', ( -0.237500000000000, -0.147500000000000, -0.223750000000000 ) );
#12879 = CARTESIAN_POINT( '', ( -0.237500000000000, -0.153750000000000, -0.230000000000000 ) );
#12880 = VECTOR( '', #14638, 39.3700787402000 );
#12881 = CARTESIAN_POINT( '', ( -0.237500000000000, -0.147500000000000, -0.223750000000000 ) );
#12882 = VECTOR( '', #14639, 39.3700787402000 );
#12883 = CARTESIAN_POINT( '', ( -0.237500000000000, 0.0400000000000000, 0.145000000000000 ) );
#12884 = VECTOR( '', #14640, 39.3700787402000 );
#12885 = COLOUR_RGB( '', 0.689999997600000, 0.689999997600000, 0.689999997600000 );
#12886 = CARTESIAN_POINT( '', ( 0.0175000000000000, 0.000000000000000, 0.145000000000000 ) );
#12887 = VECTOR( '', #14641, 39.3700787402000 );
#12888 = CARTESIAN_POINT( '', ( -0.0175000000000000, 0.000000000000000, 0.145000000000000 ) );
#12889 = VECTOR( '', #14642, 39.3700787402000 );
#12890 = COLOUR_RGB( '', 1.00000000000000, 1.00000000000000, 0.000000000000000 );
#12891 = CARTESIAN_POINT( '', ( 0.137500000000000, 0.305000000000000, 0.0437500000000000 ) );
#12892 = CARTESIAN_POINT( '', ( 0.137500000000000, 0.298750000000000, 0.0375000000000000 ) );
#12893 = CARTESIAN_POINT( '', ( 0.137500000000000, 0.298750000000000, 0.0375000000000000 ) );
#12894 = VECTOR( '', #14643, 39.3700787402000 );
#12895 = CARTESIAN_POINT( '', ( 0.162500000000000, 0.305000000000000, 0.0437500000000000 ) );
#12896 = CARTESIAN_POINT( '', ( 0.262500000000000, 0.305000000000000, 0.0437500000000000 ) );
#12897 = VECTOR( '', #14644, 39.3700787402000 );
#12898 = CARTESIAN_POINT( '', ( 0.162500000000000, 0.298750000000000, 0.0375000000000000 ) );
#12899 = CARTESIAN_POINT( '', ( 0.162500000000000, 0.298750000000000, 0.0375000000000000 ) );
#12900 = VECTOR( '', #14645, 39.3700787402000 );
#12901 = CARTESIAN_POINT( '', ( 0.262500000000000, 0.298750000000000, 0.0375000000000000 ) );
#12902 = VECTOR( '', #14646, 39.3700787402000 );
#12903 = COLOUR_RGB( '', 0.689999997600000, 0.689999997600000, 0.689999997600000 );
#12904 = CARTESIAN_POINT( '', ( -0.0175000000000000, 0.0200000000000000, -0.115000000000000 ) );
#12905 = VECTOR( '', #14647, 39.3700787402000 );
#12906 = COLOUR_RGB( '', 1.00000000000000, 1.00000000000000, 0.000000000000000 );
#12907 = CARTESIAN_POINT( '', ( -0.137500000000000, -0.147500000000000, 0.0125000000000000 ) );
#12908 = CARTESIAN_POINT( '', ( -0.137500000000000, -0.147500000000000, -0.223750000000000 ) );
#12909 = VECTOR( '', #14648, 39.3700787402000 );
#12910 = CARTESIAN_POINT( '', ( -0.162500000000000, -0.147500000000000, 0.0125000000000000 ) );
#12911 = CARTESIAN_POINT( '', ( -0.162500000000000, -0.147500000000000, -0.223750000000000 ) );
#12912 = VECTOR( '', #14649, 39.3700787402000 );
#12913 = CARTESIAN_POINT( '', ( 0.262500000000000, -0.147500000000000, 0.0125000000000000 ) );
#12914 = VECTOR( '', #14650, 39.3700787402000 );
#12915 = COLOUR_RGB( '', 0.689999997600000, 0.689999997600000, 0.689999997600000 );
#12916 = CARTESIAN_POINT( '', ( 0.0304769582785755, 0.0908879289489224, -0.00500000000000000 ) );
#12917 = VECTOR( '', #14651, 39.3700787402000 );
#12918 = CARTESIAN_POINT( '', ( 0.0305864542193964, 0.0877523754541239, 0.00510000000000000 ) );
#12919 = VECTOR( '', #14652, 39.3700787402000 );
#12920 = COLOUR_RGB( '', 1.00000000000000, 1.00000000000000, 0.000000000000000 );
#12921 = CARTESIAN_POINT( '', ( -0.262500000000000, 0.298750000000000, -0.0625000000000000 ) );
#12922 = CARTESIAN_POINT( '', ( -0.262500000000000, 0.298750000000000, -0.0625000000000000 ) );
#12923 = VECTOR( '', #14653, 39.3700787402000 );
#12924 = CARTESIAN_POINT( '', ( -0.262500000000000, -0.0225000000000000, -0.0625000000000000 ) );
#12925 = CARTESIAN_POINT( '', ( -0.262500000000000, -0.0225000000000000, -0.0625000000000000 ) );
#12926 = VECTOR( '', #14654, 39.3700787402000 );
#12927 = AXIS2_PLACEMENT_3D( '', #14655, #14656, #14657 );
#12928 = CARTESIAN_POINT( '', ( -0.262500000000000, -0.0537500000000000, -0.230000000000000 ) );
#12929 = CARTESIAN_POINT( '', ( -0.262500000000000, -0.0537500000000000, -0.230000000000000 ) );
#12930 = VECTOR( '', #14658, 39.3700787402000 );
#12931 = CARTESIAN_POINT( '', ( -0.262500000000000, -0.0662500000000000, -0.230000000000000 ) );
#12932 = CARTESIAN_POINT( '', ( -0.262500000000000, -0.0662500000000000, -0.230000000000000 ) );
#12933 = VECTOR( '', #14659, 39.3700787402000 );
#12934 = CARTESIAN_POINT( '', ( -0.262500000000000, -0.0725000000000000, -0.223750000000000 ) );
#12935 = VECTOR( '', #14660, 39.3700787402000 );
#12936 = CARTESIAN_POINT( '', ( -0.262500000000000, 0.0400000000000000, 0.0375000000000000 ) );
#12937 = VECTOR( '', #14661, 39.3700787402000 );
#12938 = CARTESIAN_POINT( '', ( -0.262500000000000, -0.147500000000000, -0.223750000000000 ) );
#12939 = CARTESIAN_POINT( '', ( -0.262500000000000, -0.147500000000000, -0.223750000000000 ) );
#12940 = VECTOR( '', #14662, 39.3700787402000 );
#12941 = CARTESIAN_POINT( '', ( -0.262500000000000, -0.153750000000000, -0.230000000000000 ) );
#12942 = VECTOR( '', #14663, 39.3700787402000 );
#12943 = CARTESIAN_POINT( '', ( -0.262500000000000, 0.305000000000000, 0.0562500000000000 ) );
#12944 = VECTOR( '', #14664, 39.3700787402000 );
#12945 = CARTESIAN_POINT( '', ( -0.262500000000000, 0.0650000000000000, 0.0375000000000000 ) );
#12946 = VECTOR( '', #14665, 39.3700787402000 );
#12947 = CARTESIAN_POINT( '', ( -0.262500000000000, 0.298750000000000, -0.0375000000000000 ) );
#12948 = CARTESIAN_POINT( '', ( -0.262500000000000, 0.298750000000000, -0.0375000000000000 ) );
#12949 = VECTOR( '', #14666, 39.3700787402000 );
#12950 = CARTESIAN_POINT( '', ( -0.262500000000000, 0.305000000000000, -0.0437500000000000 ) );
#12951 = VECTOR( '', #14667, 39.3700787402000 );
#12952 = COLOUR_RGB( '', 1.00000000000000, 1.00000000000000, 0.000000000000000 );
#12953 = CARTESIAN_POINT( '', ( 0.262500000000000, -0.0537500000000000, -0.230000000000000 ) );
#12954 = VECTOR( '', #14668, 39.3700787402000 );
#12955 = COLOUR_RGB( '', 1.00000000000000, 1.00000000000000, 0.000000000000000 );
#12956 = CARTESIAN_POINT( '', ( 0.262500000000000, -0.172500000000000, -0.223750000000000 ) );
#12957 = CARTESIAN_POINT( '', ( 0.262500000000000, -0.172500000000000, -0.223750000000000 ) );
#12958 = VECTOR( '', #14669, 39.3700787402000 );
#12959 = CARTESIAN_POINT( '', ( 0.262500000000000, -0.172500000000000, 0.0125000000000000 ) );
#12960 = CARTESIAN_POINT( '', ( 0.262500000000000, -0.172500000000000, 0.0125000000000000 ) );
#12961 = VECTOR( '', #14670, 39.3700787402000 );
#12962 = CARTESIAN_POINT( '', ( 0.262500000000000, -0.172500000000000, 0.0125000000000000 ) );
#12963 = VECTOR( '', #14671, 39.3700787402000 );
#12964 = COLOUR_RGB( '', 0.689999997600000, 0.689999997600000, 0.689999997600000 );
#12965 = CARTESIAN_POINT( '', ( -0.0949500000000000, 0.320000000000000, -0.114900000000000 ) );
#12966 = CARTESIAN_POINT( '', ( -0.00505000000000002, 0.320000000000000, -0.114900000000000 ) );
#12967 = VECTOR( '', #14672, 39.3700787402000 );
#12968 = CARTESIAN_POINT( '', ( -0.0949500000000000, 0.0900000000000000, -0.114900000000000 ) );
#12969 = CARTESIAN_POINT( '', ( -0.0949500000000000, 0.0900000000000000, -0.114900000000000 ) );
#12970 = VECTOR( '', #14673, 39.3700787402000 );
#12971 = CARTESIAN_POINT( '', ( -0.00505000000000002, 0.0900000000000000, -0.114900000000000 ) );
#12972 = VECTOR( '', #14674, 39.3700787402000 );
#12973 = COLOUR_RGB( '', 1.00000000000000, 1.00000000000000, 0.000000000000000 );
#12974 = CARTESIAN_POINT( '', ( 0.262500000000000, -0.122500000000000, 0.0375000000000000 ) );
#12975 = CARTESIAN_POINT( '', ( 0.262500000000000, -0.122500000000000, 0.0375000000000000 ) );
#12976 = VECTOR( '', #14675, 39.3700787402000 );
#12977 = AXIS2_PLACEMENT_3D( '', #14676, #14677, #14678 );
#12978 = COLOUR_RGB( '', 1.00000000000000, 1.00000000000000, 0.000000000000000 );
#12979 = CARTESIAN_POINT( '', ( -0.162500000000000, 0.0400000000000000, 0.145000000000000 ) );
#12980 = VECTOR( '', #14679, 39.3700787402000 );
#12981 = CARTESIAN_POINT( '', ( -0.162500000000000, 0.0400000000000000, -0.0625000000000000 ) );
#12982 = CARTESIAN_POINT( '', ( 0.262500000000000, 0.0400000000000000, -0.0625000000000000 ) );
#12983 = VECTOR( '', #14680, 39.3700787402000 );
#12984 = CARTESIAN_POINT( '', ( -0.162500000000000, 0.0400000000000000, 0.145000000000000 ) );
#12985 = VECTOR( '', #14681, 39.3700787402000 );
#12986 = CARTESIAN_POINT( '', ( 0.262500000000000, 0.0400000000000000, -0.0625000000000000 ) );
#12987 = VECTOR( '', #14682, 39.3700787402000 );
#12988 = CARTESIAN_POINT( '', ( -0.0375000000000000, 0.0400000000000000, -0.0375000000000000 ) );
#12989 = CARTESIAN_POINT( '', ( 0.262500000000000, 0.0400000000000000, -0.0375000000000000 ) );
#12990 = VECTOR( '', #14683, 39.3700787402000 );
#12991 = CARTESIAN_POINT( '', ( -0.0375000000000000, 0.0400000000000000, -0.0625000000000000 ) );
#12992 = CARTESIAN_POINT( '', ( -0.0375000000000000, 0.0400000000000000, 0.145000000000000 ) );
#12993 = VECTOR( '', #14684, 39.3700787402000 );
#12994 = CARTESIAN_POINT( '', ( 0.0375000000000000, 0.0400000000000000, -0.0625000000000000 ) );
#12995 = CARTESIAN_POINT( '', ( 0.262500000000000, 0.0400000000000000, -0.0625000000000000 ) );
#12996 = VECTOR( '', #14685, 39.3700787402000 );
#12997 = CARTESIAN_POINT( '', ( 0.0375000000000000, 0.0400000000000000, 0.145000000000000 ) );
#12998 = VECTOR( '', #14686, 39.3700787402000 );
#12999 = CARTESIAN_POINT( '', ( 0.262500000000000, 0.0400000000000000, -0.0625000000000000 ) );
#13000 = VECTOR( '', #14687, 39.3700787402000 );
#13001 = CARTESIAN_POINT( '', ( 0.262500000000000, 0.0400000000000000, -0.0375000000000000 ) );
#13002 = VECTOR( '', #14688, 39.3700787402000 );
#13003 = CARTESIAN_POINT( '', ( 0.237500000000000, 0.0400000000000000, -0.0625000000000000 ) );
#13004 = CARTESIAN_POINT( '', ( 0.262500000000000, 0.0400000000000000, -0.0625000000000000 ) );
#13005 = VECTOR( '', #14689, 39.3700787402000 );
#13006 = CARTESIAN_POINT( '', ( 0.237500000000000, 0.0400000000000000, -0.0375000000000000 ) );
#13007 = CARTESIAN_POINT( '', ( 0.237500000000000, 0.0400000000000000, 0.145000000000000 ) );
#13008 = VECTOR( '', #14690, 39.3700787402000 );
#13009 = CARTESIAN_POINT( '', ( 0.262500000000000, 0.0400000000000000, -0.0375000000000000 ) );
#13010 = CARTESIAN_POINT( '', ( 0.262500000000000, 0.0400000000000000, -0.0375000000000000 ) );
#13011 = VECTOR( '', #14691, 39.3700787402000 );
#13012 = CARTESIAN_POINT( '', ( 0.262500000000000, 0.0400000000000000, 0.0375000000000000 ) );
#13013 = CARTESIAN_POINT( '', ( 0.262500000000000, 0.0400000000000000, 0.0375000000000000 ) );
#13014 = VECTOR( '', #14692, 39.3700787402000 );
#13015 = CARTESIAN_POINT( '', ( 0.262500000000000, 0.0400000000000000, 0.0375000000000000 ) );
#13016 = VECTOR( '', #14693, 39.3700787402000 );
#13017 = CARTESIAN_POINT( '', ( 0.137500000000000, 0.0400000000000000, 0.145000000000000 ) );
#13018 = VECTOR( '', #14694, 39.3700787402000 );
#13019 = CARTESIAN_POINT( '', ( -0.0625000000000000, 0.0400000000000000, 0.145000000000000 ) );
#13020 = VECTOR( '', #14695, 39.3700787402000 );
#13021 = CARTESIAN_POINT( '', ( -0.137500000000000, 0.0400000000000000, 0.145000000000000 ) );
#13022 = VECTOR( '', #14696, 39.3700787402000 );
#13023 = COLOUR_RGB( '', 1.00000000000000, 1.00000000000000, 0.000000000000000 );
#13024 = CARTESIAN_POINT( '', ( -0.0625000000000000, -0.172500000000000, -0.223750000000000 ) );
#13025 = CARTESIAN_POINT( '', ( 0.262500000000000, -0.172500000000000, -0.223750000000000 ) );
#13026 = VECTOR( '', #14697, 39.3700787402000 );
#13027 = CARTESIAN_POINT( '', ( -0.0625000000000000, -0.172500000000000, -0.223750000000000 ) );
#13028 = VECTOR( '', #14698, 39.3700787402000 );
#13029 = COLOUR_RGB( '', 0.689999997600000, 0.689999997600000, 0.689999997600000 );
#13030 = CARTESIAN_POINT( '', ( -0.0230000000000000, 0.305000000000000, -0.00500000000000000 ) );
#13031 = CARTESIAN_POINT( '', ( -0.0305864542193963, 0.0877523754541240, -0.00500000000000000 ) );
#13032 = VECTOR( '', #14699, 39.3700787402000 );
#13033 = CARTESIAN_POINT( '', ( -0.0230000000000000, 0.305000000000000, 0.0500000000000000 ) );
#13034 = VECTOR( '', #14700, 39.3700787402000 );
#13035 = COLOUR_RGB( '', 1.00000000000000, 1.00000000000000, 0.000000000000000 );
#13036 = CARTESIAN_POINT( '', ( 0.137500000000000, 0.0600000000000000, -0.0625000000000000 ) );
#13037 = CARTESIAN_POINT( '', ( 0.137500000000000, 0.0600000000000000, 0.145000000000000 ) );
#13038 = VECTOR( '', #14701, 39.3700787402000 );
#13039 = CARTESIAN_POINT( '', ( 0.262500000000000, 0.0600000000000000, -0.0625000000000000 ) );
#13040 = VECTOR( '', #14702, 39.3700787402000 );
#13041 = COLOUR_RGB( '', 1.00000000000000, 1.00000000000000, 0.000000000000000 );
#13042 = CARTESIAN_POINT( '', ( 0.162500000000000, -0.0225000000000000, -0.0625000000000000 ) );
#13043 = VECTOR( '', #14703, 39.3700787402000 );
#13044 = CARTESIAN_POINT( '', ( 0.162500000000000, 0.305000000000000, -0.0437500000000000 ) );
#13045 = VECTOR( '', #14704, 39.3700787402000 );
#13046 = CARTESIAN_POINT( '', ( 0.162500000000000, 0.0650000000000000, 0.0375000000000000 ) );
#13047 = CARTESIAN_POINT( '', ( 0.162500000000000, 0.0650000000000000, -0.0375000000000000 ) );
#13048 = VECTOR( '', #14705, 39.3700787402000 );
#13049 = CARTESIAN_POINT( '', ( 0.162500000000000, 0.0650000000000000, 0.0375000000000000 ) );
#13050 = VECTOR( '', #14706, 39.3700787402000 );
#13051 = CARTESIAN_POINT( '', ( 0.162500000000000, 0.305000000000000, 0.0437500000000000 ) );
#13052 = VECTOR( '', #14707, 39.3700787402000 );
#13053 = COLOUR_RGB( '', 0.689999997600000, 0.689999997600000, 0.689999997600000 );
#13054 = CARTESIAN_POINT( '', ( -0.105050000000000, 0.0900000000000000, 0.115000000000000 ) );
#13055 = CARTESIAN_POINT( '', ( -0.194950000000000, 0.0900000000000000, 0.115000000000000 ) );
#13056 = VECTOR( '', #14708, 39.3700787402000 );
#13057 = CARTESIAN_POINT( '', ( -0.105050000000000, 0.0900000000000000, 0.115000000000000 ) );
#13058 = VECTOR( '', #14709, 39.3700787402000 );
#13059 = COLOUR_RGB( '', 0.689999997600000, 0.689999997600000, 0.689999997600000 );
#13060 = CARTESIAN_POINT( '', ( -0.0770000000000000, 0.305000000000000, -0.00500000000000000 ) );
#13061 = CARTESIAN_POINT( '', ( -0.0863730402786400, 0.320000000000000, -0.00500000000000000 ) );
#13062 = CARTESIAN_POINT( '', ( 0.0145797410195925, 0.158441778285709, -0.00500000000000000 ) );
#13063 = VECTOR( '', #14710, 39.3700787402000 );
#13064 = CARTESIAN_POINT( '', ( -0.0695230417214245, 0.0908879289489224, -0.00500000000000000 ) );
#13065 = VECTOR( '', #14711, 39.3700787402000 );
#13066 = CARTESIAN_POINT( '', ( -0.0136269597213601, 0.320000000000000, -0.00500000000000000 ) );
#13067 = CARTESIAN_POINT( '', ( -0.139824957971423, 0.118040985904562, -0.00500000000000000 ) );
#13068 = VECTOR( '', #14712, 39.3700787402000 );
#13069 = CARTESIAN_POINT( '', ( -0.0949500000000000, 0.320000000000000, -0.00500000000000000 ) );
#13070 = VECTOR( '', #14713, 39.3700787402000 );
#13071 = CARTESIAN_POINT( '', ( -0.0949500000000000, 0.0900000000000000, -0.00500000000000000 ) );
#13072 = CARTESIAN_POINT( '', ( -0.0949500000000000, 0.0900000000000000, -0.00500000000000000 ) );
#13073 = VECTOR( '', #14714, 39.3700787402000 );
#13074 = CARTESIAN_POINT( '', ( -0.0949500000000000, 0.320000000000000, -0.00500000000000000 ) );
#13075 = CARTESIAN_POINT( '', ( -0.0949500000000000, 0.0900000000000000, -0.00500000000000000 ) );
#13076 = VECTOR( '', #14715, 39.3700787402000 );
#13077 = CARTESIAN_POINT( '', ( -0.0949500000000000, 0.320000000000000, -0.00500000000000000 ) );
#13078 = VECTOR( '', #14716, 39.3700787402000 );
#13079 = COLOUR_RGB( '', 0.689999997600000, 0.689999997600000, 0.689999997600000 );
#13080 = CARTESIAN_POINT( '', ( -0.117500000000000, 0.000000000000000, -0.115000000000000 ) );
#13081 = CARTESIAN_POINT( '', ( -0.117500000000000, 0.000000000000000, 0.145000000000000 ) );
#13082 = VECTOR( '', #14717, 39.3700787402000 );
#13083 = CARTESIAN_POINT( '', ( -0.117500000000000, 0.0200000000000000, -0.115000000000000 ) );
#13084 = VECTOR( '', #14718, 39.3700787402000 );
#13085 = COLOUR_RGB( '', 1.00000000000000, 1.00000000000000, 0.000000000000000 );
#13086 = CARTESIAN_POINT( '', ( 0.137500000000000, -0.147500000000000, 0.0125000000000000 ) );
#13087 = CARTESIAN_POINT( '', ( 0.262500000000000, -0.147500000000000, 0.0125000000000000 ) );
#13088 = VECTOR( '', #14719, 39.3700787402000 );
#13089 = AXIS2_PLACEMENT_3D( '', #14720, #14721, #14722 );
#13090 = COLOUR_RGB( '', 0.689999997600000, 0.689999997600000, 0.689999997600000 );
#13091 = CARTESIAN_POINT( '', ( -0.217500000000000, 0.000000000000000, -0.115000000000000 ) );
#13092 = VECTOR( '', #14723, 39.3700787402000 );
#13093 = COLOUR_RGB( '', 1.00000000000000, 1.00000000000000, 0.000000000000000 );
#13094 = CARTESIAN_POINT( '', ( 0.137500000000000, 0.305000000000000, 0.0437500000000000 ) );
#13095 = VECTOR( '', #14724, 39.3700787402000 );
#13096 = COLOUR_RGB( '', 0.689999997600000, 0.689999997600000, 0.689999997600000 );
#13097 = CARTESIAN_POINT( '', ( 0.330000000000000, 0.320000000000000, -0.145000000000000 ) );
#13098 = CARTESIAN_POINT( '', ( 0.330000000000000, 0.320000000000000, -0.0750000000000000 ) );
#13099 = CARTESIAN_POINT( '', ( 0.330000000000000, 0.320000000000000, -0.145000000000000 ) );
#13100 = VECTOR( '', #14725, 39.3700787402000 );
#13101 = CARTESIAN_POINT( '', ( 0.330000000000000, 0.000000000000000, -0.0750000000000000 ) );
#13102 = VECTOR( '', #14726, 39.3700787402000 );
#13103 = CARTESIAN_POINT( '', ( 0.330000000000000, 0.000000000000000, -0.145000000000000 ) );
#13104 = VECTOR( '', #14727, 39.3700787402000 );
#13105 = COLOUR_RGB( '', 0.689999997600000, 0.689999997600000, 0.689999997600000 );
#13106 = CARTESIAN_POINT( '', ( 0.294950000000000, 0.320000000000000, 0.115000000000000 ) );
#13107 = CARTESIAN_POINT( '', ( 0.205050000000000, 0.320000000000000, 0.115000000000000 ) );
#13108 = VECTOR( '', #14728, 39.3700787402000 );
#13109 = CARTESIAN_POINT( '', ( 0.294950000000000, 0.0900000000000000, 0.115000000000000 ) );
#13110 = VECTOR( '', #14729, 39.3700787402000 );
#13111 = COLOUR_RGB( '', 0.689999997600000, 0.689999997600000, 0.689999997600000 );
#13112 = CARTESIAN_POINT( '', ( -0.105050000000000, 0.320000000000000, -0.114900000000000 ) );
#13113 = CARTESIAN_POINT( '', ( -0.194950000000000, 0.320000000000000, -0.114900000000000 ) );
#13114 = CARTESIAN_POINT( '', ( -0.105050000000000, 0.320000000000000, -0.114900000000000 ) );
#13115 = VECTOR( '', #14730, 39.3700787402000 );
#13116 = CARTESIAN_POINT( '', ( -0.194950000000000, 0.0900000000000000, -0.114900000000000 ) );
#13117 = CARTESIAN_POINT( '', ( -0.194950000000000, 0.0900000000000000, -0.114900000000000 ) );
#13118 = VECTOR( '', #14731, 39.3700787402000 );
#13119 = CARTESIAN_POINT( '', ( -0.105050000000000, 0.0900000000000000, -0.114900000000000 ) );
#13120 = CARTESIAN_POINT( '', ( -0.105050000000000, 0.0900000000000000, -0.114900000000000 ) );
#13121 = VECTOR( '', #14732, 39.3700787402000 );
#13122 = CARTESIAN_POINT( '', ( -0.105050000000000, 0.0900000000000000, -0.114900000000000 ) );
#13123 = VECTOR( '', #14733, 39.3700787402000 );
#13124 = COLOUR_RGB( '', 0.689999997600000, 0.689999997600000, 0.689999997600000 );
#13125 = CARTESIAN_POINT( '', ( -0.294950000000000, 0.320000000000000, 0.00510000000000001 ) );
#13126 = VECTOR( '', #14734, 39.3700787402000 );
#13127 = COLOUR_RGB( '', 0.689999997600000, 0.689999997600000, 0.689999997600000 );
#13128 = CARTESIAN_POINT( '', ( 0.325000000000000, 0.320000000000000, 0.0750000000000000 ) );
#13129 = CARTESIAN_POINT( '', ( 0.325000000000000, 0.320000000000000, 0.0750000000000000 ) );
#13130 = VECTOR( '', #14735, 39.3700787402000 );
#13131 = CARTESIAN_POINT( '', ( 0.325000000000000, 0.320000000000000, 0.0750000000000000 ) );
#13132 = VECTOR( '', #14736, 39.3700787402000 );
#13133 = COLOUR_RGB( '', 0.689999997600000, 0.689999997600000, 0.689999997600000 );
#13134 = CARTESIAN_POINT( '', ( -0.105050000000000, 0.320000000000000, -0.00500000000000000 ) );
#13135 = VECTOR( '', #14737, 39.3700787402000 );
#13136 = CARTESIAN_POINT( '', ( -0.105050000000000, 0.0900000000000000, -0.00500000000000000 ) );
#13137 = VECTOR( '', #14738, 39.3700787402000 );
#13138 = COLOUR_RGB( '', 1.00000000000000, 1.00000000000000, 0.000000000000000 );
#13139 = CARTESIAN_POINT( '', ( -0.162500000000000, -0.0225000000000000, -0.0625000000000000 ) );
#13140 = CARTESIAN_POINT( '', ( -0.162500000000000, -0.0225000000000000, -0.0625000000000000 ) );
#13141 = VECTOR( '', #14739, 39.3700787402000 );
#13142 = AXIS2_PLACEMENT_3D( '', #14740, #14741, #14742 );
#13143 = CARTESIAN_POINT( '', ( -0.162500000000000, -0.0537500000000000, -0.230000000000000 ) );
#13144 = VECTOR( '', #14743, 39.3700787402000 );
#13145 = CARTESIAN_POINT( '', ( -0.162500000000000, -0.0725000000000000, -0.223750000000000 ) );
#13146 = VECTOR( '', #14744, 39.3700787402000 );
#13147 = AXIS2_PLACEMENT_3D( '', #14745, #14746, #14747 );
#13148 = COLOUR_RGB( '', 1.00000000000000, 1.00000000000000, 0.000000000000000 );
#13149 = CARTESIAN_POINT( '', ( 0.262500000000000, -0.0225000000000000, -0.0625000000000000 ) );
#13150 = VECTOR( '', #14748, 39.3700787402000 );
#13151 = COLOUR_RGB( '', 0.689999997600000, 0.689999997600000, 0.689999997600000 );
#13152 = CARTESIAN_POINT( '', ( -0.307500000000000, 0.000000000000000, 0.115000000000000 ) );
#13153 = CARTESIAN_POINT( '', ( -0.307500000000000, 0.000000000000000, 0.115000000000000 ) );
#13154 = VECTOR( '', #14749, 39.3700787402000 );
#13155 = CARTESIAN_POINT( '', ( 0.330000000000000, 0.000000000000000, 0.115000000000000 ) );
#13156 = VECTOR( '', #14750, 39.3700787402000 );
#13157 = COLOUR_RGB( '', 1.00000000000000, 1.00000000000000, 0.000000000000000 );
#13158 = COLOUR_RGB( '', 1.00000000000000, 1.00000000000000, 0.000000000000000 );
#13159 = CARTESIAN_POINT( '', ( -0.137500000000000, -0.172500000000000, -0.223750000000000 ) );
#13160 = CARTESIAN_POINT( '', ( -0.137500000000000, -0.172500000000000, -0.223750000000000 ) );
#13161 = VECTOR( '', #14751, 39.3700787402000 );
#13162 = CARTESIAN_POINT( '', ( -0.162500000000000, -0.172500000000000, -0.223750000000000 ) );
#13163 = CARTESIAN_POINT( '', ( 0.262500000000000, -0.172500000000000, -0.223750000000000 ) );
#13164 = VECTOR( '', #14752, 39.3700787402000 );
#13165 = CARTESIAN_POINT( '', ( -0.162500000000000, -0.172500000000000, -0.223750000000000 ) );
#13166 = VECTOR( '', #14753, 39.3700787402000 );
#13167 = COLOUR_RGB( '', 0.689999997600000, 0.689999997600000, 0.689999997600000 );
#13168 = CARTESIAN_POINT( '', ( -0.205050000000000, 0.320000000000000, -0.114900000000000 ) );
#13169 = CARTESIAN_POINT( '', ( -0.205050000000000, 0.320000000000000, -0.00500000000000000 ) );
#13170 = VECTOR( '', #14754, 39.3700787402000 );
#13171 = CARTESIAN_POINT( '', ( -0.194950000000000, 0.320000000000000, -0.114900000000000 ) );
#13172 = VECTOR( '', #14755, 39.3700787402000 );
#13173 = CARTESIAN_POINT( '', ( -0.105050000000000, 0.320000000000000, 0.115000000000000 ) );
#13174 = CARTESIAN_POINT( '', ( -0.105050000000000, 0.320000000000000, 0.115000000000000 ) );
#13175 = VECTOR( '', #14756, 39.3700787402000 );
#13176 = CARTESIAN_POINT( '', ( -0.194950000000000, 0.320000000000000, 0.115000000000000 ) );
#13177 = VECTOR( '', #14757, 39.3700787402000 );
#13178 = CARTESIAN_POINT( '', ( -0.205050000000000, 0.320000000000000, -0.0200000000000000 ) );
#13179 = CARTESIAN_POINT( '', ( -0.220000000000000, 0.320000000000000, -0.0200000000000000 ) );
#13180 = VECTOR( '', #14758, 39.3700787402000 );
#13181 = CARTESIAN_POINT( '', ( -0.205050000000000, 0.320000000000000, -0.00500000000000000 ) );
#13182 = CARTESIAN_POINT( '', ( -0.205050000000000, 0.320000000000000, -0.00500000000000000 ) );
#13183 = VECTOR( '', #14759, 39.3700787402000 );
#13184 = CARTESIAN_POINT( '', ( -0.213626959721360, 0.320000000000000, -0.00500000000000000 ) );
#13185 = CARTESIAN_POINT( '', ( -0.294950000000000, 0.320000000000000, -0.00500000000000000 ) );
#13186 = VECTOR( '', #14760, 39.3700787402000 );
#13187 = CARTESIAN_POINT( '', ( -0.213626959721360, 0.320000000000000, -0.145000000000000 ) );
#13188 = VECTOR( '', #14761, 39.3700787402000 );
#13189 = CARTESIAN_POINT( '', ( -0.286373040278640, 0.320000000000000, -0.00500000000000000 ) );
#13190 = CARTESIAN_POINT( '', ( -0.286373040278640, 0.320000000000000, -0.145000000000000 ) );
#13191 = VECTOR( '', #14762, 39.3700787402000 );
#13192 = CARTESIAN_POINT( '', ( -0.294950000000000, 0.320000000000000, -0.00500000000000000 ) );
#13193 = CARTESIAN_POINT( '', ( -0.294950000000000, 0.320000000000000, -0.00500000000000000 ) );
#13194 = VECTOR( '', #14763, 39.3700787402000 );
#13195 = CARTESIAN_POINT( '', ( -0.294950000000000, 0.320000000000000, -0.114900000000000 ) );
#13196 = CARTESIAN_POINT( '', ( -0.294950000000000, 0.320000000000000, -0.114900000000000 ) );
#13197 = VECTOR( '', #14764, 39.3700787402000 );
#13198 = CARTESIAN_POINT( '', ( -0.205050000000000, 0.320000000000000, -0.114900000000000 ) );
#13199 = VECTOR( '', #14765, 39.3700787402000 );
#13200 = CARTESIAN_POINT( '', ( 0.00505000000000006, 0.320000000000000, -0.00500000000000000 ) );
#13201 = CARTESIAN_POINT( '', ( 0.00505000000000006, 0.320000000000000, -0.00500000000000000 ) );
#13202 = VECTOR( '', #14766, 39.3700787402000 );
#13203 = CARTESIAN_POINT( '', ( 0.00505000000000006, 0.320000000000000, -0.114900000000000 ) );
#13204 = VECTOR( '', #14767, 39.3700787402000 );
#13205 = CARTESIAN_POINT( '', ( 0.0949500000000000, 0.320000000000000, -0.00500000000000000 ) );
#13206 = CARTESIAN_POINT( '', ( 0.0949500000000000, 0.320000000000000, -0.00500000000000000 ) );
#13207 = VECTOR( '', #14768, 39.3700787402000 );
#13208 = CARTESIAN_POINT( '', ( 0.0863730402786399, 0.320000000000000, -0.00500000000000000 ) );
#13209 = CARTESIAN_POINT( '', ( 0.00505000000000006, 0.320000000000000, -0.00500000000000000 ) );
#13210 = VECTOR( '', #14769, 39.3700787402000 );
#13211 = CARTESIAN_POINT( '', ( 0.0863730402786399, 0.320000000000000, 0.00510000000000000 ) );
#13212 = CARTESIAN_POINT( '', ( 0.0863730402786399, 0.320000000000000, -0.145000000000000 ) );
#13213 = VECTOR( '', #14770, 39.3700787402000 );
#13214 = CARTESIAN_POINT( '', ( 0.0949500000000000, 0.320000000000000, 0.00510000000000000 ) );
#13215 = CARTESIAN_POINT( '', ( 0.0949500000000000, 0.320000000000000, 0.00510000000000000 ) );
#13216 = VECTOR( '', #14771, 39.3700787402000 );
#13217 = CARTESIAN_POINT( '', ( 0.0949500000000000, 0.320000000000000, 0.115000000000000 ) );
#13218 = VECTOR( '', #14772, 39.3700787402000 );
#13219 = CARTESIAN_POINT( '', ( 0.0949500000000000, 0.320000000000000, 0.00510000000000000 ) );
#13220 = VECTOR( '', #14773, 39.3700787402000 );
#13221 = CARTESIAN_POINT( '', ( 0.194950000000000, 0.320000000000000, -0.0600000000000000 ) );
#13222 = CARTESIAN_POINT( '', ( 0.194950000000000, 0.320000000000000, -0.00500000000000000 ) );
#13223 = VECTOR( '', #14774, 39.3700787402000 );
#13224 = CARTESIAN_POINT( '', ( 0.220000000000000, 0.320000000000000, -0.0600000000000000 ) );
#13225 = VECTOR( '', #14775, 39.3700787402000 );
#13226 = CARTESIAN_POINT( '', ( 0.294950000000000, 0.320000000000000, -0.114900000000000 ) );
#13227 = VECTOR( '', #14776, 39.3700787402000 );
#13228 = CARTESIAN_POINT( '', ( 0.205050000000000, 0.320000000000000, -0.00500000000000000 ) );
#13229 = VECTOR( '', #14777, 39.3700787402000 );
#13230 = CARTESIAN_POINT( '', ( 0.294950000000000, 0.320000000000000, 0.115000000000000 ) );
#13231 = VECTOR( '', #14778, 39.3700787402000 );
#13232 = CARTESIAN_POINT( '', ( 0.205050000000000, 0.320000000000000, -0.00500000000000000 ) );
#13233 = CARTESIAN_POINT( '', ( 0.205050000000000, 0.320000000000000, -0.00500000000000000 ) );
#13234 = VECTOR( '', #14779, 39.3700787402000 );
#13235 = CARTESIAN_POINT( '', ( 0.205050000000000, 0.320000000000000, -0.114900000000000 ) );
#13236 = VECTOR( '', #14780, 39.3700787402000 );
#13237 = CARTESIAN_POINT( '', ( 0.194950000000000, 0.320000000000000, -0.00500000000000000 ) );
#13238 = VECTOR( '', #14781, 39.3700787402000 );
#13239 = CARTESIAN_POINT( '', ( 0.194950000000000, 0.320000000000000, 0.00510000000000000 ) );
#13240 = CARTESIAN_POINT( '', ( 0.194950000000000, 0.320000000000000, 0.00510000000000000 ) );
#13241 = VECTOR( '', #14782, 39.3700787402000 );
#13242 = CARTESIAN_POINT( '', ( 0.194950000000000, 0.320000000000000, 0.115000000000000 ) );
#13243 = VECTOR( '', #14783, 39.3700787402000 );
#13244 = CARTESIAN_POINT( '', ( 0.105050000000000, 0.320000000000000, 0.00510000000000000 ) );
#13245 = CARTESIAN_POINT( '', ( 0.105050000000000, 0.320000000000000, 0.00510000000000000 ) );
#13246 = VECTOR( '', #14784, 39.3700787402000 );
#13247 = CARTESIAN_POINT( '', ( 0.113626959721360, 0.320000000000000, 0.00510000000000000 ) );
#13248 = CARTESIAN_POINT( '', ( 0.194950000000000, 0.320000000000000, 0.00510000000000000 ) );
#13249 = VECTOR( '', #14785, 39.3700787402000 );
#13250 = CARTESIAN_POINT( '', ( 0.113626959721360, 0.320000000000000, -0.145000000000000 ) );
#13251 = VECTOR( '', #14786, 39.3700787402000 );
#13252 = CARTESIAN_POINT( '', ( -0.0863730402786400, 0.320000000000000, -0.145000000000000 ) );
#13253 = VECTOR( '', #14787, 39.3700787402000 );
#13254 = CARTESIAN_POINT( '', ( -0.0949500000000000, 0.320000000000000, -0.114900000000000 ) );
#13255 = VECTOR( '', #14788, 39.3700787402000 );
#13256 = CARTESIAN_POINT( '', ( -0.0136269597213601, 0.320000000000000, -0.145000000000000 ) );
#13257 = VECTOR( '', #14789, 39.3700787402000 );
#13258 = CARTESIAN_POINT( '', ( -0.0949500000000000, 0.320000000000000, 0.115000000000000 ) );
#13259 = CARTESIAN_POINT( '', ( -0.0949500000000000, 0.320000000000000, 0.115000000000000 ) );
#13260 = VECTOR( '', #14790, 39.3700787402000 );
#13261 = CARTESIAN_POINT( '', ( -0.0949500000000000, 0.320000000000000, 0.00510000000000000 ) );
#13262 = VECTOR( '', #14791, 39.3700787402000 );
#13263 = CARTESIAN_POINT( '', ( 0.340000000000000, 0.320000000000000, -0.0750000000000000 ) );
#13264 = VECTOR( '', #14792, 39.3700787402000 );
#13265 = CARTESIAN_POINT( '', ( 0.330000000000000, 0.320000000000000, -0.145000000000000 ) );
#13266 = VECTOR( '', #14793, 39.3700787402000 );
#13267 = CARTESIAN_POINT( '', ( 0.307500000000000, 0.320000000000000, -0.125000000000000 ) );
#13268 = VECTOR( '', #14794, 39.3700787402000 );
#13269 = CARTESIAN_POINT( '', ( -0.0750000000000000, 0.320000000000000, -0.145000000000000 ) );
#13270 = VECTOR( '', #14795, 39.3700787402000 );
#13271 = CARTESIAN_POINT( '', ( -0.307500000000000, 0.320000000000000, 0.145000000000000 ) );
#13272 = CARTESIAN_POINT( '', ( 0.330000000000000, 0.320000000000000, 0.145000000000000 ) );
#13273 = VECTOR( '', #14796, 39.3700787402000 );
#13274 = CARTESIAN_POINT( '', ( -0.307500000000000, 0.320000000000000, 0.145000000000000 ) );
#13275 = VECTOR( '', #14797, 39.3700787402000 );
#13276 = CARTESIAN_POINT( '', ( -0.0500000000000000, 0.320000000000000, 0.130000000000000 ) );
#13277 = CARTESIAN_POINT( '', ( -0.0500000000000000, 0.320000000000000, 0.125000000000000 ) );
#13278 = VECTOR( '', #14798, 39.3700787402000 );
#13279 = CARTESIAN_POINT( '', ( 0.0500000000000000, 0.320000000000000, 0.130000000000000 ) );
#13280 = CARTESIAN_POINT( '', ( 0.0500000000000000, 0.320000000000000, 0.130000000000000 ) );
#13281 = VECTOR( '', #14799, 39.3700787402000 );
#13282 = CARTESIAN_POINT( '', ( 0.0500000000000000, 0.320000000000000, 0.125000000000000 ) );
#13283 = VECTOR( '', #14800, 39.3700787402000 );
#13284 = CARTESIAN_POINT( '', ( 0.307500000000000, 0.320000000000000, 0.125000000000000 ) );
#13285 = VECTOR( '', #14801, 39.3700787402000 );
#13286 = CARTESIAN_POINT( '', ( 0.325000000000000, 0.320000000000000, 0.0250000000000000 ) );
#13287 = VECTOR( '', #14802, 39.3700787402000 );
#13288 = COLOUR_RGB( '', 1.00000000000000, 1.00000000000000, 0.000000000000000 );
#13289 = CARTESIAN_POINT( '', ( 0.262500000000000, 0.0650000000000000, 0.0375000000000000 ) );
#13290 = CARTESIAN_POINT( '', ( 0.262500000000000, 0.0650000000000000, 0.0375000000000000 ) );
#13291 = VECTOR( '', #14803, 39.3700787402000 );
#13292 = CARTESIAN_POINT( '', ( 0.262500000000000, 0.0650000000000000, -0.0375000000000000 ) );
#13293 = CARTESIAN_POINT( '', ( 0.262500000000000, 0.0650000000000000, -0.0375000000000000 ) );
#13294 = VECTOR( '', #14804, 39.3700787402000 );
#13295 = CARTESIAN_POINT( '', ( 0.262500000000000, 0.0650000000000000, -0.0375000000000000 ) );
#13296 = VECTOR( '', #14805, 39.3700787402000 );
#13297 = COLOUR_RGB( '', 0.689999997600000, 0.689999997600000, 0.689999997600000 );
#13298 = CARTESIAN_POINT( '', ( 0.0949500000000000, 0.0900000000000000, 0.00510000000000000 ) );
#13299 = CARTESIAN_POINT( '', ( 0.0949500000000000, 0.0900000000000000, 0.00510000000000000 ) );
#13300 = VECTOR( '', #14806, 39.3700787402000 );
#13301 = CARTESIAN_POINT( '', ( 0.0949500000000000, 0.0900000000000000, 0.00510000000000000 ) );
#13302 = VECTOR( '', #14807, 39.3700787402000 );
#13303 = CARTESIAN_POINT( '', ( 0.0770000000000000, 0.305000000000000, 0.00510000000000000 ) );
#13304 = CARTESIAN_POINT( '', ( -0.0145797410195923, 0.158441778285709, 0.00510000000000000 ) );
#13305 = VECTOR( '', #14808, 39.3700787402000 );
#13306 = CARTESIAN_POINT( '', ( 0.0695230417214246, 0.0908879289489224, 0.00510000000000000 ) );
#13307 = VECTOR( '', #14809, 39.3700787402000 );
#13308 = COLOUR_RGB( '', 1.00000000000000, 1.00000000000000, 0.000000000000000 );
#13309 = CARTESIAN_POINT( '', ( 0.262500000000000, 0.298750000000000, -0.0375000000000000 ) );
#13310 = VECTOR( '', #14810, 39.3700787402000 );
#13311 = COLOUR_RGB( '', 1.00000000000000, 1.00000000000000, 0.000000000000000 );
#13312 = CARTESIAN_POINT( '', ( 0.262500000000000, -0.0662500000000000, -0.230000000000000 ) );
#13313 = VECTOR( '', #14811, 39.3700787402000 );
#13314 = COLOUR_RGB( '', 0.689999997600000, 0.689999997600000, 0.689999997600000 );
#13315 = CARTESIAN_POINT( '', ( -0.0500000000000000, 0.233000000000000, 0.135000000000000 ) );
#13316 = VECTOR( '', #14812, 39.3700787402000 );
#13317 = CARTESIAN_POINT( '', ( 0.0500000000000000, 0.233000000000000, 0.135000000000000 ) );
#13318 = VECTOR( '', #14813, 39.3700787402000 );
#13319 = COLOUR_RGB( '', 0.689999997600000, 0.689999997600000, 0.689999997600000 );
#13320 = CARTESIAN_POINT( '', ( -0.0949500000000000, 0.0900000000000000, -0.114900000000000 ) );
#13321 = VECTOR( '', #14814, 39.3700787402000 );
#13322 = COLOUR_RGB( '', 1.00000000000000, 1.00000000000000, 0.000000000000000 );
#13323 = CARTESIAN_POINT( '', ( 0.262500000000000, -0.166250000000000, -0.230000000000000 ) );
#13324 = CARTESIAN_POINT( '', ( 0.262500000000000, -0.166250000000000, -0.230000000000000 ) );
#13325 = VECTOR( '', #14815, 39.3700787402000 );
#13326 = CARTESIAN_POINT( '', ( 0.262500000000000, -0.172500000000000, -0.223750000000000 ) );
#13327 = VECTOR( '', #14816, 39.3700787402000 );
#13328 = COLOUR_RGB( '', 1.00000000000000, 1.00000000000000, 0.000000000000000 );
#13329 = CARTESIAN_POINT( '', ( 0.137500000000000, -0.172500000000000, 0.0125000000000000 ) );
#13330 = VECTOR( '', #14817, 39.3700787402000 );
#13331 = COLOUR_RGB( '', 1.00000000000000, 1.00000000000000, 0.000000000000000 );
#13332 = CARTESIAN_POINT( '', ( -0.0375000000000000, -0.0662499999999999, -0.230000000000000 ) );
#13333 = CARTESIAN_POINT( '', ( -0.0375000000000000, 0.0400000000000000, -0.230000000000000 ) );
#13334 = VECTOR( '', #14818, 39.3700787402000 );
#13335 = CARTESIAN_POINT( '', ( 0.262500000000000, -0.0662500000000000, -0.230000000000000 ) );
#13336 = VECTOR( '', #14819, 39.3700787402000 );
#13337 = COLOUR_RGB( '', 1.00000000000000, 1.00000000000000, 0.000000000000000 );
#13338 = CARTESIAN_POINT( '', ( 0.0374999999999999, 0.298750000000000, -0.0375000000000000 ) );
#13339 = CARTESIAN_POINT( '', ( 0.0374999999999999, 0.305000000000000, -0.0437500000000000 ) );
#13340 = CARTESIAN_POINT( '', ( 0.0374999999999999, 0.305000000000000, -0.0437500000000000 ) );
#13341 = VECTOR( '', #14820, 39.3700787402000 );
#13342 = CARTESIAN_POINT( '', ( 0.262500000000000, 0.298750000000000, -0.0375000000000000 ) );
#13343 = VECTOR( '', #14821, 39.3700787402000 );
#13344 = CARTESIAN_POINT( '', ( 0.262500000000000, 0.305000000000000, -0.0437500000000000 ) );
#13345 = VECTOR( '', #14822, 39.3700787402000 );
#13346 = COLOUR_RGB( '', 1.00000000000000, 1.00000000000000, 0.000000000000000 );
#13347 = CARTESIAN_POINT( '', ( -0.0625000000000000, -0.147500000000000, 0.0125000000000000 ) );
#13348 = CARTESIAN_POINT( '', ( 0.262500000000000, -0.147500000000000, 0.0125000000000000 ) );
#13349 = VECTOR( '', #14823, 39.3700787402000 );
#13350 = AXIS2_PLACEMENT_3D( '', #14824, #14825, #14826 );
#13351 = COLOUR_RGB( '', 1.00000000000000, 1.00000000000000, 0.000000000000000 );
#13352 = CARTESIAN_POINT( '', ( 0.262500000000000, -0.153750000000000, -0.230000000000000 ) );
#13353 = CARTESIAN_POINT( '', ( 0.262500000000000, -0.153750000000000, -0.230000000000000 ) );
#13354 = VECTOR( '', #14827, 39.3700787402000 );
#13355 = CARTESIAN_POINT( '', ( 0.262500000000000, -0.153750000000000, -0.230000000000000 ) );
#13356 = VECTOR( '', #14828, 39.3700787402000 );
#13357 = COLOUR_RGB( '', 1.00000000000000, 1.00000000000000, 0.000000000000000 );
#13358 = CARTESIAN_POINT( '', ( 0.0375000000000000, -0.0225000000000000, -0.0625000000000000 ) );
#13359 = CARTESIAN_POINT( '', ( 0.0375000000000000, -0.0225000000000000, -0.0625000000000000 ) );
#13360 = VECTOR( '', #14829, 39.3700787402000 );
#13361 = CARTESIAN_POINT( '', ( 0.0375000000000000, -0.0475000000000000, -0.0875000000000000 ) );
#13362 = AXIS2_PLACEMENT_3D( '', #14830, #14831, #14832 );
#13363 = CARTESIAN_POINT( '', ( 0.0375000000000000, -0.0475000000000000, -0.223750000000000 ) );
#13364 = CARTESIAN_POINT( '', ( 0.0375000000000000, -0.0475000000000000, -0.223750000000000 ) );
#13365 = VECTOR( '', #14833, 39.3700787402000 );
#13366 = CARTESIAN_POINT( '', ( 0.0375000000000000, -0.0537500000000000, -0.230000000000000 ) );
#13367 = VECTOR( '', #14834, 39.3700787402000 );
#13368 = CARTESIAN_POINT( '', ( 0.0375000000000000, -0.0725000000000000, -0.0875000000000000 ) );
#13369 = CARTESIAN_POINT( '', ( 0.0375000000000000, -0.0725000000000000, -0.0875000000000000 ) );
#13370 = VECTOR( '', #14835, 39.3700787402000 );
#13371 = AXIS2_PLACEMENT_3D( '', #14836, #14837, #14838 );
#13372 = COLOUR_RGB( '', 1.00000000000000, 1.00000000000000, 0.000000000000000 );
#13373 = AXIS2_PLACEMENT_3D( '', #14839, #14840, #14841 );
#13374 = AXIS2_PLACEMENT_3D( '', #14842, #14843, #14844 );
#13375 = COLOUR_RGB( '', 0.689999997600000, 0.689999997600000, 0.689999997600000 );
#13376 = COLOUR_RGB( '', 1.00000000000000, 1.00000000000000, 0.000000000000000 );
#13377 = CARTESIAN_POINT( '', ( 0.0374999999999999, 0.305000000000000, 0.0437500000000000 ) );
#13378 = VECTOR( '', #14845, 39.3700787402000 );
#13379 = CARTESIAN_POINT( '', ( 0.0374999999999999, 0.0650000000000000, -0.0375000000000000 ) );
#13380 = CARTESIAN_POINT( '', ( 0.0374999999999999, 0.0650000000000000, -0.0375000000000000 ) );
#13381 = VECTOR( '', #14846, 39.3700787402000 );
#13382 = CARTESIAN_POINT( '', ( 0.0374999999999999, 0.298750000000000, -0.0375000000000000 ) );
#13383 = VECTOR( '', #14847, 39.3700787402000 );
#13384 = CARTESIAN_POINT( '', ( 0.0374999999999999, 0.305000000000000, -0.0562500000000000 ) );
#13385 = CARTESIAN_POINT( '', ( 0.0374999999999999, 0.305000000000000, -0.0562500000000000 ) );
#13386 = VECTOR( '', #14848, 39.3700787402000 );
#13387 = CARTESIAN_POINT( '', ( 0.0374999999999999, 0.298750000000000, -0.0625000000000000 ) );
#13388 = CARTESIAN_POINT( '', ( 0.0374999999999999, 0.298750000000000, -0.0625000000000000 ) );
#13389 = VECTOR( '', #14849, 39.3700787402000 );
#13390 = CARTESIAN_POINT( '', ( 0.0375000000000000, 0.0600000000000000, -0.0625000000000000 ) );
#13391 = CARTESIAN_POINT( '', ( 0.0374999999999999, -0.0225000000000000, -0.0625000000000000 ) );
#13392 = VECTOR( '', #14850, 39.3700787402000 );
#13393 = CARTESIAN_POINT( '', ( 0.0375000000000000, 0.0600000000000000, 0.145000000000000 ) );
#13394 = VECTOR( '', #14851, 39.3700787402000 );
#13395 = COLOUR_RGB( '', 0.689999997600000, 0.689999997600000, 0.689999997600000 );
#13396 = CARTESIAN_POINT( '', ( -0.205050000000000, 0.0900000000000000, -0.114900000000000 ) );
#13397 = CARTESIAN_POINT( '', ( -0.205050000000000, 0.0900000000000000, -0.00500000000000000 ) );
#13398 = VECTOR( '', #14852, 39.3700787402000 );
#13399 = CARTESIAN_POINT( '', ( -0.205050000000000, 0.0900000000000000, -0.114900000000000 ) );
#13400 = VECTOR( '', #14853, 39.3700787402000 );
#13401 = COLOUR_RGB( '', 1.00000000000000, 1.00000000000000, 0.000000000000000 );
#13402 = CARTESIAN_POINT( '', ( 0.262500000000000, 0.0600000000000000, -0.0625000000000000 ) );
#13403 = VECTOR( '', #14854, 39.3700787402000 );
#13404 = COLOUR_RGB( '', 0.689999997600000, 0.689999997600000, 0.689999997600000 );
#13405 = COLOUR_RGB( '', 0.689999997600000, 0.689999997600000, 0.689999997600000 );
#13406 = CARTESIAN_POINT( '', ( 0.105050000000000, 0.0900000000000000, 0.00510000000000000 ) );
#13407 = VECTOR( '', #14855, 39.3700787402000 );
#13408 = COLOUR_RGB( '', 0.689999997600000, 0.689999997600000, 0.689999997600000 );
#13409 = CARTESIAN_POINT( '', ( -0.105050000000000, 0.0900000000000000, 0.115000000000000 ) );
#13410 = VECTOR( '', #14856, 39.3700787402000 );
#13411 = COLOUR_RGB( '', 0.689999997600000, 0.689999997600000, 0.689999997600000 );
#13412 = CARTESIAN_POINT( '', ( 0.217500000000000, 0.000000000000000, 0.115000000000000 ) );
#13413 = VECTOR( '', #14857, 39.3700787402000 );
#13414 = COLOUR_RGB( '', 0.689999997600000, 0.689999997600000, 0.689999997600000 );
#13415 = COLOUR_RGB( '', 0.689999997600000, 0.689999997600000, 0.689999997600000 );
#13416 = CARTESIAN_POINT( '', ( -0.126666680796634, 0.200000000000000, 0.0500000000000000 ) );
#13417 = VECTOR( '', #14858, 39.3700787402000 );
#13418 = COLOUR_RGB( '', 0.689999997600000, 0.689999997600000, 0.689999997600000 );
#13419 = CARTESIAN_POINT( '', ( -0.182500000000000, 0.000000000000000, 0.145000000000000 ) );
#13420 = VECTOR( '', #14859, 39.3700787402000 );
#13421 = COLOUR_RGB( '', 0.689999997600000, 0.689999997600000, 0.689999997600000 );
#13422 = CARTESIAN_POINT( '', ( 0.182500000000000, 0.000000000000000, -0.125000000000000 ) );
#13423 = CARTESIAN_POINT( '', ( 0.182500000000000, 0.000000000000000, 0.145000000000000 ) );
#13424 = VECTOR( '', #14860, 39.3700787402000 );
#13425 = CARTESIAN_POINT( '', ( 0.217500000000000, 0.000000000000000, -0.125000000000000 ) );
#13426 = CARTESIAN_POINT( '', ( 0.307500000000000, 0.000000000000000, -0.125000000000000 ) );
#13427 = VECTOR( '', #14861, 39.3700787402000 );
#13428 = CARTESIAN_POINT( '', ( 0.217500000000000, 0.000000000000000, -0.115000000000000 ) );
#13429 = VECTOR( '', #14862, 39.3700787402000 );
#13430 = COLOUR_RGB( '', 1.00000000000000, 1.00000000000000, 0.000000000000000 );
#13431 = AXIS2_PLACEMENT_3D( '', #14863, #14864, #14865 );
#13432 = COLOUR_RGB( '', 1.00000000000000, 1.00000000000000, 0.000000000000000 );
#13433 = CARTESIAN_POINT( '', ( -0.0625000000000000, -0.147500000000000, -0.223750000000000 ) );
#13434 = CARTESIAN_POINT( '', ( 0.262500000000000, -0.147500000000000, -0.223750000000000 ) );
#13435 = VECTOR( '', #14866, 39.3700787402000 );
#13436 = CARTESIAN_POINT( '', ( -0.0625000000000000, -0.147500000000000, -0.223750000000000 ) );
#13437 = VECTOR( '', #14867, 39.3700787402000 );
#13438 = COLOUR_RGB( '', 0.689999997600000, 0.689999997600000, 0.689999997600000 );
#13439 = COLOUR_RGB( '', 1.00000000000000, 1.00000000000000, 0.000000000000000 );
#13440 = CARTESIAN_POINT( '', ( -0.137500000000000, 0.298750000000000, 0.0375000000000000 ) );
#13441 = VECTOR( '', #14868, 39.3700787402000 );
#13442 = COLOUR_RGB( '', 1.00000000000000, 1.00000000000000, 0.000000000000000 );
#13443 = CARTESIAN_POINT( '', ( 0.262500000000000, 0.298750000000000, 0.0375000000000000 ) );
#13444 = CARTESIAN_POINT( '', ( 0.262500000000000, 0.298750000000000, 0.0375000000000000 ) );
#13445 = VECTOR( '', #14869, 39.3700787402000 );
#13446 = CARTESIAN_POINT( '', ( 0.262500000000000, 0.0650000000000000, 0.0375000000000000 ) );
#13447 = VECTOR( '', #14870, 39.3700787402000 );
#13448 = COLOUR_RGB( '', 1.00000000000000, 1.00000000000000, 0.000000000000000 );
#13449 = CARTESIAN_POINT( '', ( 0.262500000000000, 0.298750000000000, -0.0375000000000000 ) );
#13450 = VECTOR( '', #14871, 39.3700787402000 );
#13451 = COLOUR_RGB( '', 0.689999997600000, 0.689999997600000, 0.689999997600000 );
#13452 = CARTESIAN_POINT( '', ( 0.182500000000000, 0.000000000000000, -0.125000000000000 ) );
#13453 = VECTOR( '', #14872, 39.3700787402000 );
#13454 = COLOUR_RGB( '', 1.00000000000000, 1.00000000000000, 0.000000000000000 );
#13455 = CARTESIAN_POINT( '', ( 0.137500000000000, 0.305000000000000, -0.0437500000000000 ) );
#13456 = VECTOR( '', #14873, 39.3700787402000 );
#13457 = COLOUR_RGB( '', 1.00000000000000, 1.00000000000000, 0.000000000000000 );
#13458 = CARTESIAN_POINT( '', ( -0.0375000000000000, 0.0600000000000000, -0.0625000000000000 ) );
#13459 = CARTESIAN_POINT( '', ( -0.0375000000000000, 0.0600000000000000, 0.145000000000000 ) );
#13460 = VECTOR( '', #14874, 39.3700787402000 );
#13461 = CARTESIAN_POINT( '', ( -0.0374999999999999, -0.0225000000000000, -0.0625000000000000 ) );
#13462 = VECTOR( '', #14875, 39.3700787402000 );
#13463 = CARTESIAN_POINT( '', ( -0.0374999999999999, 0.305000000000000, -0.0437500000000000 ) );
#13464 = CARTESIAN_POINT( '', ( -0.0374999999999999, 0.305000000000000, -0.0562500000000000 ) );
#13465 = VECTOR( '', #14876, 39.3700787402000 );
#13466 = CARTESIAN_POINT( '', ( -0.0374999999999999, 0.305000000000000, -0.0437500000000000 ) );
#13467 = VECTOR( '', #14877, 39.3700787402000 );
#13468 = CARTESIAN_POINT( '', ( -0.0374999999999999, 0.0650000000000000, 0.0375000000000000 ) );
#13469 = VECTOR( '', #14878, 39.3700787402000 );
#13470 = CARTESIAN_POINT( '', ( -0.0374999999999999, 0.305000000000000, 0.0437500000000000 ) );
#13471 = VECTOR( '', #14879, 39.3700787402000 );
#13472 = COLOUR_RGB( '', 1.00000000000000, 1.00000000000000, 0.000000000000000 );
#13473 = CARTESIAN_POINT( '', ( 0.262500000000000, -0.0725000000000000, -0.0875000000000000 ) );
#13474 = VECTOR( '', #14880, 39.3700787402000 );
#13475 = COLOUR_RGB( '', 1.00000000000000, 1.00000000000000, 0.000000000000000 );
#13476 = CARTESIAN_POINT( '', ( -0.0375000000000000, -0.0225000000000000, -0.0625000000000000 ) );
#13477 = CARTESIAN_POINT( '', ( 0.262500000000000, -0.0225000000000000, -0.0625000000000000 ) );
#13478 = VECTOR( '', #14881, 39.3700787402000 );
#13479 = AXIS2_PLACEMENT_3D( '', #14882, #14883, #14884 );
#13480 = COLOUR_RGB( '', 0.689999997600000, 0.689999997600000, 0.689999997600000 );
#13481 = CARTESIAN_POINT( '', ( 0.0500000000000000, 0.320000000000000, 0.130000000000000 ) );
#13482 = VECTOR( '', #14885, 39.3700787402000 );
#13483 = COLOUR_RGB( '', 0.689999997600000, 0.689999997600000, 0.689999997600000 );
#13484 = CARTESIAN_POINT( '', ( -0.307500000000000, 0.000000000000000, 0.145000000000000 ) );
#13485 = CARTESIAN_POINT( '', ( -0.307500000000000, 0.0200000000000000, 0.145000000000000 ) );
#13486 = VECTOR( '', #14886, 39.3700787402000 );
#13487 = CARTESIAN_POINT( '', ( 0.330000000000000, 0.000000000000000, 0.145000000000000 ) );
#13488 = VECTOR( '', #14887, 39.3700787402000 );
#13489 = COLOUR_RGB( '', 1.00000000000000, 1.00000000000000, 0.000000000000000 );
#13490 = CARTESIAN_POINT( '', ( 0.262500000000000, -0.122500000000000, 0.0375000000000000 ) );
#13491 = VECTOR( '', #14888, 39.3700787402000 );
#13492 = COLOUR_RGB( '', 1.00000000000000, 1.00000000000000, 0.000000000000000 );
#13493 = COLOUR_RGB( '', 0.689999997600000, 0.689999997600000, 0.689999997600000 );
#13494 = CARTESIAN_POINT( '', ( -0.205050000000000, 0.0900000000000000, -0.00500000000000000 ) );
#13495 = CARTESIAN_POINT( '', ( -0.205050000000000, 0.0900000000000000, -0.0200000000000000 ) );
#13496 = CARTESIAN_POINT( '', ( -0.205050000000000, 0.0900000000000000, -0.00500000000000000 ) );
#13497 = VECTOR( '', #14889, 39.3700787402000 );
#13498 = CARTESIAN_POINT( '', ( -0.220000000000000, 0.0900000000000000, -0.0200000000000000 ) );
#13499 = VECTOR( '', #14890, 39.3700787402000 );
#13500 = CARTESIAN_POINT( '', ( -0.194950000000000, 0.0900000000000000, -0.114900000000000 ) );
#13501 = VECTOR( '', #14891, 39.3700787402000 );
#13502 = CARTESIAN_POINT( '', ( -0.294950000000000, 0.0900000000000000, -0.114900000000000 ) );
#13503 = CARTESIAN_POINT( '', ( -0.205050000000000, 0.0900000000000000, -0.114900000000000 ) );
#13504 = VECTOR( '', #14892, 39.3700787402000 );
#13505 = CARTESIAN_POINT( '', ( -0.294950000000000, 0.0900000000000000, -0.00500000000000000 ) );
#13506 = CARTESIAN_POINT( '', ( -0.294950000000000, 0.0900000000000000, -0.114900000000000 ) );
#13507 = VECTOR( '', #14893, 39.3700787402000 );
#13508 = CARTESIAN_POINT( '', ( -0.294950000000000, 0.0900000000000000, -0.00500000000000000 ) );
#13509 = VECTOR( '', #14894, 39.3700787402000 );
#13510 = COLOUR_RGB( '', 0.689999997600000, 0.689999997600000, 0.689999997600000 );
#13511 = CARTESIAN_POINT( '', ( 0.205050000000000, 0.0900000000000000, -0.00500000000000000 ) );
#13512 = CARTESIAN_POINT( '', ( 0.205050000000000, 0.0900000000000000, -0.114900000000000 ) );
#13513 = VECTOR( '', #14895, 39.3700787402000 );
#13514 = CARTESIAN_POINT( '', ( 0.205050000000000, 0.0900000000000000, -0.00500000000000000 ) );
#13515 = VECTOR( '', #14896, 39.3700787402000 );
#13516 = COLOUR_RGB( '', 0.689999997600000, 0.689999997600000, 0.689999997600000 );
#13517 = CARTESIAN_POINT( '', ( -0.223000000000000, 0.305000000000000, -0.00500000000000000 ) );
#13518 = CARTESIAN_POINT( '', ( -0.339824957971423, 0.118040985904561, -0.00500000000000000 ) );
#13519 = VECTOR( '', #14897, 39.3700787402000 );
#13520 = CARTESIAN_POINT( '', ( -0.223000000000000, 0.305000000000000, 0.0500000000000000 ) );
#13521 = VECTOR( '', #14898, 39.3700787402000 );
#13522 = COLOUR_RGB( '', 1.00000000000000, 1.00000000000000, 0.000000000000000 );
#13523 = CARTESIAN_POINT( '', ( 0.262500000000000, 0.305000000000000, -0.0562500000000000 ) );
#13524 = VECTOR( '', #14899, 39.3700787402000 );
#13525 = COLOUR_RGB( '', 1.00000000000000, 1.00000000000000, 0.000000000000000 );
#13526 = CARTESIAN_POINT( '', ( -0.137500000000000, -0.172500000000000, 0.0125000000000000 ) );
#13527 = VECTOR( '', #14900, 39.3700787402000 );
#13528 = CARTESIAN_POINT( '', ( -0.162500000000000, -0.172500000000000, 0.0125000000000000 ) );
#13529 = VECTOR( '', #14901, 39.3700787402000 );
#13530 = COLOUR_RGB( '', 0.689999997600000, 0.689999997600000, 0.689999997600000 );
#13531 = COLOUR_RGB( '', 1.00000000000000, 1.00000000000000, 0.000000000000000 );
#13532 = CARTESIAN_POINT( '', ( -0.137500000000000, 0.305000000000000, -0.0562500000000000 ) );
#13533 = VECTOR( '', #14902, 39.3700787402000 );
#13534 = COLOUR_RGB( '', 0.689999997600000, 0.689999997600000, 0.689999997600000 );
#13535 = CARTESIAN_POINT( '', ( -0.0949500000000000, 0.0900000000000000, 0.115000000000000 ) );
#13536 = VECTOR( '', #14903, 39.3700787402000 );
#13537 = COLOUR_RGB( '', 0.689999997600000, 0.689999997600000, 0.689999997600000 );
#13538 = COLOUR_RGB( '', 0.689999997600000, 0.689999997600000, 0.689999997600000 );
#13539 = CARTESIAN_POINT( '', ( 0.0770000000000000, 0.305000000000000, -0.00500000000000000 ) );
#13540 = CARTESIAN_POINT( '', ( 0.0694135457806037, 0.0877523754541240, -0.00500000000000000 ) );
#13541 = VECTOR( '', #14904, 39.3700787402000 );
#13542 = CARTESIAN_POINT( '', ( -0.0398249579714232, 0.118040985904561, -0.00500000000000000 ) );
#13543 = VECTOR( '', #14905, 39.3700787402000 );
#13544 = CARTESIAN_POINT( '', ( 0.0949500000000000, 0.0900000000000000, -0.00500000000000000 ) );
#13545 = CARTESIAN_POINT( '', ( 0.0949500000000000, 0.0900000000000000, -0.00500000000000000 ) );
#13546 = VECTOR( '', #14906, 39.3700787402000 );
#13547 = CARTESIAN_POINT( '', ( 0.00505000000000006, 0.0900000000000000, -0.00500000000000000 ) );
#13548 = CARTESIAN_POINT( '', ( 0.00505000000000006, 0.0900000000000000, -0.00500000000000000 ) );
#13549 = VECTOR( '', #14907, 39.3700787402000 );
#13550 = CARTESIAN_POINT( '', ( 0.00505000000000006, 0.0900000000000000, -0.00500000000000000 ) );
#13551 = VECTOR( '', #14908, 39.3700787402000 );
#13552 = COLOUR_RGB( '', 0.689999997600000, 0.689999997600000, 0.689999997600000 );
#13553 = CARTESIAN_POINT( '', ( 0.194950000000000, 0.0900000000000000, -0.00500000000000000 ) );
#13554 = VECTOR( '', #14909, 39.3700787402000 );
#13555 = CARTESIAN_POINT( '', ( 0.205050000000000, 0.0900000000000000, -0.00500000000000000 ) );
#13556 = VECTOR( '', #14910, 39.3700787402000 );
#13557 = CARTESIAN_POINT( '', ( 0.294950000000000, 0.0900000000000000, -0.114900000000000 ) );
#13558 = VECTOR( '', #14911, 39.3700787402000 );
#13559 = CARTESIAN_POINT( '', ( 0.194950000000000, 0.0900000000000000, -0.0600000000000000 ) );
#13560 = CARTESIAN_POINT( '', ( 0.220000000000000, 0.0900000000000000, -0.0600000000000000 ) );
#13561 = VECTOR( '', #14912, 39.3700787402000 );
#13562 = CARTESIAN_POINT( '', ( 0.194950000000000, 0.0900000000000000, -0.00500000000000000 ) );
#13563 = VECTOR( '', #14913, 39.3700787402000 );
#13564 = COLOUR_RGB( '', 1.00000000000000, 1.00000000000000, 0.000000000000000 );
#13565 = CARTESIAN_POINT( '', ( 0.137500000000000, -0.147500000000000, -0.223750000000000 ) );
#13566 = VECTOR( '', #14914, 39.3700787402000 );
#13567 = COLOUR_RGB( '', 0.689999997600000, 0.689999997600000, 0.689999997600000 );
#13568 = CARTESIAN_POINT( '', ( 0.194950000000000, 0.0900000000000000, 0.00510000000000000 ) );
#13569 = VECTOR( '', #14915, 39.3700787402000 );
#13570 = COLOUR_RGB( '', 0.689999997600000, 0.689999997600000, 0.689999997600000 );
#13571 = CARTESIAN_POINT( '', ( 0.239824957971423, 0.118040985904562, 0.00510000000000000 ) );
#13572 = VECTOR( '', #14916, 39.3700787402000 );
#13573 = CARTESIAN_POINT( '', ( 0.194950000000000, 0.200000000000000, 0.00510000000000000 ) );
#13574 = VECTOR( '', #14917, 39.3700787402000 );
#13575 = COLOUR_RGB( '', 1.00000000000000, 1.00000000000000, 0.000000000000000 );
#13576 = CARTESIAN_POINT( '', ( -0.0625000000000000, -0.172500000000000, 0.0125000000000000 ) );
#13577 = VECTOR( '', #14918, 39.3700787402000 );
#13578 = COLOUR_RGB( '', 1.00000000000000, 1.00000000000000, 0.000000000000000 );
#13579 = COLOUR_RGB( '', 0.689999997600000, 0.689999997600000, 0.689999997600000 );
#13580 = CARTESIAN_POINT( '', ( 0.00505000000000006, 0.0900000000000000, -0.114900000000000 ) );
#13581 = VECTOR( '', #14919, 39.3700787402000 );
#13582 = CARTESIAN_POINT( '', ( 0.0949500000000000, 0.0900000000000000, -0.00500000000000000 ) );
#13583 = VECTOR( '', #14920, 39.3700787402000 );
#13584 = COLOUR_RGB( '', 1.00000000000000, 1.00000000000000, 0.000000000000000 );
#13585 = COLOUR_RGB( '', 0.689999997600000, 0.689999997600000, 0.689999997600000 );
#13586 = COLOUR_RGB( '', 1.00000000000000, 1.00000000000000, 0.000000000000000 );
#13587 = CARTESIAN_POINT( '', ( -0.0625000000000000, -0.153750000000000, -0.230000000000000 ) );
#13588 = VECTOR( '', #14921, 39.3700787402000 );
#13589 = COLOUR_RGB( '', 1.00000000000000, 1.00000000000000, 0.000000000000000 );
#13590 = COLOUR_RGB( '', 0.689999997600000, 0.689999997600000, 0.689999997600000 );
#13591 = CARTESIAN_POINT( '', ( -0.0825000000000000, 0.000000000000000, -0.115000000000000 ) );
#13592 = CARTESIAN_POINT( '', ( -0.0825000000000000, 0.0200000000000000, -0.115000000000000 ) );
#13593 = VECTOR( '', #14922, 39.3700787402000 );
#13594 = CARTESIAN_POINT( '', ( -0.0825000000000000, 0.000000000000000, 0.145000000000000 ) );
#13595 = VECTOR( '', #14923, 39.3700787402000 );
#13596 = COLOUR_RGB( '', 1.00000000000000, 1.00000000000000, 0.000000000000000 );
#13597 = CARTESIAN_POINT( '', ( -0.0375000000000000, 0.0400000000000000, -0.0375000000000000 ) );
#13598 = VECTOR( '', #14924, 39.3700787402000 );
#13599 = COLOUR_RGB( '', 1.00000000000000, 1.00000000000000, 0.000000000000000 );
#13600 = CARTESIAN_POINT( '', ( 0.262500000000000, -0.0475000000000000, -0.223750000000000 ) );
#13601 = VECTOR( '', #14925, 39.3700787402000 );
#13602 = COLOUR_RGB( '', 1.00000000000000, 1.00000000000000, 0.000000000000000 );
#13603 = COLOUR_RGB( '', 1.00000000000000, 1.00000000000000, 0.000000000000000 );
#13604 = CARTESIAN_POINT( '', ( 0.237500000000000, -0.0725000000000000, -0.0875000000000000 ) );
#13605 = VECTOR( '', #14926, 39.3700787402000 );
#13606 = CARTESIAN_POINT( '', ( 0.262500000000000, -0.0725000000000000, -0.0875000000000000 ) );
#13607 = VECTOR( '', #14927, 39.3700787402000 );
#13608 = COLOUR_RGB( '', 0.689999997600000, 0.689999997600000, 0.689999997600000 );
#13609 = CARTESIAN_POINT( '', ( -0.294950000000000, 0.0900000000000000, -0.00500000000000000 ) );
#13610 = VECTOR( '', #14928, 39.3700787402000 );
#13611 = CARTESIAN_POINT( '', ( -0.294950000000000, 0.0900000000000000, -0.114900000000000 ) );
#13612 = VECTOR( '', #14929, 39.3700787402000 );
#13613 = COLOUR_RGB( '', 1.00000000000000, 1.00000000000000, 0.000000000000000 );
#13614 = COLOUR_RGB( '', 1.00000000000000, 1.00000000000000, 0.000000000000000 );
#13615 = CARTESIAN_POINT( '', ( 0.262500000000000, -0.0475000000000000, -0.0875000000000000 ) );
#13616 = VECTOR( '', #14930, 39.3700787402000 );
#13617 = COLOUR_RGB( '', 1.00000000000000, 1.00000000000000, 0.000000000000000 );
#13618 = CARTESIAN_POINT( '', ( 0.262500000000000, -0.0225000000000000, -0.0625000000000000 ) );
#13619 = VECTOR( '', #14931, 39.3700787402000 );
#13620 = COLOUR_RGB( '', 0.689999997600000, 0.689999997600000, 0.689999997600000 );
#13621 = CARTESIAN_POINT( '', ( 0.194950000000000, 0.0900000000000000, -0.0600000000000000 ) );
#13622 = VECTOR( '', #14932, 39.3700787402000 );
#13623 = COLOUR_RGB( '', 1.00000000000000, 1.00000000000000, 0.000000000000000 );
#13624 = COLOUR_RGB( '', 0.689999997600000, 0.689999997600000, 0.689999997600000 );
#13625 = COLOUR_RGB( '', 0.689999997600000, 0.689999997600000, 0.689999997600000 );
#13626 = CARTESIAN_POINT( '', ( 0.330000000000000, 0.000000000000000, -0.115000000000000 ) );
#13627 = VECTOR( '', #14933, 39.3700787402000 );
#13628 = COLOUR_RGB( '', 1.00000000000000, 1.00000000000000, 0.000000000000000 );
#13629 = CARTESIAN_POINT( '', ( 0.262500000000000, -0.147500000000000, -0.223750000000000 ) );
#13630 = VECTOR( '', #14934, 39.3700787402000 );
#13631 = COLOUR_RGB( '', 1.00000000000000, 1.00000000000000, 0.000000000000000 );
#13632 = CARTESIAN_POINT( '', ( 0.262500000000000, -0.166250000000000, -0.230000000000000 ) );
#13633 = VECTOR( '', #14935, 39.3700787402000 );
#13634 = COLOUR_RGB( '', 0.689999997600000, 0.689999997600000, 0.689999997600000 );
#13635 = COLOUR_RGB( '', 0.689999997600000, 0.689999997600000, 0.689999997600000 );
#13636 = COLOUR_RGB( '', 0.689999997600000, 0.689999997600000, 0.689999997600000 );
#13637 = CARTESIAN_POINT( '', ( 0.0770000000000000, 0.305000000000000, 0.0500000000000000 ) );
#13638 = VECTOR( '', #14936, 39.3700787402000 );
#13639 = COLOUR_RGB( '', 0.689999997600000, 0.689999997600000, 0.689999997600000 );
#13640 = COLOUR_RGB( '', 0.689999997600000, 0.689999997600000, 0.689999997600000 );
#13641 = COLOUR_RGB( '', 1.00000000000000, 1.00000000000000, 0.000000000000000 );
#13642 = COLOUR_RGB( '', 0.689999997600000, 0.689999997600000, 0.689999997600000 );
#13643 = CARTESIAN_POINT( '', ( 0.217500000000000, 0.0200000000000000, -0.125000000000000 ) );
#13644 = VECTOR( '', #14937, 39.3700787402000 );
#13645 = COLOUR_RGB( '', 0.689999997600000, 0.689999997600000, 0.689999997600000 );
#13646 = COLOUR_RGB( '', 1.00000000000000, 1.00000000000000, 0.000000000000000 );
#13647 = COLOUR_RGB( '', 1.00000000000000, 1.00000000000000, 0.000000000000000 );
#13648 = CARTESIAN_POINT( '', ( 0.262500000000000, 0.305000000000000, -0.0437500000000000 ) );
#13649 = VECTOR( '', #14938, 39.3700787402000 );
#13650 = COLOUR_RGB( '', 0.689999997600000, 0.689999997600000, 0.689999997600000 );
#13651 = COLOUR_RGB( '', 0.689999997600000, 0.689999997600000, 0.689999997600000 );
#13652 = COLOUR_RGB( '', 0.689999997600000, 0.689999997600000, 0.689999997600000 );
#13653 = COLOUR_RGB( '', 0.689999997600000, 0.689999997600000, 0.689999997600000 );
#13654 = COLOUR_RGB( '', 0.689999997600000, 0.689999997600000, 0.689999997600000 );
#13655 = CARTESIAN_POINT( '', ( -0.0770000000000000, 0.305000000000000, 0.0500000000000000 ) );
#13656 = VECTOR( '', #14939, 39.3700787402000 );
#13657 = COLOUR_RGB( '', 0.689999997600000, 0.689999997600000, 0.689999997600000 );
#13658 = COLOUR_RGB( '', 1.00000000000000, 1.00000000000000, 0.000000000000000 );
#13659 = CARTESIAN_POINT( '', ( 0.262500000000000, 0.298750000000000, -0.0625000000000000 ) );
#13660 = VECTOR( '', #14940, 39.3700787402000 );
#13661 = COLOUR_RGB( '', 0.689999997600000, 0.689999997600000, 0.689999997600000 );
#13662 = CARTESIAN_POINT( '', ( -0.205050000000000, 0.0900000000000000, -0.0200000000000000 ) );
#13663 = VECTOR( '', #14941, 39.3700787402000 );
#13664 = COLOUR_RGB( '', 0.689999997600000, 0.689999997600000, 0.689999997600000 );
#13665 = COLOUR_RGB( '', 0.689999997600000, 0.689999997600000, 0.689999997600000 );
#13666 = CARTESIAN_POINT( '', ( -0.0500000000000000, 0.320000000000000, 0.130000000000000 ) );
#13667 = VECTOR( '', #14942, 39.3700787402000 );
#13668 = COLOUR_RGB( '', 1.00000000000000, 1.00000000000000, 0.000000000000000 );
#13669 = COLOUR_RGB( '', 0.689999997600000, 0.689999997600000, 0.689999997600000 );
#13670 = CARTESIAN_POINT( '', ( -0.173333319203366, 0.200000000000000, 0.0500000000000000 ) );
#13671 = VECTOR( '', #14943, 39.3700787402000 );
#13672 = COLOUR_RGB( '', 1.00000000000000, 1.00000000000000, 0.000000000000000 );
#13673 = COLOUR_RGB( '', 1.00000000000000, 1.00000000000000, 0.000000000000000 );
#13674 = COLOUR_RGB( '', 1.00000000000000, 1.00000000000000, 0.000000000000000 );
#13675 = COLOUR_RGB( '', 1.00000000000000, 1.00000000000000, 0.000000000000000 );
#13676 = COLOUR_RGB( '', 1.00000000000000, 1.00000000000000, 0.000000000000000 );
#13677 = CARTESIAN_POINT( '', ( 0.137500000000000, 0.0650000000000000, 0.0375000000000000 ) );
#13678 = CARTESIAN_POINT( '', ( 0.137500000000000, 0.0650000000000000, -0.0375000000000000 ) );
#13679 = VECTOR( '', #14944, 39.3700787402000 );
#13680 = CARTESIAN_POINT( '', ( 0.262500000000000, 0.0650000000000000, 0.0375000000000000 ) );
#13681 = VECTOR( '', #14945, 39.3700787402000 );
#13682 = COLOUR_RGB( '', 0.689999997600000, 0.689999997600000, 0.689999997600000 );
#13683 = COLOUR_RGB( '', 1.00000000000000, 1.00000000000000, 0.000000000000000 );
#13684 = CARTESIAN_POINT( '', ( 0.262500000000000, -0.0225000000000000, -0.0625000000000000 ) );
#13685 = VECTOR( '', #14946, 39.3700787402000 );
#13686 = COLOUR_RGB( '', 0.689999997600000, 0.689999997600000, 0.689999997600000 );
#13687 = CARTESIAN_POINT( '', ( 0.269413545780604, 0.0877523754541240, -0.00500000000000000 ) );
#13688 = VECTOR( '', #14947, 39.3700787402000 );
#13689 = COLOUR_RGB( '', 0.689999997600000, 0.689999997600000, 0.689999997600000 );
#13690 = CARTESIAN_POINT( '', ( -0.205050000000000, 0.0900000000000000, -0.00500000000000000 ) );
#13691 = VECTOR( '', #14948, 39.3700787402000 );
#13692 = COLOUR_RGB( '', 1.00000000000000, 1.00000000000000, 0.000000000000000 );
#13693 = CARTESIAN_POINT( '', ( 0.262500000000000, 0.0650000000000000, -0.0375000000000000 ) );
#13694 = VECTOR( '', #14949, 39.3700787402000 );
#13695 = COLOUR_RGB( '', 0.689999997600000, 0.689999997600000, 0.689999997600000 );
#13696 = COLOUR_RGB( '', 0.689999997600000, 0.689999997600000, 0.689999997600000 );
#13697 = CARTESIAN_POINT( '', ( -0.277000000000000, 0.305000000000000, -0.00500000000000000 ) );
#13698 = CARTESIAN_POINT( '', ( -0.277000000000000, 0.305000000000000, 0.0500000000000000 ) );
#13699 = VECTOR( '', #14950, 39.3700787402000 );
#13700 = CARTESIAN_POINT( '', ( -0.185420258980408, 0.158441778285709, -0.00500000000000000 ) );
#13701 = VECTOR( '', #14951, 39.3700787402000 );
#13702 = COLOUR_RGB( '', 0.689999997600000, 0.689999997600000, 0.689999997600000 );
#13703 = CARTESIAN_POINT( '', ( 0.0949500000000000, 0.0900000000000000, 0.115000000000000 ) );
#13704 = VECTOR( '', #14952, 39.3700787402000 );
#13705 = COLOUR_RGB( '', 0.689999997600000, 0.689999997600000, 0.689999997600000 );
#13706 = CARTESIAN_POINT( '', ( -0.307500000000000, 0.000000000000000, 0.145000000000000 ) );
#13707 = VECTOR( '', #14953, 39.3700787402000 );
#13708 = COLOUR_RGB( '', 0.689999997600000, 0.689999997600000, 0.689999997600000 );
#13709 = COLOUR_RGB( '', 0.689999997600000, 0.689999997600000, 0.689999997600000 );
#13710 = CARTESIAN_POINT( '', ( -0.230586454219396, 0.0877523754541240, -0.00500000000000000 ) );
#13711 = VECTOR( '', #14954, 39.3700787402000 );
#13712 = COLOUR_RGB( '', 0.689999997600000, 0.689999997600000, 0.689999997600000 );
#13713 = COLOUR_RGB( '', 1.00000000000000, 1.00000000000000, 0.000000000000000 );
#13714 = CARTESIAN_POINT( '', ( 0.262500000000000, -0.0537500000000000, -0.230000000000000 ) );
#13715 = VECTOR( '', #14955, 39.3700787402000 );
#13716 = COLOUR_RGB( '', 1.00000000000000, 1.00000000000000, 0.000000000000000 );
#13717 = COLOUR_RGB( '', 0.689999997600000, 0.689999997600000, 0.689999997600000 );
#13718 = COLOUR_RGB( '', 0.689999997600000, 0.689999997600000, 0.689999997600000 );
#13719 = CARTESIAN_POINT( '', ( -0.269523041721424, 0.0908879289489224, -0.00500000000000000 ) );
#13720 = VECTOR( '', #14956, 39.3700787402000 );
#13721 = COLOUR_RGB( '', 0.689999997600000, 0.689999997600000, 0.689999997600000 );
#13722 = COLOUR_RGB( '', 1.00000000000000, 1.00000000000000, 0.000000000000000 );
#13723 = COLOUR_RGB( '', 1.00000000000000, 1.00000000000000, 0.000000000000000 );
#13724 = CARTESIAN_POINT( '', ( 0.262500000000000, -0.0225000000000000, -0.0625000000000000 ) );
#13725 = VECTOR( '', #14957, 39.3700787402000 );
#13726 = COLOUR_RGB( '', 1.00000000000000, 1.00000000000000, 0.000000000000000 );
#13727 = COLOUR_RGB( '', 0.689999997600000, 0.689999997600000, 0.689999997600000 );
#13728 = CARTESIAN_POINT( '', ( 0.117500000000000, 0.000000000000000, -0.125000000000000 ) );
#13729 = CARTESIAN_POINT( '', ( 0.117500000000000, 0.0200000000000000, -0.125000000000000 ) );
#13730 = VECTOR( '', #14958, 39.3700787402000 );
#13731 = CARTESIAN_POINT( '', ( 0.0825000000000000, 0.000000000000000, -0.125000000000000 ) );
#13732 = CARTESIAN_POINT( '', ( 0.307500000000000, 0.000000000000000, -0.125000000000000 ) );
#13733 = VECTOR( '', #14959, 39.3700787402000 );
#13734 = CARTESIAN_POINT( '', ( 0.0825000000000000, 0.000000000000000, -0.125000000000000 ) );
#13735 = VECTOR( '', #14960, 39.3700787402000 );
#13736 = COLOUR_RGB( '', 1.00000000000000, 1.00000000000000, 0.000000000000000 );
#13737 = CARTESIAN_POINT( '', ( 0.262500000000000, 0.305000000000000, 0.0437500000000000 ) );
#13738 = CARTESIAN_POINT( '', ( 0.262500000000000, 0.305000000000000, 0.0437500000000000 ) );
#13739 = VECTOR( '', #14961, 39.3700787402000 );
#13740 = CARTESIAN_POINT( '', ( 0.262500000000000, 0.298750000000000, 0.0375000000000000 ) );
#13741 = VECTOR( '', #14962, 39.3700787402000 );
#13742 = COLOUR_RGB( '', 1.00000000000000, 1.00000000000000, 0.000000000000000 );
#13743 = CARTESIAN_POINT( '', ( 0.137500000000000, 0.0650000000000000, 0.0375000000000000 ) );
#13744 = VECTOR( '', #14963, 39.3700787402000 );
#13745 = COLOUR_RGB( '', 1.00000000000000, 1.00000000000000, 0.000000000000000 );
#13746 = CARTESIAN_POINT( '', ( 0.137500000000000, -0.0225000000000000, -0.0625000000000000 ) );
#13747 = VECTOR( '', #14964, 39.3700787402000 );
#13748 = COLOUR_RGB( '', 0.689999997600000, 0.689999997600000, 0.689999997600000 );
#13749 = COLOUR_RGB( '', 0.689999997600000, 0.689999997600000, 0.689999997600000 );
#13750 = CARTESIAN_POINT( '', ( 0.0825000000000000, 0.000000000000000, 0.145000000000000 ) );
#13751 = VECTOR( '', #14965, 39.3700787402000 );
#13752 = COLOUR_RGB( '', 1.00000000000000, 1.00000000000000, 0.000000000000000 );
#13753 = CARTESIAN_POINT( '', ( 0.262500000000000, 0.298750000000000, -0.0625000000000000 ) );
#13754 = VECTOR( '', #14966, 39.3700787402000 );
#13755 = COLOUR_RGB( '', 1.00000000000000, 1.00000000000000, 0.000000000000000 );
#13756 = COLOUR_RGB( '', 1.00000000000000, 1.00000000000000, 0.000000000000000 );
#13757 = CARTESIAN_POINT( '', ( -0.0375000000000000, -0.0725000000000000, -0.223750000000000 ) );
#13758 = VECTOR( '', #14967, 39.3700787402000 );
#13759 = CARTESIAN_POINT( '', ( -0.0375000000000000, -0.0225000000000000, -0.0625000000000000 ) );
#13760 = VECTOR( '', #14968, 39.3700787402000 );
#13761 = COLOUR_RGB( '', 1.00000000000000, 1.00000000000000, 0.000000000000000 );
#13762 = COLOUR_RGB( '', 0.689999997600000, 0.689999997600000, 0.689999997600000 );
#13763 = COLOUR_RGB( '', 0.689999997600000, 0.689999997600000, 0.689999997600000 );
#13764 = COLOUR_RGB( '', 1.00000000000000, 1.00000000000000, 0.000000000000000 );
#13765 = CARTESIAN_POINT( '', ( 0.262500000000000, 0.0400000000000000, -0.0375000000000000 ) );
#13766 = VECTOR( '', #14969, 39.3700787402000 );
#13767 = CARTESIAN_POINT( '', ( 0.262500000000000, -0.0225000000000000, -0.0625000000000000 ) );
#13768 = VECTOR( '', #14970, 39.3700787402000 );
#13769 = CARTESIAN_POINT( '', ( 0.262500000000000, 0.305000000000000, 0.0437500000000000 ) );
#13770 = VECTOR( '', #14971, 39.3700787402000 );
#13771 = COLOUR_RGB( '', 0.689999997600000, 0.689999997600000, 0.689999997600000 );
#13772 = COLOUR_RGB( '', 0.689999997600000, 0.689999997600000, 0.689999997600000 );
#13773 = CARTESIAN_POINT( '', ( 0.117500000000000, 0.000000000000000, 0.145000000000000 ) );
#13774 = VECTOR( '', #14972, 39.3700787402000 );
#13775 = COLOUR_RGB( '', 1.00000000000000, 1.00000000000000, 0.000000000000000 );
#13776 = COLOUR_RGB( '', 0.689999997600000, 0.689999997600000, 0.689999997600000 );
#13777 = COLOUR_RGB( '', 0.689999997600000, 0.689999997600000, 0.689999997600000 );
#13778 = COLOUR_RGB( '', 0.689999997600000, 0.689999997600000, 0.689999997600000 );
#13779 = COLOUR_RGB( '', 1.00000000000000, 1.00000000000000, 0.000000000000000 );
#13780 = CARTESIAN_POINT( '', ( -0.137500000000000, 0.0650000000000000, -0.0375000000000000 ) );
#13781 = CARTESIAN_POINT( '', ( -0.137500000000000, 0.0650000000000000, -0.0375000000000000 ) );
#13782 = VECTOR( '', #14973, 39.3700787402000 );
#13783 = CARTESIAN_POINT( '', ( 0.262500000000000, 0.0650000000000000, -0.0375000000000000 ) );
#13784 = VECTOR( '', #14974, 39.3700787402000 );
#13785 = COLOUR_RGB( '', 1.00000000000000, 1.00000000000000, 0.000000000000000 );
#13786 = CARTESIAN_POINT( '', ( 0.237500000000000, 0.0400000000000000, -0.0375000000000000 ) );
#13787 = VECTOR( '', #14975, 39.3700787402000 );
#13788 = COLOUR_RGB( '', 1.00000000000000, 1.00000000000000, 0.000000000000000 );
#13789 = CARTESIAN_POINT( '', ( -0.137500000000000, -0.0225000000000000, -0.0625000000000000 ) );
#13790 = VECTOR( '', #14976, 39.3700787402000 );
#13791 = CARTESIAN_POINT( '', ( -0.137500000000000, 0.298750000000000, -0.0375000000000000 ) );
#13792 = VECTOR( '', #14977, 39.3700787402000 );
#13793 = COLOUR_RGB( '', 0.689999997600000, 0.689999997600000, 0.689999997600000 );
#13794 = COLOUR_RGB( '', 0.689999997600000, 0.689999997600000, 0.689999997600000 );
#13795 = COLOUR_RGB( '', 1.00000000000000, 1.00000000000000, 0.000000000000000 );
#13796 = COLOUR_RGB( '', 1.00000000000000, 1.00000000000000, 0.000000000000000 );
#13797 = COLOUR_RGB( '', 1.00000000000000, 1.00000000000000, 0.000000000000000 );
#13798 = CARTESIAN_POINT( '', ( 0.262500000000000, 0.0600000000000000, -0.0625000000000000 ) );
#13799 = VECTOR( '', #14978, 39.3700787402000 );
#13800 = COLOUR_RGB( '', 0.689999997600000, 0.689999997600000, 0.689999997600000 );
#13801 = COLOUR_RGB( '', 0.689999997600000, 0.689999997600000, 0.689999997600000 );
#13802 = COLOUR_RGB( '', 1.00000000000000, 1.00000000000000, 0.000000000000000 );
#13803 = COLOUR_RGB( '', 1.00000000000000, 1.00000000000000, 0.000000000000000 );
#13804 = COLOUR_RGB( '', 1.00000000000000, 1.00000000000000, 0.000000000000000 );
#13805 = CARTESIAN_POINT( '', ( 0.237500000000000, -0.0225000000000000, -0.0625000000000000 ) );
#13806 = VECTOR( '', #14979, 39.3700787402000 );
#13807 = COLOUR_RGB( '', 1.00000000000000, 1.00000000000000, 0.000000000000000 );
#13808 = COLOUR_RGB( '', 0.689999997600000, 0.689999997600000, 0.689999997600000 );
#13809 = COLOUR_RGB( '', 1.00000000000000, 1.00000000000000, 0.000000000000000 );
#13810 = DIRECTION( '', ( 0.000000000000000, 0.000000000000000, -1.00000000000000 ) );
#13811 = DIRECTION( '', ( 0.000000000000000, 1.00000000000000, 0.000000000000000 ) );
#13812 = DIRECTION( '', ( 0.000000000000000, 0.000000000000000, -1.00000000000000 ) );
#13813 = DIRECTION( '', ( 0.000000000000000, 1.00000000000000, 0.000000000000000 ) );
#13814 = DIRECTION( '', ( -1.00000000000000, 0.000000000000000, 0.000000000000000 ) );
#13815 = DIRECTION( '', ( 0.000000000000000, 1.00000000000000, 0.000000000000000 ) );
#13816 = DIRECTION( '', ( -1.00000000000000, 0.000000000000000, 0.000000000000000 ) );
#13817 = DIRECTION( '', ( 0.000000000000000, -1.00000000000000, 0.000000000000000 ) );
#13818 = DIRECTION( '', ( 0.000000000000000, 0.000000000000000, -1.00000000000000 ) );
#13819 = DIRECTION( '', ( -1.00000000000000, -0.000000000000000, -0.000000000000000 ) );
#13820 = DIRECTION( '', ( 0.000000000000000, 0.000000000000000, 1.00000000000000 ) );
#13821 = DIRECTION( '', ( -1.00000000000000, -0.000000000000000, -0.000000000000000 ) );
#13822 = DIRECTION( '', ( -1.00000000000000, -0.000000000000000, -0.000000000000000 ) );
#13823 = DIRECTION( '', ( 0.000000000000000, -1.00000000000000, 0.000000000000000 ) );
#13824 = DIRECTION( '', ( -1.00000000000000, -0.000000000000000, -0.000000000000000 ) );
#13825 = DIRECTION( '', ( 0.000000000000000, 1.00000000000000, 0.000000000000000 ) );
#13826 = DIRECTION( '', ( 0.000000000000000, -1.00000000000000, 0.000000000000000 ) );
#13827 = DIRECTION( '', ( -1.00000000000000, -0.000000000000000, -0.000000000000000 ) );
#13828 = DIRECTION( '', ( 0.000000000000000, -1.00000000000000, 0.000000000000000 ) );
#13829 = DIRECTION( '', ( -1.00000000000000, -0.000000000000000, -0.000000000000000 ) );
#13830 = DIRECTION( '', ( 0.000000000000000, -1.00000000000000, 0.000000000000000 ) );
#13831 = DIRECTION( '', ( -1.00000000000000, -0.000000000000000, -0.000000000000000 ) );
#13832 = DIRECTION( '', ( 0.000000000000000, 1.00000000000000, 0.000000000000000 ) );
#13833 = DIRECTION( '', ( -1.00000000000000, -0.000000000000000, -0.000000000000000 ) );
#13834 = DIRECTION( '', ( -1.00000000000000, 0.000000000000000, 0.000000000000000 ) );
#13835 = DIRECTION( '', ( -0.000000000000000, -0.000000000000000, -1.00000000000000 ) );
#13836 = DIRECTION( '', ( 1.00000000000000, -0.000000000000000, 0.000000000000000 ) );
#13837 = DIRECTION( '', ( -0.000000000000000, -0.000000000000000, -1.00000000000000 ) );
#13838 = DIRECTION( '', ( 1.00000000000000, 0.000000000000000, 0.000000000000000 ) );
#13839 = DIRECTION( '', ( 0.000000000000000, 1.00000000000000, 0.000000000000000 ) );
#13840 = DIRECTION( '', ( 1.00000000000000, 0.000000000000000, 0.000000000000000 ) );
#13841 = DIRECTION( '', ( 0.000000000000000, 1.00000000000000, 0.000000000000000 ) );
#13842 = DIRECTION( '', ( 1.00000000000000, 0.000000000000000, 0.000000000000000 ) );
#13843 = DIRECTION( '', ( 0.000000000000000, 1.00000000000000, 0.000000000000000 ) );
#13844 = DIRECTION( '', ( 1.00000000000000, 0.000000000000000, 0.000000000000000 ) );
#13845 = DIRECTION( '', ( 0.000000000000000, 1.00000000000000, 0.000000000000000 ) );
#13846 = DIRECTION( '', ( 0.000000000000000, 0.707106781186547, 0.707106781186547 ) );
#13847 = DIRECTION( '', ( -1.00000000000000, -0.000000000000000, -0.000000000000000 ) );
#13848 = DIRECTION( '', ( 0.000000000000000, -0.707106781186547, -0.707106781186547 ) );
#13849 = DIRECTION( '', ( -1.00000000000000, -0.000000000000000, -0.000000000000000 ) );
#13850 = DIRECTION( '', ( 1.00000000000000, 0.000000000000000, 1.06712812252510E-16 ) );
#13851 = DIRECTION( '', ( 0.000000000000000, -1.00000000000000, 0.000000000000000 ) );
#13852 = DIRECTION( '', ( 1.00000000000000, 0.000000000000000, 1.06712812252510E-16 ) );
#13853 = DIRECTION( '', ( 0.000000000000000, 1.00000000000000, 0.000000000000000 ) );
#13854 = DIRECTION( '', ( -1.00000000000000, 0.000000000000000, 0.000000000000000 ) );
#13855 = DIRECTION( '', ( 0.000000000000000, 0.000000000000000, 1.00000000000000 ) );
#13856 = DIRECTION( '', ( 1.00000000000000, 0.000000000000000, 0.000000000000000 ) );
#13857 = DIRECTION( '', ( 0.000000000000000, 0.000000000000000, -1.00000000000000 ) );
#13858 = DIRECTION( '', ( 0.000000000000000, 1.00000000000000, 0.000000000000000 ) );
#13859 = DIRECTION( '', ( 0.000000000000000, 0.707106781186545, -0.707106781186549 ) );
#13860 = DIRECTION( '', ( 0.000000000000000, 0.000000000000000, -1.00000000000000 ) );
#13861 = DIRECTION( '', ( 0.000000000000000, -0.707106781186546, -0.707106781186549 ) );
#13862 = DIRECTION( '', ( 0.000000000000000, -1.00000000000000, 0.000000000000000 ) );
#13863 = DIRECTION( '', ( 0.000000000000000, -3.41480999208033E-16, -1.00000000000000 ) );
#13864 = DIRECTION( '', ( 0.000000000000000, 1.00000000000000, 0.000000000000000 ) );
#13865 = DIRECTION( '', ( 0.000000000000000, 0.707106781186546, -0.707106781186549 ) );
#13866 = DIRECTION( '', ( 0.000000000000000, 0.000000000000000, -1.00000000000000 ) );
#13867 = DIRECTION( '', ( 0.000000000000000, -0.707106781186545, -0.707106781186549 ) );
#13868 = DIRECTION( '', ( 0.000000000000000, -1.00000000000000, 0.000000000000000 ) );
#13869 = DIRECTION( '', ( -0.000000000000000, -0.000000000000000, -1.00000000000000 ) );
#13870 = DIRECTION( '', ( -0.529919264233205, 0.848048096156426, 0.000000000000000 ) );
#13871 = DIRECTION( '', ( -0.0348994967025016, 0.999390827019096, 0.000000000000000 ) );
#13872 = DIRECTION( '', ( -1.00000000000000, 0.000000000000000, 0.000000000000000 ) );
#13873 = DIRECTION( '', ( -0.0348994967025008, -0.999390827019096, 0.000000000000000 ) );
#13874 = DIRECTION( '', ( -0.529919264233205, -0.848048096156426, 0.000000000000000 ) );
#13875 = DIRECTION( '', ( 1.00000000000000, 0.000000000000000, 0.000000000000000 ) );
#13876 = DIRECTION( '', ( 0.000000000000000, 1.00000000000000, 0.000000000000000 ) );
#13877 = DIRECTION( '', ( 1.00000000000000, 0.000000000000000, 0.000000000000000 ) );
#13878 = DIRECTION( '', ( 0.000000000000000, 1.00000000000000, 0.000000000000000 ) );
#13879 = DIRECTION( '', ( 1.00000000000000, 0.000000000000000, 0.000000000000000 ) );
#13880 = DIRECTION( '', ( 0.000000000000000, -1.00000000000000, 0.000000000000000 ) );
#13881 = CARTESIAN_POINT( '', ( -0.0375000000000000, -0.122500000000000, 0.0125000000000000 ) );
#13882 = DIRECTION( '', ( 1.00000000000000, 0.000000000000000, -0.000000000000000 ) );
#13883 = DIRECTION( '', ( -0.000000000000000, 0.000000000000000, -1.00000000000000 ) );
#13884 = DIRECTION( '', ( 0.000000000000000, 0.000000000000000, -1.00000000000000 ) );
#13885 = DIRECTION( '', ( 0.000000000000000, 0.707106781186545, -0.707106781186549 ) );
#13886 = DIRECTION( '', ( 0.000000000000000, -1.00000000000000, 0.000000000000000 ) );
#13887 = DIRECTION( '', ( 0.000000000000000, 0.707106781186547, 0.707106781186547 ) );
#13888 = DIRECTION( '', ( 0.000000000000000, -7.22711109434990E-17, 1.00000000000000 ) );
#13889 = CARTESIAN_POINT( '', ( -0.0375000000000000, -0.122500000000000, 0.0125000000000000 ) );
#13890 = DIRECTION( '', ( 1.00000000000000, 0.000000000000000, -0.000000000000000 ) );
#13891 = DIRECTION( '', ( -0.000000000000000, 0.000000000000000, -1.00000000000000 ) );
#13892 = DIRECTION( '', ( -0.000000000000000, 1.00000000000000, 0.000000000000000 ) );
#13893 = DIRECTION( '', ( -0.000000000000000, -0.000000000000000, -1.00000000000000 ) );
#13894 = DIRECTION( '', ( 0.000000000000000, 0.000000000000000, -1.00000000000000 ) );
#13895 = DIRECTION( '', ( 0.000000000000000, 1.00000000000000, 0.000000000000000 ) );
#13896 = DIRECTION( '', ( 0.000000000000000, 0.000000000000000, 1.00000000000000 ) );
#13897 = DIRECTION( '', ( 0.000000000000000, -1.00000000000000, 0.000000000000000 ) );
#13898 = DIRECTION( '', ( 0.000000000000000, 0.000000000000000, -1.00000000000000 ) );
#13899 = DIRECTION( '', ( 0.000000000000000, 1.00000000000000, 0.000000000000000 ) );
#13900 = DIRECTION( '', ( -1.00000000000000, -0.000000000000000, -0.000000000000000 ) );
#13901 = DIRECTION( '', ( -0.000000000000000, 1.00000000000000, 0.000000000000000 ) );
#13902 = DIRECTION( '', ( -1.00000000000000, -0.000000000000000, -0.000000000000000 ) );
#13903 = DIRECTION( '', ( 0.000000000000000, 0.707106781186545, -0.707106781186549 ) );
#13904 = DIRECTION( '', ( -1.00000000000000, -0.000000000000000, -0.000000000000000 ) );
#13905 = DIRECTION( '', ( 0.000000000000000, -0.707106781186545, 0.707106781186549 ) );
#13906 = DIRECTION( '', ( -1.00000000000000, -0.000000000000000, -0.000000000000000 ) );
#13907 = DIRECTION( '', ( -0.000000000000000, -0.000000000000000, -1.00000000000000 ) );
#13908 = DIRECTION( '', ( 1.00000000000000, 0.000000000000000, 0.000000000000000 ) );
#13909 = DIRECTION( '', ( -0.000000000000000, -0.000000000000000, -1.00000000000000 ) );
#13910 = DIRECTION( '', ( -1.00000000000000, -0.000000000000000, -0.000000000000000 ) );
#13911 = DIRECTION( '', ( 0.000000000000000, -1.00000000000000, 0.000000000000000 ) );
#13912 = CARTESIAN_POINT( '', ( 0.162500000000000, -0.0225000000000000, -0.0875000000000000 ) );
#13913 = DIRECTION( '', ( 1.00000000000000, 0.000000000000000, -0.000000000000000 ) );
#13914 = DIRECTION( '', ( -0.000000000000000, 0.000000000000000, -1.00000000000000 ) );
#13915 = DIRECTION( '', ( 0.000000000000000, 1.25314128149737E-16, -1.00000000000000 ) );
#13916 = DIRECTION( '', ( 0.000000000000000, 0.707106781186548, -0.707106781186547 ) );
#13917 = DIRECTION( '', ( 0.000000000000000, -1.00000000000000, 0.000000000000000 ) );
#13918 = DIRECTION( '', ( 0.000000000000000, 0.707106781186547, 0.707106781186547 ) );
#13919 = DIRECTION( '', ( 0.000000000000000, -1.25314128149737E-16, 1.00000000000000 ) );
#13920 = CARTESIAN_POINT( '', ( 0.162500000000000, -0.0225000000000000, -0.0875000000000000 ) );
#13921 = DIRECTION( '', ( 1.00000000000000, 0.000000000000000, -0.000000000000000 ) );
#13922 = DIRECTION( '', ( -0.000000000000000, 0.000000000000000, -1.00000000000000 ) );
#13923 = DIRECTION( '', ( -0.000000000000000, 1.00000000000000, 0.000000000000000 ) );
#13924 = DIRECTION( '', ( -0.000000000000000, -0.000000000000000, -1.00000000000000 ) );
#13925 = DIRECTION( '', ( 0.000000000000000, -1.00000000000000, 0.000000000000000 ) );
#13926 = CARTESIAN_POINT( '', ( -0.237500000000000, -0.0225000000000000, -0.0875000000000000 ) );
#13927 = DIRECTION( '', ( 1.00000000000000, 0.000000000000000, -0.000000000000000 ) );
#13928 = DIRECTION( '', ( -0.000000000000000, 0.000000000000000, -1.00000000000000 ) );
#13929 = DIRECTION( '', ( 0.000000000000000, 1.25314128149737E-16, -1.00000000000000 ) );
#13930 = DIRECTION( '', ( 0.000000000000000, 0.707106781186548, -0.707106781186547 ) );
#13931 = DIRECTION( '', ( 0.000000000000000, -1.00000000000000, 0.000000000000000 ) );
#13932 = DIRECTION( '', ( 0.000000000000000, 0.707106781186547, 0.707106781186547 ) );
#13933 = DIRECTION( '', ( 0.000000000000000, -1.25314128149737E-16, 1.00000000000000 ) );
#13934 = CARTESIAN_POINT( '', ( -0.237500000000000, -0.0225000000000000, -0.0875000000000000 ) );
#13935 = DIRECTION( '', ( 1.00000000000000, 0.000000000000000, -0.000000000000000 ) );
#13936 = DIRECTION( '', ( -0.000000000000000, 0.000000000000000, -1.00000000000000 ) );
#13937 = DIRECTION( '', ( -0.000000000000000, 1.00000000000000, 0.000000000000000 ) );
#13938 = DIRECTION( '', ( -0.000000000000000, -0.000000000000000, -1.00000000000000 ) );
#13939 = DIRECTION( '', ( -1.00000000000000, -0.000000000000000, -0.000000000000000 ) );
#13940 = CARTESIAN_POINT( '', ( -0.262500000000000, -0.0225000000000000, -0.0875000000000000 ) );
#13941 = DIRECTION( '', ( 1.00000000000000, 0.000000000000000, 0.000000000000000 ) );
#13942 = DIRECTION( '', ( 0.000000000000000, 0.000000000000000, -1.00000000000000 ) );
#13943 = DIRECTION( '', ( -1.00000000000000, -0.000000000000000, -0.000000000000000 ) );
#13944 = DIRECTION( '', ( 0.000000000000000, 0.707106781186545, -0.707106781186549 ) );
#13945 = DIRECTION( '', ( -1.00000000000000, -0.000000000000000, -0.000000000000000 ) );
#13946 = DIRECTION( '', ( 0.000000000000000, -0.707106781186545, 0.707106781186549 ) );
#13947 = DIRECTION( '', ( -1.00000000000000, -0.000000000000000, -0.000000000000000 ) );
#13948 = DIRECTION( '', ( -0.000000000000000, -1.00000000000000, -0.000000000000000 ) );
#13949 = DIRECTION( '', ( 0.000000000000000, 0.000000000000000, -1.00000000000000 ) );
#13950 = DIRECTION( '', ( -0.000000000000000, -1.00000000000000, -0.000000000000000 ) );
#13951 = DIRECTION( '', ( 0.000000000000000, 0.000000000000000, 1.00000000000000 ) );
#13952 = DIRECTION( '', ( 0.000000000000000, 1.00000000000000, 0.000000000000000 ) );
#13953 = DIRECTION( '', ( -1.00000000000000, -0.000000000000000, -0.000000000000000 ) );
#13954 = DIRECTION( '', ( 0.000000000000000, -1.00000000000000, 0.000000000000000 ) );
#13955 = DIRECTION( '', ( -1.00000000000000, -0.000000000000000, -0.000000000000000 ) );
#13956 = DIRECTION( '', ( -0.000000000000000, 1.00000000000000, 0.000000000000000 ) );
#13957 = DIRECTION( '', ( -1.00000000000000, -0.000000000000000, -0.000000000000000 ) );
#13958 = DIRECTION( '', ( 0.000000000000000, -1.00000000000000, 0.000000000000000 ) );
#13959 = DIRECTION( '', ( -1.00000000000000, -0.000000000000000, -0.000000000000000 ) );
#13960 = DIRECTION( '', ( -0.529919264233205, 0.848048096156426, 0.000000000000000 ) );
#13961 = DIRECTION( '', ( -0.0348994967025014, 0.999390827019096, 0.000000000000000 ) );
#13962 = DIRECTION( '', ( -1.00000000000000, 0.000000000000000, 0.000000000000000 ) );
#13963 = DIRECTION( '', ( -0.0348994967025008, -0.999390827019096, 0.000000000000000 ) );
#13964 = DIRECTION( '', ( -0.529919264233204, -0.848048096156426, 0.000000000000000 ) );
#13965 = DIRECTION( '', ( 1.00000000000000, 0.000000000000000, 0.000000000000000 ) );
#13966 = DIRECTION( '', ( 0.000000000000000, 1.00000000000000, 0.000000000000000 ) );
#13967 = DIRECTION( '', ( 1.00000000000000, 0.000000000000000, 0.000000000000000 ) );
#13968 = DIRECTION( '', ( 0.000000000000000, 1.00000000000000, 0.000000000000000 ) );
#13969 = DIRECTION( '', ( 1.00000000000000, 0.000000000000000, 0.000000000000000 ) );
#13970 = DIRECTION( '', ( 0.000000000000000, 1.00000000000000, 0.000000000000000 ) );
#13971 = DIRECTION( '', ( 0.000000000000000, 0.000000000000000, -1.00000000000000 ) );
#13972 = DIRECTION( '', ( 0.000000000000000, -0.707106781186546, -0.707106781186549 ) );
#13973 = DIRECTION( '', ( 0.000000000000000, -1.00000000000000, 0.000000000000000 ) );
#13974 = DIRECTION( '', ( 0.000000000000000, -3.41480999208033E-16, -1.00000000000000 ) );
#13975 = DIRECTION( '', ( 0.000000000000000, 1.00000000000000, 0.000000000000000 ) );
#13976 = DIRECTION( '', ( 0.000000000000000, 0.707106781186546, -0.707106781186549 ) );
#13977 = DIRECTION( '', ( 0.000000000000000, 0.000000000000000, -1.00000000000000 ) );
#13978 = DIRECTION( '', ( 0.000000000000000, -0.707106781186545, -0.707106781186549 ) );
#13979 = DIRECTION( '', ( 0.000000000000000, -1.00000000000000, 0.000000000000000 ) );
#13980 = DIRECTION( '', ( -0.000000000000000, -0.000000000000000, -1.00000000000000 ) );
#13981 = CARTESIAN_POINT( '', ( -0.237500000000000, -0.122500000000000, 0.0125000000000000 ) );
#13982 = DIRECTION( '', ( 1.00000000000000, 0.000000000000000, -0.000000000000000 ) );
#13983 = DIRECTION( '', ( -0.000000000000000, 0.000000000000000, -1.00000000000000 ) );
#13984 = DIRECTION( '', ( -1.00000000000000, -0.000000000000000, -0.000000000000000 ) );
#13985 = CARTESIAN_POINT( '', ( -0.262500000000000, -0.122500000000000, 0.0125000000000000 ) );
#13986 = DIRECTION( '', ( 1.00000000000000, 0.000000000000000, 0.000000000000000 ) );
#13987 = DIRECTION( '', ( 0.000000000000000, 0.000000000000000, -1.00000000000000 ) );
#13988 = DIRECTION( '', ( -1.00000000000000, -0.000000000000000, -0.000000000000000 ) );
#13989 = DIRECTION( '', ( 1.00000000000000, -0.000000000000000, 0.000000000000000 ) );
#13990 = DIRECTION( '', ( -1.00000000000000, 0.000000000000000, 0.000000000000000 ) );
#13991 = DIRECTION( '', ( -0.000000000000000, -0.000000000000000, -1.00000000000000 ) );
#13992 = DIRECTION( '', ( -1.00000000000000, -0.000000000000000, -0.000000000000000 ) );
#13993 = DIRECTION( '', ( 0.000000000000000, 0.707106781186546, 0.707106781186549 ) );
#13994 = DIRECTION( '', ( -1.00000000000000, -0.000000000000000, -0.000000000000000 ) );
#13995 = DIRECTION( '', ( -1.00000000000000, 0.000000000000000, 0.000000000000000 ) );
#13996 = DIRECTION( '', ( -0.000000000000000, -0.000000000000000, -1.00000000000000 ) );
#13997 = DIRECTION( '', ( 1.00000000000000, -0.000000000000000, 0.000000000000000 ) );
#13998 = DIRECTION( '', ( -0.000000000000000, -0.000000000000000, -1.00000000000000 ) );
#13999 = DIRECTION( '', ( -0.0348994967025018, 0.999390827019096, 0.000000000000000 ) );
#14000 = DIRECTION( '', ( -0.000000000000000, -0.000000000000000, -1.00000000000000 ) );
#14001 = DIRECTION( '', ( 0.0348994967025018, -0.999390827019096, 0.000000000000000 ) );
#14002 = DIRECTION( '', ( -0.000000000000000, -0.000000000000000, -1.00000000000000 ) );
#14003 = DIRECTION( '', ( -1.00000000000000, -0.000000000000000, -0.000000000000000 ) );
#14004 = CARTESIAN_POINT( '', ( -0.237500000000000, -0.122500000000000, 0.0125000000000000 ) );
#14005 = DIRECTION( '', ( 1.00000000000000, 0.000000000000000, -0.000000000000000 ) );
#14006 = DIRECTION( '', ( -0.000000000000000, 0.000000000000000, -1.00000000000000 ) );
#14007 = DIRECTION( '', ( -1.00000000000000, -0.000000000000000, -0.000000000000000 ) );
#14008 = CARTESIAN_POINT( '', ( -0.262500000000000, -0.122500000000000, 0.0125000000000000 ) );
#14009 = DIRECTION( '', ( 1.00000000000000, 0.000000000000000, 0.000000000000000 ) );
#14010 = DIRECTION( '', ( 0.000000000000000, 0.000000000000000, -1.00000000000000 ) );
#14011 = DIRECTION( '', ( 0.000000000000000, 0.707106781186547, 0.707106781186547 ) );
#14012 = DIRECTION( '', ( -1.00000000000000, -0.000000000000000, -0.000000000000000 ) );
#14013 = DIRECTION( '', ( 0.000000000000000, -0.707106781186547, -0.707106781186547 ) );
#14014 = DIRECTION( '', ( -1.00000000000000, -0.000000000000000, -0.000000000000000 ) );
#14015 = DIRECTION( '', ( 0.000000000000000, -1.00000000000000, 0.000000000000000 ) );
#14016 = DIRECTION( '', ( -1.00000000000000, -0.000000000000000, -0.000000000000000 ) );
#14017 = DIRECTION( '', ( 0.000000000000000, -1.00000000000000, 0.000000000000000 ) );
#14018 = DIRECTION( '', ( 0.000000000000000, -1.00000000000000, 0.000000000000000 ) );
#14019 = DIRECTION( '', ( -1.00000000000000, 0.000000000000000, 0.000000000000000 ) );
#14020 = DIRECTION( '', ( 0.000000000000000, 1.00000000000000, 0.000000000000000 ) );
#14021 = DIRECTION( '', ( -1.00000000000000, -0.000000000000000, -0.000000000000000 ) );
#14022 = DIRECTION( '', ( 0.000000000000000, -1.00000000000000, 0.000000000000000 ) );
#14023 = DIRECTION( '', ( -1.00000000000000, 0.000000000000000, 0.000000000000000 ) );
#14024 = DIRECTION( '', ( 0.000000000000000, 1.00000000000000, 0.000000000000000 ) );
#14025 = DIRECTION( '', ( -1.00000000000000, -0.000000000000000, -0.000000000000000 ) );
#14026 = DIRECTION( '', ( -1.00000000000000, 0.000000000000000, 0.000000000000000 ) );
#14027 = DIRECTION( '', ( 0.000000000000000, 1.00000000000000, 0.000000000000000 ) );
#14028 = DIRECTION( '', ( -1.00000000000000, -0.000000000000000, -0.000000000000000 ) );
#14029 = DIRECTION( '', ( 0.000000000000000, -1.00000000000000, 0.000000000000000 ) );
#14030 = DIRECTION( '', ( -1.00000000000000, 0.000000000000000, 0.000000000000000 ) );
#14031 = DIRECTION( '', ( 0.000000000000000, 1.00000000000000, 0.000000000000000 ) );
#14032 = DIRECTION( '', ( -1.00000000000000, -0.000000000000000, -0.000000000000000 ) );
#14033 = DIRECTION( '', ( 0.000000000000000, -1.00000000000000, 0.000000000000000 ) );
#14034 = DIRECTION( '', ( -1.00000000000000, 0.000000000000000, 0.000000000000000 ) );
#14035 = DIRECTION( '', ( 0.000000000000000, 1.00000000000000, 0.000000000000000 ) );
#14036 = DIRECTION( '', ( -1.00000000000000, -0.000000000000000, -0.000000000000000 ) );
#14037 = DIRECTION( '', ( 0.000000000000000, -1.00000000000000, 0.000000000000000 ) );
#14038 = DIRECTION( '', ( 0.000000000000000, 1.00000000000000, 0.000000000000000 ) );
#14039 = DIRECTION( '', ( 1.00000000000000, -0.000000000000000, 0.000000000000000 ) );
#14040 = DIRECTION( '', ( 0.000000000000000, -1.00000000000000, 0.000000000000000 ) );
#14041 = DIRECTION( '', ( -1.00000000000000, -0.000000000000000, -0.000000000000000 ) );
#14042 = DIRECTION( '', ( 0.000000000000000, 1.00000000000000, 0.000000000000000 ) );
#14043 = DIRECTION( '', ( 1.00000000000000, -0.000000000000000, 0.000000000000000 ) );
#14044 = DIRECTION( '', ( 0.000000000000000, -1.00000000000000, 0.000000000000000 ) );
#14045 = DIRECTION( '', ( -1.00000000000000, -0.000000000000000, -0.000000000000000 ) );
#14046 = DIRECTION( '', ( 0.000000000000000, 1.00000000000000, 0.000000000000000 ) );
#14047 = DIRECTION( '', ( 1.00000000000000, -0.000000000000000, 0.000000000000000 ) );
#14048 = DIRECTION( '', ( 0.000000000000000, -1.00000000000000, 0.000000000000000 ) );
#14049 = DIRECTION( '', ( 0.000000000000000, -1.00000000000000, 0.000000000000000 ) );
#14050 = DIRECTION( '', ( -1.00000000000000, -0.000000000000000, -0.000000000000000 ) );
#14051 = DIRECTION( '', ( 1.00000000000000, -0.000000000000000, 0.000000000000000 ) );
#14052 = DIRECTION( '', ( 0.000000000000000, 0.000000000000000, -1.00000000000000 ) );
#14053 = DIRECTION( '', ( 0.000000000000000, 0.000000000000000, -1.00000000000000 ) );
#14054 = DIRECTION( '', ( -0.000000000000000, -1.00000000000000, -0.000000000000000 ) );
#14055 = DIRECTION( '', ( -1.00000000000000, 0.000000000000000, 0.000000000000000 ) );
#14056 = DIRECTION( '', ( -0.000000000000000, -1.00000000000000, -0.000000000000000 ) );
#14057 = DIRECTION( '', ( 1.00000000000000, 0.000000000000000, 0.000000000000000 ) );
#14058 = DIRECTION( '', ( 0.000000000000000, -1.00000000000000, 0.000000000000000 ) );
#14059 = DIRECTION( '', ( -1.00000000000000, 0.000000000000000, 0.000000000000000 ) );
#14060 = DIRECTION( '', ( 0.000000000000000, 1.00000000000000, 0.000000000000000 ) );
#14061 = DIRECTION( '', ( 1.00000000000000, 0.000000000000000, 0.000000000000000 ) );
#14062 = DIRECTION( '', ( 0.000000000000000, -1.00000000000000, 0.000000000000000 ) );
#14063 = DIRECTION( '', ( -1.00000000000000, 0.000000000000000, 0.000000000000000 ) );
#14064 = DIRECTION( '', ( 0.000000000000000, 1.00000000000000, 0.000000000000000 ) );
#14065 = DIRECTION( '', ( 1.00000000000000, 0.000000000000000, 0.000000000000000 ) );
#14066 = DIRECTION( '', ( 0.000000000000000, 0.000000000000000, -1.00000000000000 ) );
#14067 = DIRECTION( '', ( -0.000000000000000, -0.000000000000000, -1.00000000000000 ) );
#14068 = DIRECTION( '', ( -1.00000000000000, 0.000000000000000, 0.000000000000000 ) );
#14069 = DIRECTION( '', ( -0.000000000000000, -1.00000000000000, -0.000000000000000 ) );
#14070 = DIRECTION( '', ( 1.00000000000000, 0.000000000000000, 0.000000000000000 ) );
#14071 = DIRECTION( '', ( 0.000000000000000, 1.00000000000000, 0.000000000000000 ) );
#14072 = DIRECTION( '', ( -0.000000000000000, -0.000000000000000, -1.00000000000000 ) );
#14073 = DIRECTION( '', ( 0.529919264233205, 0.848048096156426, 0.000000000000000 ) );
#14074 = DIRECTION( '', ( 0.000000000000000, 0.000000000000000, -1.00000000000000 ) );
#14075 = DIRECTION( '', ( 0.529919264233205, -0.848048096156426, 0.000000000000000 ) );
#14076 = DIRECTION( '', ( -1.00000000000000, 0.000000000000000, 0.000000000000000 ) );
#14077 = DIRECTION( '', ( 0.000000000000000, 1.00000000000000, 0.000000000000000 ) );
#14078 = DIRECTION( '', ( -1.00000000000000, 0.000000000000000, 0.000000000000000 ) );
#14079 = DIRECTION( '', ( 0.000000000000000, 1.00000000000000, 0.000000000000000 ) );
#14080 = DIRECTION( '', ( -1.00000000000000, 0.000000000000000, 0.000000000000000 ) );
#14081 = DIRECTION( '', ( 0.529919264233204, 0.848048096156426, 0.000000000000000 ) );
#14082 = DIRECTION( '', ( 0.0348994967025008, 0.999390827019096, 0.000000000000000 ) );
#14083 = DIRECTION( '', ( 1.00000000000000, -0.000000000000000, 0.000000000000000 ) );
#14084 = DIRECTION( '', ( 0.0348994967025014, -0.999390827019096, 0.000000000000000 ) );
#14085 = DIRECTION( '', ( 0.529919264233205, -0.848048096156426, 0.000000000000000 ) );
#14086 = DIRECTION( '', ( -1.00000000000000, 0.000000000000000, 0.000000000000000 ) );
#14087 = DIRECTION( '', ( 0.000000000000000, 1.00000000000000, 0.000000000000000 ) );
#14088 = DIRECTION( '', ( 0.000000000000000, 1.00000000000000, 0.000000000000000 ) );
#14089 = DIRECTION( '', ( -1.00000000000000, 0.000000000000000, 0.000000000000000 ) );
#14090 = DIRECTION( '', ( 0.529919264233204, 0.848048096156427, 0.000000000000000 ) );
#14091 = DIRECTION( '', ( 0.0348994967025008, 0.999390827019096, 0.000000000000000 ) );
#14092 = DIRECTION( '', ( 1.00000000000000, -0.000000000000000, 0.000000000000000 ) );
#14093 = DIRECTION( '', ( 0.000000000000000, -1.00000000000000, 0.000000000000000 ) );
#14094 = DIRECTION( '', ( -1.00000000000000, -0.000000000000000, -0.000000000000000 ) );
#14095 = DIRECTION( '', ( 0.000000000000000, -1.00000000000000, 0.000000000000000 ) );
#14096 = DIRECTION( '', ( -1.00000000000000, -0.000000000000000, -0.000000000000000 ) );
#14097 = DIRECTION( '', ( 0.000000000000000, 0.000000000000000, 1.00000000000000 ) );
#14098 = DIRECTION( '', ( -1.00000000000000, -0.000000000000000, -0.000000000000000 ) );
#14099 = DIRECTION( '', ( 0.000000000000000, 0.000000000000000, -1.00000000000000 ) );
#14100 = DIRECTION( '', ( 0.000000000000000, 0.000000000000000, 1.00000000000000 ) );
#14101 = DIRECTION( '', ( 0.000000000000000, 0.000000000000000, 1.00000000000000 ) );
#14102 = DIRECTION( '', ( 0.000000000000000, 1.00000000000000, 0.000000000000000 ) );
#14103 = DIRECTION( '', ( -0.000000000000000, 1.00000000000000, 0.000000000000000 ) );
#14104 = DIRECTION( '', ( -1.00000000000000, -0.000000000000000, -0.000000000000000 ) );
#14105 = DIRECTION( '', ( 0.000000000000000, -1.00000000000000, 0.000000000000000 ) );
#14106 = DIRECTION( '', ( -1.00000000000000, -0.000000000000000, -0.000000000000000 ) );
#14107 = CARTESIAN_POINT( '', ( 0.162500000000000, -0.122500000000000, 0.0125000000000000 ) );
#14108 = DIRECTION( '', ( 1.00000000000000, 0.000000000000000, -0.000000000000000 ) );
#14109 = DIRECTION( '', ( -0.000000000000000, 0.000000000000000, -1.00000000000000 ) );
#14110 = DIRECTION( '', ( 0.000000000000000, 0.000000000000000, -1.00000000000000 ) );
#14111 = DIRECTION( '', ( 0.000000000000000, 0.707106781186545, -0.707106781186549 ) );
#14112 = DIRECTION( '', ( 0.000000000000000, -1.00000000000000, 0.000000000000000 ) );
#14113 = DIRECTION( '', ( 0.000000000000000, 0.707106781186547, 0.707106781186547 ) );
#14114 = DIRECTION( '', ( 0.000000000000000, -7.22711109434990E-17, 1.00000000000000 ) );
#14115 = CARTESIAN_POINT( '', ( 0.162500000000000, -0.122500000000000, 0.0125000000000000 ) );
#14116 = DIRECTION( '', ( 1.00000000000000, 0.000000000000000, -0.000000000000000 ) );
#14117 = DIRECTION( '', ( -0.000000000000000, 0.000000000000000, -1.00000000000000 ) );
#14118 = DIRECTION( '', ( -0.000000000000000, 1.00000000000000, 0.000000000000000 ) );
#14119 = DIRECTION( '', ( -0.000000000000000, -0.000000000000000, -1.00000000000000 ) );
#14120 = DIRECTION( '', ( 1.00000000000000, 0.000000000000000, 0.000000000000000 ) );
#14121 = DIRECTION( '', ( 0.000000000000000, -1.00000000000000, 0.000000000000000 ) );
#14122 = DIRECTION( '', ( -1.00000000000000, 0.000000000000000, 0.000000000000000 ) );
#14123 = DIRECTION( '', ( -0.000000000000000, -1.00000000000000, -0.000000000000000 ) );
#14124 = DIRECTION( '', ( -1.00000000000000, 0.000000000000000, 0.000000000000000 ) );
#14125 = DIRECTION( '', ( 0.000000000000000, 0.000000000000000, 1.00000000000000 ) );
#14126 = DIRECTION( '', ( 1.00000000000000, 0.000000000000000, 0.000000000000000 ) );
#14127 = DIRECTION( '', ( 0.000000000000000, 0.000000000000000, -1.00000000000000 ) );
#14128 = DIRECTION( '', ( 0.000000000000000, -0.707106781186547, -0.707106781186547 ) );
#14129 = DIRECTION( '', ( -1.00000000000000, -0.000000000000000, -0.000000000000000 ) );
#14130 = DIRECTION( '', ( 0.000000000000000, 0.707106781186547, 0.707106781186547 ) );
#14131 = DIRECTION( '', ( -1.00000000000000, -0.000000000000000, -0.000000000000000 ) );
#14132 = DIRECTION( '', ( -1.00000000000000, -0.000000000000000, -0.000000000000000 ) );
#14133 = DIRECTION( '', ( 0.000000000000000, 1.00000000000000, 0.000000000000000 ) );
#14134 = DIRECTION( '', ( -1.00000000000000, -0.000000000000000, -0.000000000000000 ) );
#14135 = DIRECTION( '', ( 0.000000000000000, 0.000000000000000, -1.00000000000000 ) );
#14136 = DIRECTION( '', ( -1.00000000000000, -0.000000000000000, -0.000000000000000 ) );
#14137 = DIRECTION( '', ( 0.000000000000000, 0.000000000000000, 1.00000000000000 ) );
#14138 = DIRECTION( '', ( -1.00000000000000, -0.000000000000000, -0.000000000000000 ) );
#14139 = DIRECTION( '', ( -0.000000000000000, -0.000000000000000, -1.00000000000000 ) );
#14140 = DIRECTION( '', ( 0.000000000000000, 0.000000000000000, 1.00000000000000 ) );
#14141 = DIRECTION( '', ( -1.00000000000000, -0.000000000000000, -0.000000000000000 ) );
#14142 = CARTESIAN_POINT( '', ( 0.237500000000000, -0.0225000000000000, -0.0875000000000000 ) );
#14143 = DIRECTION( '', ( -1.00000000000000, 0.000000000000000, 0.000000000000000 ) );
#14144 = DIRECTION( '', ( 0.000000000000000, 0.000000000000000, 1.00000000000000 ) );
#14145 = DIRECTION( '', ( -1.00000000000000, -0.000000000000000, -0.000000000000000 ) );
#14146 = CARTESIAN_POINT( '', ( 0.262500000000000, -0.0225000000000000, -0.0875000000000000 ) );
#14147 = DIRECTION( '', ( 1.00000000000000, 0.000000000000000, 0.000000000000000 ) );
#14148 = DIRECTION( '', ( 0.000000000000000, 0.000000000000000, -1.00000000000000 ) );
#14149 = DIRECTION( '', ( 0.000000000000000, -0.707106781186545, -0.707106781186549 ) );
#14150 = DIRECTION( '', ( 0.000000000000000, 0.707106781186545, 0.707106781186549 ) );
#14151 = DIRECTION( '', ( -1.00000000000000, -0.000000000000000, -0.000000000000000 ) );
#14152 = DIRECTION( '', ( 0.000000000000000, -1.00000000000000, 0.000000000000000 ) );
#14153 = DIRECTION( '', ( -1.00000000000000, -0.000000000000000, -0.000000000000000 ) );
#14154 = DIRECTION( '', ( 0.000000000000000, 1.00000000000000, 0.000000000000000 ) );
#14155 = DIRECTION( '', ( -1.00000000000000, -0.000000000000000, -0.000000000000000 ) );
#14156 = DIRECTION( '', ( 0.000000000000000, -1.25314128149737E-16, 1.00000000000000 ) );
#14157 = DIRECTION( '', ( -1.00000000000000, -0.000000000000000, -0.000000000000000 ) );
#14158 = DIRECTION( '', ( 0.000000000000000, 1.25314128149737E-16, -1.00000000000000 ) );
#14159 = DIRECTION( '', ( -1.00000000000000, -0.000000000000000, -0.000000000000000 ) );
#14160 = DIRECTION( '', ( 0.000000000000000, 1.25314128149737E-16, -1.00000000000000 ) );
#14161 = DIRECTION( '', ( -1.00000000000000, -0.000000000000000, -0.000000000000000 ) );
#14162 = DIRECTION( '', ( 0.000000000000000, -1.25314128149737E-16, 1.00000000000000 ) );
#14163 = DIRECTION( '', ( -1.00000000000000, -0.000000000000000, -0.000000000000000 ) );
#14164 = DIRECTION( '', ( 0.000000000000000, -1.00000000000000, 0.000000000000000 ) );
#14165 = DIRECTION( '', ( -0.000000000000000, -0.000000000000000, -1.00000000000000 ) );
#14166 = DIRECTION( '', ( 0.000000000000000, -1.00000000000000, 0.000000000000000 ) );
#14167 = DIRECTION( '', ( -0.000000000000000, -0.000000000000000, -1.00000000000000 ) );
#14168 = DIRECTION( '', ( 0.000000000000000, 0.000000000000000, -1.00000000000000 ) );
#14169 = DIRECTION( '', ( 1.00000000000000, 0.000000000000000, 0.000000000000000 ) );
#14170 = DIRECTION( '', ( -0.000000000000000, -0.000000000000000, -1.00000000000000 ) );
#14171 = DIRECTION( '', ( -1.00000000000000, -0.000000000000000, -0.000000000000000 ) );
#14172 = CARTESIAN_POINT( '', ( -0.0625000000000000, -0.122500000000000, 0.0125000000000000 ) );
#14173 = DIRECTION( '', ( -1.00000000000000, 0.000000000000000, 0.000000000000000 ) );
#14174 = DIRECTION( '', ( 0.000000000000000, 0.000000000000000, 1.00000000000000 ) );
#14175 = DIRECTION( '', ( -1.00000000000000, -0.000000000000000, -0.000000000000000 ) );
#14176 = DIRECTION( '', ( 0.529919264233206, -0.848048096156425, 0.000000000000000 ) );
#14177 = DIRECTION( '', ( -1.00000000000000, 0.000000000000000, 0.000000000000000 ) );
#14178 = DIRECTION( '', ( 0.000000000000000, 1.00000000000000, 0.000000000000000 ) );
#14179 = DIRECTION( '', ( 0.000000000000000, 1.00000000000000, 0.000000000000000 ) );
#14180 = DIRECTION( '', ( -1.00000000000000, 0.000000000000000, 0.000000000000000 ) );
#14181 = DIRECTION( '', ( 0.529919264233204, 0.848048096156426, 0.000000000000000 ) );
#14182 = DIRECTION( '', ( 0.0348994967025007, 0.999390827019096, 0.000000000000000 ) );
#14183 = DIRECTION( '', ( 0.0348994967025015, -0.999390827019096, 0.000000000000000 ) );
#14184 = DIRECTION( '', ( -1.00000000000000, -0.000000000000000, -0.000000000000000 ) );
#14185 = DIRECTION( '', ( 0.000000000000000, -1.25314128149737E-16, 1.00000000000000 ) );
#14186 = DIRECTION( '', ( -1.00000000000000, -0.000000000000000, -0.000000000000000 ) );
#14187 = DIRECTION( '', ( -0.000000000000000, -0.000000000000000, -1.00000000000000 ) );
#14188 = DIRECTION( '', ( -0.000000000000000, 1.00000000000000, 0.000000000000000 ) );
#14189 = DIRECTION( '', ( 0.000000000000000, 0.707106781186545, 0.707106781186549 ) );
#14190 = DIRECTION( '', ( 0.000000000000000, 0.000000000000000, 1.00000000000000 ) );
#14191 = DIRECTION( '', ( 0.000000000000000, -0.707106781186546, 0.707106781186549 ) );
#14192 = DIRECTION( '', ( 0.000000000000000, -1.00000000000000, 0.000000000000000 ) );
#14193 = DIRECTION( '', ( 0.000000000000000, 3.41480999208033E-16, 1.00000000000000 ) );
#14194 = DIRECTION( '', ( -0.000000000000000, 1.00000000000000, 0.000000000000000 ) );
#14195 = DIRECTION( '', ( 0.000000000000000, 0.707106781186546, 0.707106781186549 ) );
#14196 = DIRECTION( '', ( 0.000000000000000, 0.000000000000000, 1.00000000000000 ) );
#14197 = DIRECTION( '', ( 0.000000000000000, -0.707106781186545, 0.707106781186549 ) );
#14198 = DIRECTION( '', ( -0.000000000000000, 1.00000000000000, 0.000000000000000 ) );
#14199 = DIRECTION( '', ( 0.000000000000000, -1.00000000000000, 0.000000000000000 ) );
#14200 = DIRECTION( '', ( -1.00000000000000, -0.000000000000000, -0.000000000000000 ) );
#14201 = DIRECTION( '', ( 0.000000000000000, -1.00000000000000, 0.000000000000000 ) );
#14202 = DIRECTION( '', ( -0.000000000000000, -0.000000000000000, -1.00000000000000 ) );
#14203 = DIRECTION( '', ( 0.000000000000000, -1.00000000000000, 0.000000000000000 ) );
#14204 = DIRECTION( '', ( -0.000000000000000, -0.000000000000000, -1.00000000000000 ) );
#14205 = DIRECTION( '', ( 0.000000000000000, 1.00000000000000, 0.000000000000000 ) );
#14206 = DIRECTION( '', ( -0.000000000000000, -0.000000000000000, -1.00000000000000 ) );
#14207 = DIRECTION( '', ( -0.000000000000000, 1.00000000000000, 0.000000000000000 ) );
#14208 = DIRECTION( '', ( -0.000000000000000, -0.000000000000000, -1.00000000000000 ) );
#14209 = DIRECTION( '', ( 0.000000000000000, 7.22711109434990E-17, -1.00000000000000 ) );
#14210 = DIRECTION( '', ( -1.00000000000000, -0.000000000000000, -0.000000000000000 ) );
#14211 = DIRECTION( '', ( 0.000000000000000, -7.22711109434991E-17, 1.00000000000000 ) );
#14212 = DIRECTION( '', ( -1.00000000000000, -0.000000000000000, -0.000000000000000 ) );
#14213 = DIRECTION( '', ( 1.00000000000000, 0.000000000000000, 0.000000000000000 ) );
#14214 = DIRECTION( '', ( 0.000000000000000, 1.00000000000000, 0.000000000000000 ) );
#14215 = DIRECTION( '', ( 1.00000000000000, 0.000000000000000, 0.000000000000000 ) );
#14216 = DIRECTION( '', ( 0.000000000000000, 1.00000000000000, 0.000000000000000 ) );
#14217 = DIRECTION( '', ( 1.00000000000000, 0.000000000000000, 0.000000000000000 ) );
#14218 = DIRECTION( '', ( -1.00000000000000, -0.000000000000000, -0.000000000000000 ) );
#14219 = DIRECTION( '', ( -0.000000000000000, -0.000000000000000, -1.00000000000000 ) );
#14220 = DIRECTION( '', ( 0.000000000000000, -1.00000000000000, 0.000000000000000 ) );
#14221 = CARTESIAN_POINT( '', ( 0.237500000000000, -0.122500000000000, 0.0125000000000000 ) );
#14222 = DIRECTION( '', ( -1.00000000000000, 0.000000000000000, 0.000000000000000 ) );
#14223 = DIRECTION( '', ( 0.000000000000000, 0.000000000000000, 1.00000000000000 ) );
#14224 = DIRECTION( '', ( 0.000000000000000, -0.707106781186547, -0.707106781186547 ) );
#14225 = DIRECTION( '', ( 0.000000000000000, 1.00000000000000, 0.000000000000000 ) );
#14226 = DIRECTION( '', ( 0.000000000000000, -0.707106781186545, 0.707106781186549 ) );
#14227 = DIRECTION( '', ( 0.000000000000000, 0.000000000000000, 1.00000000000000 ) );
#14228 = CARTESIAN_POINT( '', ( 0.237500000000000, -0.122500000000000, 0.0125000000000000 ) );
#14229 = DIRECTION( '', ( -1.00000000000000, 0.000000000000000, 0.000000000000000 ) );
#14230 = DIRECTION( '', ( 0.000000000000000, 0.000000000000000, 1.00000000000000 ) );
#14231 = DIRECTION( '', ( 0.000000000000000, 0.000000000000000, -1.00000000000000 ) );
#14232 = DIRECTION( '', ( 0.000000000000000, 0.000000000000000, -1.00000000000000 ) );
#14233 = DIRECTION( '', ( -1.00000000000000, -0.000000000000000, -0.000000000000000 ) );
#14234 = DIRECTION( '', ( 0.000000000000000, 0.000000000000000, -1.00000000000000 ) );
#14235 = DIRECTION( '', ( 0.000000000000000, 1.00000000000000, 0.000000000000000 ) );
#14236 = DIRECTION( '', ( 0.000000000000000, 0.000000000000000, -1.00000000000000 ) );
#14237 = DIRECTION( '', ( 0.000000000000000, 1.00000000000000, 0.000000000000000 ) );
#14238 = DIRECTION( '', ( -1.00000000000000, -0.000000000000000, -0.000000000000000 ) );
#14239 = DIRECTION( '', ( 0.000000000000000, -0.707106781186546, 0.707106781186549 ) );
#14240 = DIRECTION( '', ( -1.00000000000000, -0.000000000000000, -0.000000000000000 ) );
#14241 = DIRECTION( '', ( 0.000000000000000, -0.707106781186548, 0.707106781186547 ) );
#14242 = DIRECTION( '', ( -1.00000000000000, -0.000000000000000, -0.000000000000000 ) );
#14243 = DIRECTION( '', ( 0.000000000000000, 0.707106781186548, -0.707106781186547 ) );
#14244 = DIRECTION( '', ( -1.00000000000000, -0.000000000000000, -0.000000000000000 ) );
#14245 = DIRECTION( '', ( -0.000000000000000, -0.000000000000000, -1.00000000000000 ) );
#14246 = DIRECTION( '', ( -0.000000000000000, -1.00000000000000, -0.000000000000000 ) );
#14247 = DIRECTION( '', ( 0.000000000000000, 0.000000000000000, 1.00000000000000 ) );
#14248 = DIRECTION( '', ( 0.000000000000000, 1.00000000000000, 0.000000000000000 ) );
#14249 = DIRECTION( '', ( -1.00000000000000, -0.000000000000000, -0.000000000000000 ) );
#14250 = DIRECTION( '', ( 0.000000000000000, 0.707106781186545, 0.707106781186549 ) );
#14251 = DIRECTION( '', ( -1.00000000000000, -0.000000000000000, -0.000000000000000 ) );
#14252 = DIRECTION( '', ( 0.000000000000000, 1.00000000000000, 0.000000000000000 ) );
#14253 = DIRECTION( '', ( -0.000000000000000, -0.000000000000000, -1.00000000000000 ) );
#14254 = DIRECTION( '', ( 0.000000000000000, -1.00000000000000, 0.000000000000000 ) );
#14255 = CARTESIAN_POINT( '', ( 0.137500000000000, -0.0225000000000000, -0.0875000000000000 ) );
#14256 = DIRECTION( '', ( -1.00000000000000, 0.000000000000000, 0.000000000000000 ) );
#14257 = DIRECTION( '', ( 0.000000000000000, 0.000000000000000, 1.00000000000000 ) );
#14258 = DIRECTION( '', ( 0.000000000000000, 1.25314128149737E-16, -1.00000000000000 ) );
#14259 = DIRECTION( '', ( 0.000000000000000, -0.707106781186547, -0.707106781186547 ) );
#14260 = DIRECTION( '', ( 0.000000000000000, 1.00000000000000, 0.000000000000000 ) );
#14261 = DIRECTION( '', ( 0.000000000000000, -0.707106781186548, 0.707106781186547 ) );
#14262 = DIRECTION( '', ( 0.000000000000000, -1.25314128149737E-16, 1.00000000000000 ) );
#14263 = CARTESIAN_POINT( '', ( 0.137500000000000, -0.0225000000000000, -0.0875000000000000 ) );
#14264 = DIRECTION( '', ( -1.00000000000000, 0.000000000000000, 0.000000000000000 ) );
#14265 = DIRECTION( '', ( 0.000000000000000, 0.000000000000000, 1.00000000000000 ) );
#14266 = DIRECTION( '', ( -0.529919264233204, -0.848048096156427, 0.000000000000000 ) );
#14267 = DIRECTION( '', ( -0.000000000000000, -0.000000000000000, -1.00000000000000 ) );
#14268 = DIRECTION( '', ( 0.000000000000000, 0.000000000000000, -1.00000000000000 ) );
#14269 = DIRECTION( '', ( 1.00000000000000, -0.000000000000000, 0.000000000000000 ) );
#14270 = DIRECTION( '', ( -0.000000000000000, -0.000000000000000, -1.00000000000000 ) );
#14271 = DIRECTION( '', ( -1.00000000000000, 0.000000000000000, 0.000000000000000 ) );
#14272 = DIRECTION( '', ( -0.000000000000000, -0.000000000000000, -1.00000000000000 ) );
#14273 = DIRECTION( '', ( 0.000000000000000, -1.25314128149737E-16, 1.00000000000000 ) );
#14274 = DIRECTION( '', ( 0.000000000000000, 1.25314128149737E-16, -1.00000000000000 ) );
#14275 = DIRECTION( '', ( -1.00000000000000, -0.000000000000000, -0.000000000000000 ) );
#14276 = DIRECTION( '', ( 0.000000000000000, 0.000000000000000, 1.00000000000000 ) );
#14277 = DIRECTION( '', ( 0.000000000000000, 0.000000000000000, -1.00000000000000 ) );
#14278 = DIRECTION( '', ( 0.000000000000000, -1.00000000000000, 0.000000000000000 ) );
#14279 = CARTESIAN_POINT( '', ( -0.137500000000000, -0.0225000000000000, -0.0875000000000000 ) );
#14280 = DIRECTION( '', ( 1.00000000000000, 0.000000000000000, -0.000000000000000 ) );
#14281 = DIRECTION( '', ( -0.000000000000000, 0.000000000000000, -1.00000000000000 ) );
#14282 = DIRECTION( '', ( 0.000000000000000, 1.25314128149737E-16, -1.00000000000000 ) );
#14283 = DIRECTION( '', ( 0.000000000000000, 0.707106781186548, -0.707106781186547 ) );
#14284 = DIRECTION( '', ( 0.000000000000000, 0.707106781186547, 0.707106781186547 ) );
#14285 = CARTESIAN_POINT( '', ( -0.137500000000000, -0.0225000000000000, -0.0875000000000000 ) );
#14286 = DIRECTION( '', ( 1.00000000000000, 0.000000000000000, -0.000000000000000 ) );
#14287 = DIRECTION( '', ( -0.000000000000000, 0.000000000000000, -1.00000000000000 ) );
#14288 = DIRECTION( '', ( -0.000000000000000, 1.00000000000000, 0.000000000000000 ) );
#14289 = DIRECTION( '', ( -0.000000000000000, -0.000000000000000, -1.00000000000000 ) );
#14290 = DIRECTION( '', ( 0.529919264233204, -0.848048096156427, 0.000000000000000 ) );
#14291 = DIRECTION( '', ( -1.00000000000000, 0.000000000000000, 0.000000000000000 ) );
#14292 = DIRECTION( '', ( 0.000000000000000, 1.00000000000000, 0.000000000000000 ) );
#14293 = DIRECTION( '', ( -1.00000000000000, 0.000000000000000, 0.000000000000000 ) );
#14294 = DIRECTION( '', ( 0.000000000000000, 1.00000000000000, 0.000000000000000 ) );
#14295 = DIRECTION( '', ( -1.00000000000000, 0.000000000000000, 0.000000000000000 ) );
#14296 = DIRECTION( '', ( 0.529919264233204, 0.848048096156427, 0.000000000000000 ) );
#14297 = DIRECTION( '', ( 0.0348994967025008, 0.999390827019096, 0.000000000000000 ) );
#14298 = DIRECTION( '', ( 0.0348994967025014, -0.999390827019096, 0.000000000000000 ) );
#14299 = DIRECTION( '', ( -1.00000000000000, -0.000000000000000, -0.000000000000000 ) );
#14300 = DIRECTION( '', ( -0.000000000000000, -0.000000000000000, -1.00000000000000 ) );
#14301 = DIRECTION( '', ( -1.00000000000000, -0.000000000000000, -0.000000000000000 ) );
#14302 = DIRECTION( '', ( -1.00000000000000, -0.000000000000000, -0.000000000000000 ) );
#14303 = CARTESIAN_POINT( '', ( 0.0625000000000000, -0.122500000000000, 0.0125000000000000 ) );
#14304 = DIRECTION( '', ( 1.00000000000000, 0.000000000000000, -0.000000000000000 ) );
#14305 = DIRECTION( '', ( -0.000000000000000, 0.000000000000000, -1.00000000000000 ) );
#14306 = DIRECTION( '', ( -1.00000000000000, -0.000000000000000, -0.000000000000000 ) );
#14307 = CARTESIAN_POINT( '', ( 0.0375000000000000, -0.122500000000000, 0.0125000000000000 ) );
#14308 = DIRECTION( '', ( -1.00000000000000, 0.000000000000000, 0.000000000000000 ) );
#14309 = DIRECTION( '', ( 0.000000000000000, 0.000000000000000, 1.00000000000000 ) );
#14310 = DIRECTION( '', ( 0.000000000000000, 0.000000000000000, 1.00000000000000 ) );
#14311 = DIRECTION( '', ( 0.000000000000000, 1.00000000000000, 0.000000000000000 ) );
#14312 = DIRECTION( '', ( 0.000000000000000, 0.000000000000000, 1.00000000000000 ) );
#14313 = DIRECTION( '', ( 0.000000000000000, 0.344254649158423, -0.938876315886609 ) );
#14314 = DIRECTION( '', ( -1.00000000000000, -0.000000000000000, -0.000000000000000 ) );
#14315 = DIRECTION( '', ( 0.000000000000000, 0.344254649158423, -0.938876315886609 ) );
#14316 = DIRECTION( '', ( -1.00000000000000, -0.000000000000000, -0.000000000000000 ) );
#14317 = DIRECTION( '', ( 0.000000000000000, 3.41480999208033E-16, 1.00000000000000 ) );
#14318 = DIRECTION( '', ( -1.00000000000000, -0.000000000000000, -0.000000000000000 ) );
#14319 = DIRECTION( '', ( -0.000000000000000, -0.000000000000000, -1.00000000000000 ) );
#14320 = DIRECTION( '', ( 0.0348994967025008, 0.999390827019096, 0.000000000000000 ) );
#14321 = DIRECTION( '', ( 0.000000000000000, 0.000000000000000, -1.00000000000000 ) );
#14322 = DIRECTION( '', ( 0.000000000000000, 0.000000000000000, -1.00000000000000 ) );
#14323 = DIRECTION( '', ( 0.000000000000000, 0.000000000000000, -1.00000000000000 ) );
#14324 = DIRECTION( '', ( 0.000000000000000, 1.00000000000000, 0.000000000000000 ) );
#14325 = DIRECTION( '', ( 0.000000000000000, 0.000000000000000, 1.00000000000000 ) );
#14326 = DIRECTION( '', ( -1.00000000000000, -0.000000000000000, -0.000000000000000 ) );
#14327 = DIRECTION( '', ( -1.00000000000000, -0.000000000000000, -0.000000000000000 ) );
#14328 = DIRECTION( '', ( 0.000000000000000, 0.707106781186546, -0.707106781186549 ) );
#14329 = DIRECTION( '', ( -1.00000000000000, -0.000000000000000, -0.000000000000000 ) );
#14330 = DIRECTION( '', ( 0.000000000000000, -0.707106781186546, 0.707106781186549 ) );
#14331 = DIRECTION( '', ( 0.000000000000000, 0.000000000000000, 1.00000000000000 ) );
#14332 = DIRECTION( '', ( 0.000000000000000, 1.00000000000000, 0.000000000000000 ) );
#14333 = DIRECTION( '', ( -0.000000000000000, 1.00000000000000, 0.000000000000000 ) );
#14334 = DIRECTION( '', ( 0.000000000000000, 1.00000000000000, 0.000000000000000 ) );
#14335 = DIRECTION( '', ( -1.00000000000000, -0.000000000000000, -0.000000000000000 ) );
#14336 = DIRECTION( '', ( -1.00000000000000, -0.000000000000000, -0.000000000000000 ) );
#14337 = DIRECTION( '', ( 0.000000000000000, 0.000000000000000, 1.00000000000000 ) );
#14338 = DIRECTION( '', ( -1.00000000000000, -0.000000000000000, -0.000000000000000 ) );
#14339 = DIRECTION( '', ( 0.000000000000000, 0.000000000000000, -1.00000000000000 ) );
#14340 = DIRECTION( '', ( 0.000000000000000, -0.707106781186546, -0.707106781186549 ) );
#14341 = DIRECTION( '', ( 0.000000000000000, -1.00000000000000, 0.000000000000000 ) );
#14342 = DIRECTION( '', ( 0.000000000000000, -3.41480999208033E-16, -1.00000000000000 ) );
#14343 = DIRECTION( '', ( 0.000000000000000, 1.00000000000000, 0.000000000000000 ) );
#14344 = DIRECTION( '', ( 0.000000000000000, -0.707106781186545, -0.707106781186549 ) );
#14345 = DIRECTION( '', ( 0.000000000000000, -1.00000000000000, 0.000000000000000 ) );
#14346 = DIRECTION( '', ( -0.000000000000000, -0.000000000000000, -1.00000000000000 ) );
#14347 = DIRECTION( '', ( -1.00000000000000, -0.000000000000000, -0.000000000000000 ) );
#14348 = DIRECTION( '', ( -1.00000000000000, -0.000000000000000, -0.000000000000000 ) );
#14349 = DIRECTION( '', ( -1.00000000000000, 0.000000000000000, 0.000000000000000 ) );
#14350 = DIRECTION( '', ( 0.000000000000000, 1.00000000000000, 0.000000000000000 ) );
#14351 = DIRECTION( '', ( -1.00000000000000, 0.000000000000000, 0.000000000000000 ) );
#14352 = DIRECTION( '', ( 0.000000000000000, 1.00000000000000, 0.000000000000000 ) );
#14353 = DIRECTION( '', ( 0.000000000000000, 0.000000000000000, -1.00000000000000 ) );
#14354 = DIRECTION( '', ( -1.00000000000000, -0.000000000000000, -0.000000000000000 ) );
#14355 = DIRECTION( '', ( 0.000000000000000, 0.000000000000000, 1.00000000000000 ) );
#14356 = DIRECTION( '', ( -1.00000000000000, -0.000000000000000, -0.000000000000000 ) );
#14357 = DIRECTION( '', ( 0.000000000000000, 1.25314128149737E-16, -1.00000000000000 ) );
#14358 = DIRECTION( '', ( -1.00000000000000, -0.000000000000000, -0.000000000000000 ) );
#14359 = DIRECTION( '', ( 0.000000000000000, -1.00000000000000, 0.000000000000000 ) );
#14360 = DIRECTION( '', ( -1.00000000000000, -0.000000000000000, -0.000000000000000 ) );
#14361 = DIRECTION( '', ( 0.000000000000000, 1.00000000000000, 0.000000000000000 ) );
#14362 = DIRECTION( '', ( 0.000000000000000, 0.000000000000000, 1.00000000000000 ) );
#14363 = DIRECTION( '', ( -1.00000000000000, -0.000000000000000, -0.000000000000000 ) );
#14364 = DIRECTION( '', ( 0.000000000000000, 0.000000000000000, 1.00000000000000 ) );
#14365 = DIRECTION( '', ( -1.00000000000000, -0.000000000000000, -0.000000000000000 ) );
#14366 = DIRECTION( '', ( 0.000000000000000, -0.707106781186547, -0.707106781186547 ) );
#14367 = DIRECTION( '', ( -1.00000000000000, -0.000000000000000, -0.000000000000000 ) );
#14368 = DIRECTION( '', ( -1.00000000000000, -0.000000000000000, -0.000000000000000 ) );
#14369 = DIRECTION( '', ( 0.000000000000000, 1.00000000000000, 0.000000000000000 ) );
#14370 = DIRECTION( '', ( -1.00000000000000, -0.000000000000000, -0.000000000000000 ) );
#14371 = DIRECTION( '', ( -1.00000000000000, -0.000000000000000, -0.000000000000000 ) );
#14372 = DIRECTION( '', ( 0.000000000000000, -0.707106781186545, 0.707106781186549 ) );
#14373 = DIRECTION( '', ( -1.00000000000000, 0.000000000000000, 0.000000000000000 ) );
#14374 = DIRECTION( '', ( -0.000000000000000, -0.000000000000000, -1.00000000000000 ) );
#14375 = DIRECTION( '', ( -1.00000000000000, -0.000000000000000, -0.000000000000000 ) );
#14376 = DIRECTION( '', ( 0.000000000000000, 0.707106781186545, 0.707106781186549 ) );
#14377 = DIRECTION( '', ( -1.00000000000000, -0.000000000000000, -0.000000000000000 ) );
#14378 = DIRECTION( '', ( 0.000000000000000, 0.707106781186545, -0.707106781186549 ) );
#14379 = DIRECTION( '', ( 0.000000000000000, 0.707106781186546, -0.707106781186549 ) );
#14380 = DIRECTION( '', ( -1.00000000000000, -0.000000000000000, -0.000000000000000 ) );
#14381 = DIRECTION( '', ( 0.000000000000000, 1.00000000000000, 0.000000000000000 ) );
#14382 = DIRECTION( '', ( -1.00000000000000, -0.000000000000000, -0.000000000000000 ) );
#14383 = DIRECTION( '', ( 0.000000000000000, -1.00000000000000, 0.000000000000000 ) );
#14384 = DIRECTION( '', ( -1.00000000000000, -0.000000000000000, -0.000000000000000 ) );
#14385 = CARTESIAN_POINT( '', ( -0.0375000000000000, -0.0225000000000000, -0.0875000000000000 ) );
#14386 = DIRECTION( '', ( 1.00000000000000, 0.000000000000000, -0.000000000000000 ) );
#14387 = DIRECTION( '', ( -0.000000000000000, 0.000000000000000, -1.00000000000000 ) );
#14388 = DIRECTION( '', ( -1.00000000000000, -0.000000000000000, -0.000000000000000 ) );
#14389 = CARTESIAN_POINT( '', ( -0.0625000000000000, -0.0225000000000000, -0.0875000000000000 ) );
#14390 = DIRECTION( '', ( -1.00000000000000, 0.000000000000000, 0.000000000000000 ) );
#14391 = DIRECTION( '', ( 0.000000000000000, 0.000000000000000, 1.00000000000000 ) );
#14392 = DIRECTION( '', ( 0.000000000000000, -1.00000000000000, 0.000000000000000 ) );
#14393 = DIRECTION( '', ( -0.000000000000000, -0.000000000000000, -1.00000000000000 ) );
#14394 = DIRECTION( '', ( 0.000000000000000, 0.000000000000000, 1.00000000000000 ) );
#14395 = DIRECTION( '', ( 0.000000000000000, 0.000000000000000, 1.00000000000000 ) );
#14396 = DIRECTION( '', ( 0.000000000000000, 0.000000000000000, 1.00000000000000 ) );
#14397 = DIRECTION( '', ( -1.00000000000000, -0.000000000000000, -0.000000000000000 ) );
#14398 = DIRECTION( '', ( 0.000000000000000, 1.00000000000000, 0.000000000000000 ) );
#14399 = DIRECTION( '', ( -1.00000000000000, -0.000000000000000, -0.000000000000000 ) );
#14400 = DIRECTION( '', ( 0.000000000000000, 1.00000000000000, 0.000000000000000 ) );
#14401 = DIRECTION( '', ( -1.00000000000000, -0.000000000000000, -0.000000000000000 ) );
#14402 = DIRECTION( '', ( 0.000000000000000, 1.00000000000000, 0.000000000000000 ) );
#14403 = DIRECTION( '', ( -1.00000000000000, -0.000000000000000, -0.000000000000000 ) );
#14404 = DIRECTION( '', ( 0.000000000000000, -1.00000000000000, 0.000000000000000 ) );
#14405 = DIRECTION( '', ( -1.00000000000000, -0.000000000000000, -0.000000000000000 ) );
#14406 = DIRECTION( '', ( 0.000000000000000, -1.00000000000000, 0.000000000000000 ) );
#14407 = DIRECTION( '', ( -0.000000000000000, -0.000000000000000, -1.00000000000000 ) );
#14408 = DIRECTION( '', ( 0.000000000000000, -1.00000000000000, 0.000000000000000 ) );
#14409 = DIRECTION( '', ( 0.000000000000000, 0.000000000000000, 1.00000000000000 ) );
#14410 = DIRECTION( '', ( 0.000000000000000, 0.000000000000000, -1.00000000000000 ) );
#14411 = DIRECTION( '', ( 0.000000000000000, 1.00000000000000, 0.000000000000000 ) );
#14412 = DIRECTION( '', ( 0.000000000000000, 0.000000000000000, -1.00000000000000 ) );
#14413 = DIRECTION( '', ( 0.000000000000000, -1.00000000000000, 0.000000000000000 ) );
#14414 = DIRECTION( '', ( 0.000000000000000, 0.000000000000000, 1.00000000000000 ) );
#14415 = DIRECTION( '', ( 0.000000000000000, 1.00000000000000, 0.000000000000000 ) );
#14416 = DIRECTION( '', ( 0.000000000000000, 0.000000000000000, 1.00000000000000 ) );
#14417 = DIRECTION( '', ( 0.000000000000000, 0.707106781186547, 0.707106781186547 ) );
#14418 = DIRECTION( '', ( -1.00000000000000, -0.000000000000000, -0.000000000000000 ) );
#14419 = DIRECTION( '', ( 0.000000000000000, -0.707106781186547, -0.707106781186547 ) );
#14420 = DIRECTION( '', ( -1.00000000000000, -0.000000000000000, -0.000000000000000 ) );
#14421 = DIRECTION( '', ( 0.000000000000000, 0.707106781186545, 0.707106781186549 ) );
#14422 = DIRECTION( '', ( -1.00000000000000, -0.000000000000000, -0.000000000000000 ) );
#14423 = DIRECTION( '', ( 0.000000000000000, -1.00000000000000, 0.000000000000000 ) );
#14424 = DIRECTION( '', ( -1.00000000000000, -0.000000000000000, -0.000000000000000 ) );
#14425 = DIRECTION( '', ( 0.000000000000000, 1.00000000000000, 0.000000000000000 ) );
#14426 = DIRECTION( '', ( -1.00000000000000, -0.000000000000000, -0.000000000000000 ) );
#14427 = DIRECTION( '', ( 0.000000000000000, -0.707106781186546, -0.707106781186549 ) );
#14428 = DIRECTION( '', ( -1.00000000000000, -0.000000000000000, -0.000000000000000 ) );
#14429 = DIRECTION( '', ( -1.00000000000000, -0.000000000000000, -0.000000000000000 ) );
#14430 = CARTESIAN_POINT( '', ( 0.0625000000000000, -0.0225000000000000, -0.0875000000000000 ) );
#14431 = DIRECTION( '', ( 1.00000000000000, 0.000000000000000, -0.000000000000000 ) );
#14432 = DIRECTION( '', ( -0.000000000000000, 0.000000000000000, -1.00000000000000 ) );
#14433 = DIRECTION( '', ( 0.000000000000000, 1.25314128149737E-16, -1.00000000000000 ) );
#14434 = DIRECTION( '', ( 0.000000000000000, 0.707106781186548, -0.707106781186547 ) );
#14435 = DIRECTION( '', ( 0.000000000000000, 0.707106781186547, 0.707106781186547 ) );
#14436 = DIRECTION( '', ( 0.000000000000000, -1.25314128149737E-16, 1.00000000000000 ) );
#14437 = CARTESIAN_POINT( '', ( 0.0625000000000000, -0.0225000000000000, -0.0875000000000000 ) );
#14438 = DIRECTION( '', ( 1.00000000000000, 0.000000000000000, -0.000000000000000 ) );
#14439 = DIRECTION( '', ( -0.000000000000000, 0.000000000000000, -1.00000000000000 ) );
#14440 = DIRECTION( '', ( -0.000000000000000, 1.00000000000000, 0.000000000000000 ) );
#14441 = DIRECTION( '', ( -0.000000000000000, -0.000000000000000, -1.00000000000000 ) );
#14442 = DIRECTION( '', ( -1.00000000000000, -0.000000000000000, -0.000000000000000 ) );
#14443 = DIRECTION( '', ( 0.000000000000000, -1.00000000000000, 0.000000000000000 ) );
#14444 = DIRECTION( '', ( -1.00000000000000, -0.000000000000000, -0.000000000000000 ) );
#14445 = DIRECTION( '', ( 0.000000000000000, -1.00000000000000, 0.000000000000000 ) );
#14446 = DIRECTION( '', ( -1.00000000000000, -0.000000000000000, -0.000000000000000 ) );
#14447 = CARTESIAN_POINT( '', ( 0.237500000000000, -0.0225000000000000, -0.0875000000000000 ) );
#14448 = DIRECTION( '', ( -1.00000000000000, 0.000000000000000, 0.000000000000000 ) );
#14449 = DIRECTION( '', ( 0.000000000000000, 0.000000000000000, 1.00000000000000 ) );
#14450 = DIRECTION( '', ( -1.00000000000000, -0.000000000000000, -0.000000000000000 ) );
#14451 = CARTESIAN_POINT( '', ( 0.262500000000000, -0.0225000000000000, -0.0875000000000000 ) );
#14452 = DIRECTION( '', ( 1.00000000000000, 0.000000000000000, 0.000000000000000 ) );
#14453 = DIRECTION( '', ( 0.000000000000000, 0.000000000000000, -1.00000000000000 ) );
#14454 = DIRECTION( '', ( -1.00000000000000, -0.000000000000000, -0.000000000000000 ) );
#14455 = DIRECTION( '', ( 1.00000000000000, 0.000000000000000, 0.000000000000000 ) );
#14456 = DIRECTION( '', ( 0.000000000000000, 1.00000000000000, 0.000000000000000 ) );
#14457 = DIRECTION( '', ( -1.00000000000000, -0.000000000000000, -0.000000000000000 ) );
#14458 = DIRECTION( '', ( 0.000000000000000, 1.00000000000000, 0.000000000000000 ) );
#14459 = DIRECTION( '', ( 1.00000000000000, 0.000000000000000, 0.000000000000000 ) );
#14460 = DIRECTION( '', ( -0.000000000000000, -1.00000000000000, -0.000000000000000 ) );
#14461 = DIRECTION( '', ( -1.00000000000000, 0.000000000000000, 0.000000000000000 ) );
#14462 = DIRECTION( '', ( 1.00000000000000, 0.000000000000000, 0.000000000000000 ) );
#14463 = DIRECTION( '', ( 0.000000000000000, 1.00000000000000, 0.000000000000000 ) );
#14464 = DIRECTION( '', ( -1.00000000000000, 0.000000000000000, 0.000000000000000 ) );
#14465 = DIRECTION( '', ( 0.000000000000000, -1.00000000000000, 0.000000000000000 ) );
#14466 = DIRECTION( '', ( 0.000000000000000, 1.00000000000000, 0.000000000000000 ) );
#14467 = DIRECTION( '', ( -1.00000000000000, 0.000000000000000, 0.000000000000000 ) );
#14468 = DIRECTION( '', ( 0.000000000000000, -1.00000000000000, 0.000000000000000 ) );
#14469 = DIRECTION( '', ( 1.00000000000000, 0.000000000000000, 0.000000000000000 ) );
#14470 = DIRECTION( '', ( 0.000000000000000, 1.00000000000000, 0.000000000000000 ) );
#14471 = DIRECTION( '', ( -1.00000000000000, 0.000000000000000, 0.000000000000000 ) );
#14472 = DIRECTION( '', ( -1.00000000000000, 0.000000000000000, 0.000000000000000 ) );
#14473 = DIRECTION( '', ( 0.000000000000000, 1.00000000000000, 0.000000000000000 ) );
#14474 = DIRECTION( '', ( -1.00000000000000, 0.000000000000000, 0.000000000000000 ) );
#14475 = DIRECTION( '', ( -0.000000000000000, -1.00000000000000, -0.000000000000000 ) );
#14476 = DIRECTION( '', ( 0.000000000000000, 0.000000000000000, 1.00000000000000 ) );
#14477 = DIRECTION( '', ( -1.00000000000000, -0.000000000000000, -0.000000000000000 ) );
#14478 = DIRECTION( '', ( 0.000000000000000, -1.00000000000000, 0.000000000000000 ) );
#14479 = DIRECTION( '', ( -1.00000000000000, -0.000000000000000, -0.000000000000000 ) );
#14480 = DIRECTION( '', ( -0.529919264233205, 0.848048096156426, 0.000000000000000 ) );
#14481 = DIRECTION( '', ( 0.000000000000000, 0.000000000000000, 1.00000000000000 ) );
#14482 = DIRECTION( '', ( -0.000000000000000, 1.00000000000000, 0.000000000000000 ) );
#14483 = DIRECTION( '', ( 0.000000000000000, -1.00000000000000, 0.000000000000000 ) );
#14484 = DIRECTION( '', ( -1.00000000000000, -0.000000000000000, -0.000000000000000 ) );
#14485 = DIRECTION( '', ( 0.000000000000000, 0.707106781186545, -0.707106781186549 ) );
#14486 = DIRECTION( '', ( 0.000000000000000, -0.707106781186545, 0.707106781186549 ) );
#14487 = DIRECTION( '', ( -1.00000000000000, -0.000000000000000, -0.000000000000000 ) );
#14488 = CARTESIAN_POINT( '', ( -0.137500000000000, -0.122500000000000, 0.0125000000000000 ) );
#14489 = DIRECTION( '', ( 1.00000000000000, 0.000000000000000, -0.000000000000000 ) );
#14490 = DIRECTION( '', ( -0.000000000000000, 0.000000000000000, -1.00000000000000 ) );
#14491 = CARTESIAN_POINT( '', ( -0.162500000000000, -0.122500000000000, 0.0125000000000000 ) );
#14492 = DIRECTION( '', ( -1.00000000000000, 0.000000000000000, 0.000000000000000 ) );
#14493 = DIRECTION( '', ( 0.000000000000000, 0.000000000000000, 1.00000000000000 ) );
#14494 = DIRECTION( '', ( -1.00000000000000, -0.000000000000000, -0.000000000000000 ) );
#14495 = DIRECTION( '', ( 0.000000000000000, -1.00000000000000, 0.000000000000000 ) );
#14496 = DIRECTION( '', ( -1.00000000000000, -0.000000000000000, -0.000000000000000 ) );
#14497 = DIRECTION( '', ( -1.00000000000000, -0.000000000000000, -0.000000000000000 ) );
#14498 = DIRECTION( '', ( -1.00000000000000, -0.000000000000000, -0.000000000000000 ) );
#14499 = CARTESIAN_POINT( '', ( 0.137500000000000, -0.122500000000000, 0.0125000000000000 ) );
#14500 = DIRECTION( '', ( -1.00000000000000, 0.000000000000000, 0.000000000000000 ) );
#14501 = DIRECTION( '', ( 0.000000000000000, 0.000000000000000, 1.00000000000000 ) );
#14502 = DIRECTION( '', ( -1.00000000000000, -0.000000000000000, -0.000000000000000 ) );
#14503 = DIRECTION( '', ( -1.00000000000000, 0.000000000000000, 0.000000000000000 ) );
#14504 = DIRECTION( '', ( 0.000000000000000, 1.00000000000000, 0.000000000000000 ) );
#14505 = DIRECTION( '', ( -1.00000000000000, 0.000000000000000, 0.000000000000000 ) );
#14506 = DIRECTION( '', ( 0.000000000000000, 1.00000000000000, 0.000000000000000 ) );
#14507 = DIRECTION( '', ( 0.000000000000000, -1.00000000000000, 0.000000000000000 ) );
#14508 = DIRECTION( '', ( -1.00000000000000, -0.000000000000000, -0.000000000000000 ) );
#14509 = DIRECTION( '', ( 0.000000000000000, 1.00000000000000, 0.000000000000000 ) );
#14510 = DIRECTION( '', ( -1.00000000000000, -0.000000000000000, -0.000000000000000 ) );
#14511 = CARTESIAN_POINT( '', ( 0.0625000000000000, -0.122500000000000, 0.0125000000000000 ) );
#14512 = DIRECTION( '', ( 1.00000000000000, 0.000000000000000, -0.000000000000000 ) );
#14513 = DIRECTION( '', ( -0.000000000000000, 0.000000000000000, -1.00000000000000 ) );
#14514 = DIRECTION( '', ( 0.000000000000000, -1.00000000000000, 0.000000000000000 ) );
#14515 = DIRECTION( '', ( 0.000000000000000, -7.22711109434990E-17, 1.00000000000000 ) );
#14516 = DIRECTION( '', ( -0.000000000000000, -0.000000000000000, -1.00000000000000 ) );
#14517 = DIRECTION( '', ( 0.000000000000000, 0.707106781186546, 0.707106781186549 ) );
#14518 = DIRECTION( '', ( -1.00000000000000, -0.000000000000000, -0.000000000000000 ) );
#14519 = DIRECTION( '', ( 0.000000000000000, 0.707106781186546, 0.707106781186549 ) );
#14520 = DIRECTION( '', ( -1.00000000000000, -0.000000000000000, -0.000000000000000 ) );
#14521 = DIRECTION( '', ( 0.000000000000000, 0.707106781186545, -0.707106781186549 ) );
#14522 = DIRECTION( '', ( 0.000000000000000, -0.707106781186545, 0.707106781186549 ) );
#14523 = DIRECTION( '', ( -1.00000000000000, -0.000000000000000, -0.000000000000000 ) );
#14524 = DIRECTION( '', ( 0.000000000000000, 0.000000000000000, 1.00000000000000 ) );
#14525 = DIRECTION( '', ( 0.000000000000000, -1.00000000000000, 0.000000000000000 ) );
#14526 = DIRECTION( '', ( 0.000000000000000, 0.000000000000000, 1.00000000000000 ) );
#14527 = DIRECTION( '', ( 0.000000000000000, 1.00000000000000, 0.000000000000000 ) );
#14528 = DIRECTION( '', ( 0.000000000000000, 0.000000000000000, 1.00000000000000 ) );
#14529 = DIRECTION( '', ( 0.000000000000000, 0.000000000000000, 1.00000000000000 ) );
#14530 = DIRECTION( '', ( -1.00000000000000, -0.000000000000000, -0.000000000000000 ) );
#14531 = DIRECTION( '', ( -1.00000000000000, -0.000000000000000, -0.000000000000000 ) );
#14532 = DIRECTION( '', ( 0.000000000000000, -1.25314128149737E-16, 1.00000000000000 ) );
#14533 = DIRECTION( '', ( -1.00000000000000, -0.000000000000000, -0.000000000000000 ) );
#14534 = DIRECTION( '', ( 0.000000000000000, 0.000000000000000, -1.00000000000000 ) );
#14535 = DIRECTION( '', ( -0.000000000000000, -1.00000000000000, -0.000000000000000 ) );
#14536 = DIRECTION( '', ( 0.000000000000000, 0.000000000000000, 1.00000000000000 ) );
#14537 = DIRECTION( '', ( 0.000000000000000, -1.00000000000000, 0.000000000000000 ) );
#14538 = DIRECTION( '', ( 0.000000000000000, 1.00000000000000, 0.000000000000000 ) );
#14539 = DIRECTION( '', ( -1.00000000000000, -0.000000000000000, -0.000000000000000 ) );
#14540 = DIRECTION( '', ( 0.000000000000000, 0.000000000000000, -1.00000000000000 ) );
#14541 = DIRECTION( '', ( -1.00000000000000, 0.000000000000000, 0.000000000000000 ) );
#14542 = DIRECTION( '', ( -1.00000000000000, -0.000000000000000, -0.000000000000000 ) );
#14543 = DIRECTION( '', ( -0.000000000000000, -0.000000000000000, -1.00000000000000 ) );
#14544 = DIRECTION( '', ( -0.000000000000000, -0.000000000000000, -1.00000000000000 ) );
#14545 = DIRECTION( '', ( -1.00000000000000, -0.000000000000000, -0.000000000000000 ) );
#14546 = DIRECTION( '', ( -1.00000000000000, -0.000000000000000, -0.000000000000000 ) );
#14547 = DIRECTION( '', ( -0.000000000000000, -0.000000000000000, -1.00000000000000 ) );
#14548 = DIRECTION( '', ( -1.00000000000000, -0.000000000000000, -0.000000000000000 ) );
#14549 = DIRECTION( '', ( -0.000000000000000, -0.000000000000000, -1.00000000000000 ) );
#14550 = DIRECTION( '', ( -0.000000000000000, -0.000000000000000, -1.00000000000000 ) );
#14551 = DIRECTION( '', ( -0.000000000000000, -0.000000000000000, -1.00000000000000 ) );
#14552 = DIRECTION( '', ( -0.000000000000000, -0.000000000000000, -1.00000000000000 ) );
#14553 = DIRECTION( '', ( -0.000000000000000, -0.000000000000000, -1.00000000000000 ) );
#14554 = DIRECTION( '', ( -1.00000000000000, -0.000000000000000, -0.000000000000000 ) );
#14555 = DIRECTION( '', ( -0.000000000000000, -0.000000000000000, -1.00000000000000 ) );
#14556 = DIRECTION( '', ( -0.000000000000000, -0.000000000000000, -1.00000000000000 ) );
#14557 = DIRECTION( '', ( -0.000000000000000, -0.000000000000000, -1.00000000000000 ) );
#14558 = DIRECTION( '', ( -1.00000000000000, -0.000000000000000, -0.000000000000000 ) );
#14559 = DIRECTION( '', ( -0.000000000000000, -0.000000000000000, -1.00000000000000 ) );
#14560 = DIRECTION( '', ( 0.000000000000000, 0.000000000000000, -1.00000000000000 ) );
#14561 = DIRECTION( '', ( -1.00000000000000, 0.000000000000000, 0.000000000000000 ) );
#14562 = DIRECTION( '', ( -0.000000000000000, -0.000000000000000, -1.00000000000000 ) );
#14563 = DIRECTION( '', ( -1.00000000000000, -0.000000000000000, -0.000000000000000 ) );
#14564 = DIRECTION( '', ( -1.00000000000000, 0.000000000000000, 0.000000000000000 ) );
#14565 = DIRECTION( '', ( 1.00000000000000, 0.000000000000000, 0.000000000000000 ) );
#14566 = DIRECTION( '', ( -0.000000000000000, -0.000000000000000, -1.00000000000000 ) );
#14567 = DIRECTION( '', ( -1.00000000000000, -0.000000000000000, -0.000000000000000 ) );
#14568 = DIRECTION( '', ( -0.000000000000000, -0.000000000000000, -1.00000000000000 ) );
#14569 = DIRECTION( '', ( 1.00000000000000, 0.000000000000000, 0.000000000000000 ) );
#14570 = DIRECTION( '', ( -0.000000000000000, -0.000000000000000, -1.00000000000000 ) );
#14571 = DIRECTION( '', ( -0.000000000000000, -0.000000000000000, -1.00000000000000 ) );
#14572 = DIRECTION( '', ( 1.00000000000000, 0.000000000000000, 0.000000000000000 ) );
#14573 = DIRECTION( '', ( 0.000000000000000, 0.000000000000000, -1.00000000000000 ) );
#14574 = DIRECTION( '', ( 1.00000000000000, 0.000000000000000, 0.000000000000000 ) );
#14575 = DIRECTION( '', ( 0.000000000000000, -1.00000000000000, 0.000000000000000 ) );
#14576 = DIRECTION( '', ( -1.00000000000000, -0.000000000000000, -0.000000000000000 ) );
#14577 = DIRECTION( '', ( -0.000000000000000, 1.00000000000000, 0.000000000000000 ) );
#14578 = DIRECTION( '', ( -1.00000000000000, -0.000000000000000, -0.000000000000000 ) );
#14579 = DIRECTION( '', ( 0.000000000000000, -1.00000000000000, 0.000000000000000 ) );
#14580 = DIRECTION( '', ( 0.000000000000000, 3.41480999208033E-16, 1.00000000000000 ) );
#14581 = DIRECTION( '', ( -1.00000000000000, -0.000000000000000, -0.000000000000000 ) );
#14582 = DIRECTION( '', ( 0.000000000000000, 3.41480999208033E-16, 1.00000000000000 ) );
#14583 = DIRECTION( '', ( -1.00000000000000, -0.000000000000000, -0.000000000000000 ) );
#14584 = DIRECTION( '', ( -0.000000000000000, -0.000000000000000, -1.00000000000000 ) );
#14585 = DIRECTION( '', ( 0.0348994967025016, -0.999390827019096, 0.000000000000000 ) );
#14586 = DIRECTION( '', ( -0.000000000000000, -0.000000000000000, -1.00000000000000 ) );
#14587 = DIRECTION( '', ( 0.000000000000000, 1.00000000000000, 0.000000000000000 ) );
#14588 = DIRECTION( '', ( 0.000000000000000, 1.00000000000000, 0.000000000000000 ) );
#14589 = DIRECTION( '', ( -1.00000000000000, 0.000000000000000, 0.000000000000000 ) );
#14590 = DIRECTION( '', ( -0.000000000000000, -0.000000000000000, -1.00000000000000 ) );
#14591 = DIRECTION( '', ( -1.00000000000000, -0.000000000000000, -0.000000000000000 ) );
#14592 = DIRECTION( '', ( -1.00000000000000, -0.000000000000000, -0.000000000000000 ) );
#14593 = DIRECTION( '', ( -1.00000000000000, 0.000000000000000, 0.000000000000000 ) );
#14594 = DIRECTION( '', ( 0.000000000000000, 0.000000000000000, 1.00000000000000 ) );
#14595 = DIRECTION( '', ( 0.000000000000000, 0.000000000000000, -1.00000000000000 ) );
#14596 = DIRECTION( '', ( -0.529919264233205, 0.848048096156426, 0.000000000000000 ) );
#14597 = DIRECTION( '', ( 0.000000000000000, 0.000000000000000, 1.00000000000000 ) );
#14598 = DIRECTION( '', ( 0.529919264233205, -0.848048096156426, 0.000000000000000 ) );
#14599 = DIRECTION( '', ( -0.000000000000000, -0.000000000000000, -1.00000000000000 ) );
#14600 = DIRECTION( '', ( 0.000000000000000, -1.00000000000000, 0.000000000000000 ) );
#14601 = DIRECTION( '', ( 0.000000000000000, 0.000000000000000, -1.00000000000000 ) );
#14602 = DIRECTION( '', ( 0.000000000000000, -0.707106781186545, 0.707106781186549 ) );
#14603 = DIRECTION( '', ( 0.000000000000000, -1.00000000000000, 0.000000000000000 ) );
#14604 = DIRECTION( '', ( 0.000000000000000, 1.00000000000000, 0.000000000000000 ) );
#14605 = DIRECTION( '', ( -1.00000000000000, -0.000000000000000, -0.000000000000000 ) );
#14606 = DIRECTION( '', ( -1.00000000000000, -0.000000000000000, -0.000000000000000 ) );
#14607 = DIRECTION( '', ( 0.000000000000000, -0.707106781186548, 0.707106781186547 ) );
#14608 = DIRECTION( '', ( 0.000000000000000, 1.00000000000000, 0.000000000000000 ) );
#14609 = DIRECTION( '', ( -0.000000000000000, -0.000000000000000, -1.00000000000000 ) );
#14610 = DIRECTION( '', ( 0.000000000000000, -1.00000000000000, 0.000000000000000 ) );
#14611 = CARTESIAN_POINT( '', ( -0.0625000000000000, -0.0225000000000000, -0.0875000000000000 ) );
#14612 = DIRECTION( '', ( -1.00000000000000, 0.000000000000000, 0.000000000000000 ) );
#14613 = DIRECTION( '', ( 0.000000000000000, 0.000000000000000, 1.00000000000000 ) );
#14614 = DIRECTION( '', ( 0.000000000000000, 1.00000000000000, 0.000000000000000 ) );
#14615 = DIRECTION( '', ( 0.000000000000000, -0.707106781186548, 0.707106781186547 ) );
#14616 = DIRECTION( '', ( 0.000000000000000, 0.000000000000000, -1.00000000000000 ) );
#14617 = DIRECTION( '', ( -0.000000000000000, -0.000000000000000, -1.00000000000000 ) );
#14618 = DIRECTION( '', ( -0.000000000000000, -1.00000000000000, -0.000000000000000 ) );
#14619 = DIRECTION( '', ( -1.00000000000000, -0.000000000000000, -0.000000000000000 ) );
#14620 = DIRECTION( '', ( 0.000000000000000, 1.00000000000000, 0.000000000000000 ) );
#14621 = DIRECTION( '', ( 0.000000000000000, 1.25314128149737E-16, -1.00000000000000 ) );
#14622 = DIRECTION( '', ( 0.000000000000000, -1.25314128149737E-16, 1.00000000000000 ) );
#14623 = DIRECTION( '', ( -0.000000000000000, -0.000000000000000, -1.00000000000000 ) );
#14624 = DIRECTION( '', ( 0.000000000000000, 7.22711109434990E-17, -1.00000000000000 ) );
#14625 = DIRECTION( '', ( 0.000000000000000, 1.00000000000000, 0.000000000000000 ) );
#14626 = CARTESIAN_POINT( '', ( 0.0375000000000000, -0.122500000000000, 0.0125000000000000 ) );
#14627 = DIRECTION( '', ( -1.00000000000000, 0.000000000000000, 0.000000000000000 ) );
#14628 = DIRECTION( '', ( 0.000000000000000, 0.000000000000000, 1.00000000000000 ) );
#14629 = DIRECTION( '', ( 0.000000000000000, 0.707106781186545, -0.707106781186549 ) );
#14630 = DIRECTION( '', ( -1.00000000000000, -0.000000000000000, -0.000000000000000 ) );
#14631 = DIRECTION( '', ( -0.000000000000000, -0.000000000000000, -1.00000000000000 ) );
#14632 = DIRECTION( '', ( -0.000000000000000, 1.00000000000000, 0.000000000000000 ) );
#14633 = DIRECTION( '', ( 0.000000000000000, 0.707106781186545, 0.707106781186549 ) );
#14634 = DIRECTION( '', ( 0.000000000000000, -0.707106781186546, 0.707106781186549 ) );
#14635 = DIRECTION( '', ( 0.000000000000000, -1.00000000000000, 0.000000000000000 ) );
#14636 = DIRECTION( '', ( -0.000000000000000, 1.00000000000000, 0.000000000000000 ) );
#14637 = DIRECTION( '', ( 0.000000000000000, -0.707106781186545, 0.707106781186549 ) );
#14638 = DIRECTION( '', ( 0.000000000000000, 0.707106781186547, 0.707106781186547 ) );
#14639 = DIRECTION( '', ( 0.000000000000000, -7.22711109434990E-17, 1.00000000000000 ) );
#14640 = DIRECTION( '', ( -0.000000000000000, -0.000000000000000, -1.00000000000000 ) );
#14641 = DIRECTION( '', ( -0.000000000000000, -0.000000000000000, -1.00000000000000 ) );
#14642 = DIRECTION( '', ( -0.000000000000000, -0.000000000000000, -1.00000000000000 ) );
#14643 = DIRECTION( '', ( 0.000000000000000, -0.707106781186546, -0.707106781186549 ) );
#14644 = DIRECTION( '', ( -1.00000000000000, -0.000000000000000, -0.000000000000000 ) );
#14645 = DIRECTION( '', ( 0.000000000000000, 0.707106781186546, 0.707106781186549 ) );
#14646 = DIRECTION( '', ( -1.00000000000000, -0.000000000000000, -0.000000000000000 ) );
#14647 = DIRECTION( '', ( 0.000000000000000, 1.00000000000000, 0.000000000000000 ) );
#14648 = DIRECTION( '', ( 0.000000000000000, -7.22711109434990E-17, 1.00000000000000 ) );
#14649 = DIRECTION( '', ( 0.000000000000000, 7.22711109434990E-17, -1.00000000000000 ) );
#14650 = DIRECTION( '', ( -1.00000000000000, -0.000000000000000, -0.000000000000000 ) );
#14651 = DIRECTION( '', ( -0.0348994967025016, 0.999390827019096, 0.000000000000000 ) );
#14652 = DIRECTION( '', ( 0.0348994967025016, -0.999390827019096, 0.000000000000000 ) );
#14653 = DIRECTION( '', ( 0.000000000000000, 0.707106781186545, 0.707106781186549 ) );
#14654 = DIRECTION( '', ( 0.000000000000000, 1.00000000000000, 0.000000000000000 ) );
#14655 = CARTESIAN_POINT( '', ( -0.262500000000000, -0.0225000000000000, -0.0875000000000000 ) );
#14656 = DIRECTION( '', ( 1.00000000000000, 0.000000000000000, 0.000000000000000 ) );
#14657 = DIRECTION( '', ( 0.000000000000000, 0.000000000000000, -1.00000000000000 ) );
#14658 = DIRECTION( '', ( 0.000000000000000, 0.707106781186547, 0.707106781186547 ) );
#14659 = DIRECTION( '', ( 0.000000000000000, 1.00000000000000, 0.000000000000000 ) );
#14660 = DIRECTION( '', ( 0.000000000000000, 0.707106781186548, -0.707106781186547 ) );
#14661 = DIRECTION( '', ( 0.000000000000000, -1.13826999736011E-16, -1.00000000000000 ) );
#14662 = DIRECTION( '', ( 0.000000000000000, -7.22711109434991E-17, 1.00000000000000 ) );
#14663 = DIRECTION( '', ( 0.000000000000000, 0.707106781186547, 0.707106781186547 ) );
#14664 = DIRECTION( '', ( 0.000000000000000, -0.707106781186545, 0.707106781186549 ) );
#14665 = DIRECTION( '', ( 0.000000000000000, 1.00000000000000, 0.000000000000000 ) );
#14666 = DIRECTION( '', ( 0.000000000000000, -1.00000000000000, 0.000000000000000 ) );
#14667 = DIRECTION( '', ( 0.000000000000000, -0.707106781186546, 0.707106781186549 ) );
#14668 = DIRECTION( '', ( -1.00000000000000, -0.000000000000000, -0.000000000000000 ) );
#14669 = DIRECTION( '', ( -1.00000000000000, -0.000000000000000, -0.000000000000000 ) );
#14670 = DIRECTION( '', ( 0.000000000000000, 0.000000000000000, -1.00000000000000 ) );
#14671 = DIRECTION( '', ( -1.00000000000000, -0.000000000000000, -0.000000000000000 ) );
#14672 = DIRECTION( '', ( -1.00000000000000, 0.000000000000000, 0.000000000000000 ) );
#14673 = DIRECTION( '', ( 0.000000000000000, 1.00000000000000, 0.000000000000000 ) );
#14674 = DIRECTION( '', ( -1.00000000000000, 0.000000000000000, 0.000000000000000 ) );
#14675 = DIRECTION( '', ( -1.00000000000000, -0.000000000000000, -0.000000000000000 ) );
#14676 = CARTESIAN_POINT( '', ( 0.262500000000000, -0.122500000000000, 0.0125000000000000 ) );
#14677 = DIRECTION( '', ( 1.00000000000000, 0.000000000000000, 0.000000000000000 ) );
#14678 = DIRECTION( '', ( 0.000000000000000, 0.000000000000000, -1.00000000000000 ) );
#14679 = DIRECTION( '', ( -0.000000000000000, -0.000000000000000, -1.00000000000000 ) );
#14680 = DIRECTION( '', ( 1.00000000000000, 0.000000000000000, -0.000000000000000 ) );
#14681 = DIRECTION( '', ( -0.000000000000000, -0.000000000000000, -1.00000000000000 ) );
#14682 = DIRECTION( '', ( 1.00000000000000, 0.000000000000000, -0.000000000000000 ) );
#14683 = DIRECTION( '', ( -1.00000000000000, -0.000000000000000, -0.000000000000000 ) );
#14684 = DIRECTION( '', ( -0.000000000000000, -0.000000000000000, -1.00000000000000 ) );
#14685 = DIRECTION( '', ( 1.00000000000000, 0.000000000000000, -0.000000000000000 ) );
#14686 = DIRECTION( '', ( -0.000000000000000, -0.000000000000000, -1.00000000000000 ) );
#14687 = DIRECTION( '', ( 1.00000000000000, 0.000000000000000, -0.000000000000000 ) );
#14688 = DIRECTION( '', ( -1.00000000000000, -0.000000000000000, -0.000000000000000 ) );
#14689 = DIRECTION( '', ( 1.00000000000000, 0.000000000000000, -0.000000000000000 ) );
#14690 = DIRECTION( '', ( -0.000000000000000, -0.000000000000000, -1.00000000000000 ) );
#14691 = DIRECTION( '', ( -1.00000000000000, -0.000000000000000, -0.000000000000000 ) );
#14692 = DIRECTION( '', ( 0.000000000000000, -1.13826999736011E-16, -1.00000000000000 ) );
#14693 = DIRECTION( '', ( -1.00000000000000, -0.000000000000000, -0.000000000000000 ) );
#14694 = DIRECTION( '', ( -0.000000000000000, -0.000000000000000, -1.00000000000000 ) );
#14695 = DIRECTION( '', ( -0.000000000000000, -0.000000000000000, -1.00000000000000 ) );
#14696 = DIRECTION( '', ( -0.000000000000000, -0.000000000000000, -1.00000000000000 ) );
#14697 = DIRECTION( '', ( -1.00000000000000, -0.000000000000000, -0.000000000000000 ) );
#14698 = DIRECTION( '', ( 0.000000000000000, -0.707106781186545, 0.707106781186549 ) );
#14699 = DIRECTION( '', ( -0.0348994967025007, -0.999390827019096, 0.000000000000000 ) );
#14700 = DIRECTION( '', ( -0.000000000000000, -0.000000000000000, -1.00000000000000 ) );
#14701 = DIRECTION( '', ( -0.000000000000000, -0.000000000000000, -1.00000000000000 ) );
#14702 = DIRECTION( '', ( -1.00000000000000, 0.000000000000000, 0.000000000000000 ) );
#14703 = DIRECTION( '', ( -0.000000000000000, 1.00000000000000, 0.000000000000000 ) );
#14704 = DIRECTION( '', ( 0.000000000000000, -0.707106781186546, 0.707106781186549 ) );
#14705 = DIRECTION( '', ( 0.000000000000000, 3.41480999208033E-16, 1.00000000000000 ) );
#14706 = DIRECTION( '', ( -0.000000000000000, 1.00000000000000, 0.000000000000000 ) );
#14707 = DIRECTION( '', ( 0.000000000000000, 0.000000000000000, 1.00000000000000 ) );
#14708 = DIRECTION( '', ( 1.00000000000000, 0.000000000000000, 0.000000000000000 ) );
#14709 = DIRECTION( '', ( 0.000000000000000, 0.000000000000000, -1.00000000000000 ) );
#14710 = DIRECTION( '', ( -0.529919264233206, 0.848048096156425, 0.000000000000000 ) );
#14711 = DIRECTION( '', ( -0.0348994967025015, 0.999390827019096, 0.000000000000000 ) );
#14712 = DIRECTION( '', ( -0.529919264233204, -0.848048096156426, 0.000000000000000 ) );
#14713 = DIRECTION( '', ( 1.00000000000000, 0.000000000000000, 0.000000000000000 ) );
#14714 = DIRECTION( '', ( 1.00000000000000, 0.000000000000000, 0.000000000000000 ) );
#14715 = DIRECTION( '', ( 0.000000000000000, 1.00000000000000, 0.000000000000000 ) );
#14716 = DIRECTION( '', ( 1.00000000000000, 0.000000000000000, 0.000000000000000 ) );
#14717 = DIRECTION( '', ( -0.000000000000000, -0.000000000000000, -1.00000000000000 ) );
#14718 = DIRECTION( '', ( 0.000000000000000, 1.00000000000000, 0.000000000000000 ) );
#14719 = DIRECTION( '', ( -1.00000000000000, -0.000000000000000, -0.000000000000000 ) );
#14720 = CARTESIAN_POINT( '', ( 0.137500000000000, -0.122500000000000, 0.0125000000000000 ) );
#14721 = DIRECTION( '', ( -1.00000000000000, 0.000000000000000, 0.000000000000000 ) );
#14722 = DIRECTION( '', ( 0.000000000000000, 0.000000000000000, 1.00000000000000 ) );
#14723 = DIRECTION( '', ( 0.000000000000000, 0.000000000000000, 1.00000000000000 ) );
#14724 = DIRECTION( '', ( 0.000000000000000, 0.000000000000000, -1.00000000000000 ) );
#14725 = DIRECTION( '', ( 0.000000000000000, 0.000000000000000, 1.00000000000000 ) );
#14726 = DIRECTION( '', ( 0.000000000000000, -1.00000000000000, 0.000000000000000 ) );
#14727 = DIRECTION( '', ( 0.000000000000000, 1.00000000000000, 0.000000000000000 ) );
#14728 = DIRECTION( '', ( 1.00000000000000, 0.000000000000000, 0.000000000000000 ) );
#14729 = DIRECTION( '', ( 0.000000000000000, 1.00000000000000, 0.000000000000000 ) );
#14730 = DIRECTION( '', ( -1.00000000000000, 0.000000000000000, 0.000000000000000 ) );
#14731 = DIRECTION( '', ( 0.000000000000000, 1.00000000000000, 0.000000000000000 ) );
#14732 = DIRECTION( '', ( -1.00000000000000, 0.000000000000000, 0.000000000000000 ) );
#14733 = DIRECTION( '', ( 0.000000000000000, 1.00000000000000, 0.000000000000000 ) );
#14734 = DIRECTION( '', ( 0.000000000000000, 0.000000000000000, 1.00000000000000 ) );
#14735 = DIRECTION( '', ( -0.000000000000000, -1.00000000000000, -0.000000000000000 ) );
#14736 = DIRECTION( '', ( 1.00000000000000, 0.000000000000000, 0.000000000000000 ) );
#14737 = DIRECTION( '', ( 0.000000000000000, 0.000000000000000, -1.00000000000000 ) );
#14738 = DIRECTION( '', ( 0.000000000000000, 0.000000000000000, -1.00000000000000 ) );
#14739 = DIRECTION( '', ( 0.000000000000000, -1.00000000000000, 0.000000000000000 ) );
#14740 = CARTESIAN_POINT( '', ( -0.162500000000000, -0.0225000000000000, -0.0875000000000000 ) );
#14741 = DIRECTION( '', ( -1.00000000000000, 0.000000000000000, 0.000000000000000 ) );
#14742 = DIRECTION( '', ( 0.000000000000000, 0.000000000000000, 1.00000000000000 ) );
#14743 = DIRECTION( '', ( 0.000000000000000, -0.707106781186547, -0.707106781186547 ) );
#14744 = DIRECTION( '', ( 0.000000000000000, -0.707106781186548, 0.707106781186547 ) );
#14745 = CARTESIAN_POINT( '', ( -0.162500000000000, -0.0225000000000000, -0.0875000000000000 ) );
#14746 = DIRECTION( '', ( -1.00000000000000, 0.000000000000000, 0.000000000000000 ) );
#14747 = DIRECTION( '', ( 0.000000000000000, 0.000000000000000, 1.00000000000000 ) );
#14748 = DIRECTION( '', ( -1.00000000000000, -0.000000000000000, -0.000000000000000 ) );
#14749 = DIRECTION( '', ( -0.000000000000000, 1.00000000000000, 0.000000000000000 ) );
#14750 = DIRECTION( '', ( -1.00000000000000, -0.000000000000000, -0.000000000000000 ) );
#14751 = DIRECTION( '', ( 0.000000000000000, 0.707106781186545, -0.707106781186549 ) );
#14752 = DIRECTION( '', ( -1.00000000000000, -0.000000000000000, -0.000000000000000 ) );
#14753 = DIRECTION( '', ( 0.000000000000000, -0.707106781186545, 0.707106781186549 ) );
#14754 = DIRECTION( '', ( 0.000000000000000, 0.000000000000000, -1.00000000000000 ) );
#14755 = DIRECTION( '', ( 0.000000000000000, 0.000000000000000, 1.00000000000000 ) );
#14756 = DIRECTION( '', ( 0.000000000000000, 0.000000000000000, -1.00000000000000 ) );
#14757 = DIRECTION( '', ( 1.00000000000000, 0.000000000000000, 0.000000000000000 ) );
#14758 = DIRECTION( '', ( 1.00000000000000, 0.000000000000000, 1.06712812252510E-16 ) );
#14759 = DIRECTION( '', ( 0.000000000000000, 0.000000000000000, -1.00000000000000 ) );
#14760 = DIRECTION( '', ( 1.00000000000000, 0.000000000000000, 0.000000000000000 ) );
#14761 = DIRECTION( '', ( 0.000000000000000, 0.000000000000000, -1.00000000000000 ) );
#14762 = DIRECTION( '', ( 0.000000000000000, 0.000000000000000, 1.00000000000000 ) );
#14763 = DIRECTION( '', ( 1.00000000000000, 0.000000000000000, 0.000000000000000 ) );
#14764 = DIRECTION( '', ( 0.000000000000000, 0.000000000000000, 1.00000000000000 ) );
#14765 = DIRECTION( '', ( -1.00000000000000, 0.000000000000000, 0.000000000000000 ) );
#14766 = DIRECTION( '', ( 1.00000000000000, 0.000000000000000, 0.000000000000000 ) );
#14767 = DIRECTION( '', ( 0.000000000000000, 0.000000000000000, 1.00000000000000 ) );
#14768 = DIRECTION( '', ( 0.000000000000000, 0.000000000000000, -1.00000000000000 ) );
#14769 = DIRECTION( '', ( 1.00000000000000, 0.000000000000000, 0.000000000000000 ) );
#14770 = DIRECTION( '', ( 0.000000000000000, 0.000000000000000, -1.00000000000000 ) );
#14771 = DIRECTION( '', ( -1.00000000000000, 0.000000000000000, 0.000000000000000 ) );
#14772 = DIRECTION( '', ( 0.000000000000000, 0.000000000000000, -1.00000000000000 ) );
#14773 = DIRECTION( '', ( -1.00000000000000, 0.000000000000000, 0.000000000000000 ) );
#14774 = DIRECTION( '', ( 0.000000000000000, 0.000000000000000, -1.00000000000000 ) );
#14775 = DIRECTION( '', ( -1.00000000000000, 0.000000000000000, 0.000000000000000 ) );
#14776 = DIRECTION( '', ( -1.00000000000000, 0.000000000000000, 0.000000000000000 ) );
#14777 = DIRECTION( '', ( 1.00000000000000, 0.000000000000000, 0.000000000000000 ) );
#14778 = DIRECTION( '', ( 0.000000000000000, 0.000000000000000, -1.00000000000000 ) );
#14779 = DIRECTION( '', ( 1.00000000000000, 0.000000000000000, 0.000000000000000 ) );
#14780 = DIRECTION( '', ( 0.000000000000000, 0.000000000000000, 1.00000000000000 ) );
#14781 = DIRECTION( '', ( 0.000000000000000, 0.000000000000000, -1.00000000000000 ) );
#14782 = DIRECTION( '', ( -1.00000000000000, 0.000000000000000, 0.000000000000000 ) );
#14783 = DIRECTION( '', ( 0.000000000000000, 0.000000000000000, -1.00000000000000 ) );
#14784 = DIRECTION( '', ( 0.000000000000000, 0.000000000000000, 1.00000000000000 ) );
#14785 = DIRECTION( '', ( -1.00000000000000, 0.000000000000000, 0.000000000000000 ) );
#14786 = DIRECTION( '', ( 0.000000000000000, 0.000000000000000, 1.00000000000000 ) );
#14787 = DIRECTION( '', ( 0.000000000000000, 0.000000000000000, 1.00000000000000 ) );
#14788 = DIRECTION( '', ( 0.000000000000000, 0.000000000000000, 1.00000000000000 ) );
#14789 = DIRECTION( '', ( 0.000000000000000, 0.000000000000000, -1.00000000000000 ) );
#14790 = DIRECTION( '', ( 1.00000000000000, 0.000000000000000, 0.000000000000000 ) );
#14791 = DIRECTION( '', ( 0.000000000000000, 0.000000000000000, 1.00000000000000 ) );
#14792 = DIRECTION( '', ( -1.00000000000000, 0.000000000000000, 0.000000000000000 ) );
#14793 = DIRECTION( '', ( -1.00000000000000, -0.000000000000000, -0.000000000000000 ) );
#14794 = DIRECTION( '', ( -1.00000000000000, 0.000000000000000, 0.000000000000000 ) );
#14795 = DIRECTION( '', ( 0.000000000000000, 0.000000000000000, 1.00000000000000 ) );
#14796 = DIRECTION( '', ( -1.00000000000000, -0.000000000000000, -0.000000000000000 ) );
#14797 = DIRECTION( '', ( 0.000000000000000, 0.000000000000000, -1.00000000000000 ) );
#14798 = DIRECTION( '', ( 0.000000000000000, 0.000000000000000, 1.00000000000000 ) );
#14799 = DIRECTION( '', ( -1.00000000000000, -0.000000000000000, -0.000000000000000 ) );
#14800 = DIRECTION( '', ( 0.000000000000000, 0.000000000000000, 1.00000000000000 ) );
#14801 = DIRECTION( '', ( 0.000000000000000, 0.000000000000000, 1.00000000000000 ) );
#14802 = DIRECTION( '', ( 0.000000000000000, 0.000000000000000, 1.00000000000000 ) );
#14803 = DIRECTION( '', ( -1.00000000000000, -0.000000000000000, -0.000000000000000 ) );
#14804 = DIRECTION( '', ( 0.000000000000000, 3.41480999208033E-16, 1.00000000000000 ) );
#14805 = DIRECTION( '', ( -1.00000000000000, -0.000000000000000, -0.000000000000000 ) );
#14806 = DIRECTION( '', ( -1.00000000000000, 0.000000000000000, 0.000000000000000 ) );
#14807 = DIRECTION( '', ( 0.000000000000000, 1.00000000000000, 0.000000000000000 ) );
#14808 = DIRECTION( '', ( 0.529919264233204, 0.848048096156427, 0.000000000000000 ) );
#14809 = DIRECTION( '', ( 0.0348994967025008, 0.999390827019096, 0.000000000000000 ) );
#14810 = DIRECTION( '', ( -1.00000000000000, -0.000000000000000, -0.000000000000000 ) );
#14811 = DIRECTION( '', ( -1.00000000000000, -0.000000000000000, -0.000000000000000 ) );
#14812 = DIRECTION( '', ( 0.000000000000000, 0.000000000000000, -1.00000000000000 ) );
#14813 = DIRECTION( '', ( 0.000000000000000, 0.000000000000000, -1.00000000000000 ) );
#14814 = DIRECTION( '', ( 0.000000000000000, 0.000000000000000, 1.00000000000000 ) );
#14815 = DIRECTION( '', ( -1.00000000000000, -0.000000000000000, -0.000000000000000 ) );
#14816 = DIRECTION( '', ( 0.000000000000000, 0.707106781186546, -0.707106781186549 ) );
#14817 = DIRECTION( '', ( 0.000000000000000, 0.000000000000000, 1.00000000000000 ) );
#14818 = DIRECTION( '', ( 0.000000000000000, -1.00000000000000, 0.000000000000000 ) );
#14819 = DIRECTION( '', ( -1.00000000000000, -0.000000000000000, -0.000000000000000 ) );
#14820 = DIRECTION( '', ( 0.000000000000000, 0.707106781186546, -0.707106781186549 ) );
#14821 = DIRECTION( '', ( -1.00000000000000, -0.000000000000000, -0.000000000000000 ) );
#14822 = DIRECTION( '', ( -1.00000000000000, -0.000000000000000, -0.000000000000000 ) );
#14823 = DIRECTION( '', ( -1.00000000000000, -0.000000000000000, -0.000000000000000 ) );
#14824 = CARTESIAN_POINT( '', ( -0.0625000000000000, -0.122500000000000, 0.0125000000000000 ) );
#14825 = DIRECTION( '', ( -1.00000000000000, 0.000000000000000, 0.000000000000000 ) );
#14826 = DIRECTION( '', ( 0.000000000000000, 0.000000000000000, 1.00000000000000 ) );
#14827 = DIRECTION( '', ( 0.000000000000000, 0.707106781186547, 0.707106781186547 ) );
#14828 = DIRECTION( '', ( -1.00000000000000, -0.000000000000000, -0.000000000000000 ) );
#14829 = DIRECTION( '', ( 0.000000000000000, -1.00000000000000, 0.000000000000000 ) );
#14830 = CARTESIAN_POINT( '', ( 0.0375000000000000, -0.0225000000000000, -0.0875000000000000 ) );
#14831 = DIRECTION( '', ( -1.00000000000000, 0.000000000000000, 0.000000000000000 ) );
#14832 = DIRECTION( '', ( 0.000000000000000, 0.000000000000000, 1.00000000000000 ) );
#14833 = DIRECTION( '', ( 0.000000000000000, 1.25314128149737E-16, -1.00000000000000 ) );
#14834 = DIRECTION( '', ( 0.000000000000000, -0.707106781186547, -0.707106781186547 ) );
#14835 = DIRECTION( '', ( 0.000000000000000, -1.25314128149737E-16, 1.00000000000000 ) );
#14836 = CARTESIAN_POINT( '', ( 0.0375000000000000, -0.0225000000000000, -0.0875000000000000 ) );
#14837 = DIRECTION( '', ( -1.00000000000000, 0.000000000000000, 0.000000000000000 ) );
#14838 = DIRECTION( '', ( 0.000000000000000, 0.000000000000000, 1.00000000000000 ) );
#14839 = CARTESIAN_POINT( '', ( -0.137500000000000, -0.122500000000000, 0.0125000000000000 ) );
#14840 = DIRECTION( '', ( 1.00000000000000, 0.000000000000000, -0.000000000000000 ) );
#14841 = DIRECTION( '', ( -0.000000000000000, 0.000000000000000, -1.00000000000000 ) );
#14842 = CARTESIAN_POINT( '', ( -0.162500000000000, -0.122500000000000, 0.0125000000000000 ) );
#14843 = DIRECTION( '', ( -1.00000000000000, 0.000000000000000, 0.000000000000000 ) );
#14844 = DIRECTION( '', ( 0.000000000000000, 0.000000000000000, 1.00000000000000 ) );
#14845 = DIRECTION( '', ( 0.000000000000000, 0.000000000000000, -1.00000000000000 ) );
#14846 = DIRECTION( '', ( 0.000000000000000, -3.41480999208033E-16, -1.00000000000000 ) );
#14847 = DIRECTION( '', ( 0.000000000000000, 1.00000000000000, 0.000000000000000 ) );
#14848 = DIRECTION( '', ( 0.000000000000000, 0.000000000000000, -1.00000000000000 ) );
#14849 = DIRECTION( '', ( 0.000000000000000, -0.707106781186545, -0.707106781186549 ) );
#14850 = DIRECTION( '', ( 0.000000000000000, -1.00000000000000, 0.000000000000000 ) );
#14851 = DIRECTION( '', ( -0.000000000000000, -0.000000000000000, -1.00000000000000 ) );
#14852 = DIRECTION( '', ( 0.000000000000000, 0.000000000000000, -1.00000000000000 ) );
#14853 = DIRECTION( '', ( 0.000000000000000, 1.00000000000000, 0.000000000000000 ) );
#14854 = DIRECTION( '', ( -1.00000000000000, 0.000000000000000, 0.000000000000000 ) );
#14855 = DIRECTION( '', ( 0.000000000000000, 1.00000000000000, 0.000000000000000 ) );
#14856 = DIRECTION( '', ( 0.000000000000000, 1.00000000000000, 0.000000000000000 ) );
#14857 = DIRECTION( '', ( -0.000000000000000, 1.00000000000000, 0.000000000000000 ) );
#14858 = DIRECTION( '', ( -0.000000000000000, -0.000000000000000, -1.00000000000000 ) );
#14859 = DIRECTION( '', ( 0.000000000000000, 0.000000000000000, -1.00000000000000 ) );
#14860 = DIRECTION( '', ( -0.000000000000000, -0.000000000000000, -1.00000000000000 ) );
#14861 = DIRECTION( '', ( -1.00000000000000, 0.000000000000000, 0.000000000000000 ) );
#14862 = DIRECTION( '', ( 0.000000000000000, 0.000000000000000, -1.00000000000000 ) );
#14863 = CARTESIAN_POINT( '', ( 0.262500000000000, -0.122500000000000, 0.0125000000000000 ) );
#14864 = DIRECTION( '', ( 1.00000000000000, 0.000000000000000, 0.000000000000000 ) );
#14865 = DIRECTION( '', ( 0.000000000000000, 0.000000000000000, -1.00000000000000 ) );
#14866 = DIRECTION( '', ( -1.00000000000000, -0.000000000000000, -0.000000000000000 ) );
#14867 = DIRECTION( '', ( 0.000000000000000, 7.22711109434990E-17, -1.00000000000000 ) );
#14868 = DIRECTION( '', ( 0.000000000000000, 0.707106781186546, 0.707106781186549 ) );
#14869 = DIRECTION( '', ( -1.00000000000000, -0.000000000000000, -0.000000000000000 ) );
#14870 = DIRECTION( '', ( 0.000000000000000, 1.00000000000000, 0.000000000000000 ) );
#14871 = DIRECTION( '', ( 0.000000000000000, -1.00000000000000, 0.000000000000000 ) );
#14872 = DIRECTION( '', ( 0.000000000000000, 1.00000000000000, 0.000000000000000 ) );
#14873 = DIRECTION( '', ( 0.000000000000000, 0.707106781186546, -0.707106781186549 ) );
#14874 = DIRECTION( '', ( -0.000000000000000, -0.000000000000000, -1.00000000000000 ) );
#14875 = DIRECTION( '', ( -0.000000000000000, 1.00000000000000, 0.000000000000000 ) );
#14876 = DIRECTION( '', ( 0.000000000000000, 0.000000000000000, 1.00000000000000 ) );
#14877 = DIRECTION( '', ( 0.000000000000000, -0.707106781186546, 0.707106781186549 ) );
#14878 = DIRECTION( '', ( -0.000000000000000, 1.00000000000000, 0.000000000000000 ) );
#14879 = DIRECTION( '', ( 0.000000000000000, 0.000000000000000, 1.00000000000000 ) );
#14880 = DIRECTION( '', ( -1.00000000000000, -0.000000000000000, -0.000000000000000 ) );
#14881 = DIRECTION( '', ( -1.00000000000000, -0.000000000000000, -0.000000000000000 ) );
#14882 = CARTESIAN_POINT( '', ( -0.0375000000000000, -0.0225000000000000, -0.0875000000000000 ) );
#14883 = DIRECTION( '', ( 1.00000000000000, 0.000000000000000, -0.000000000000000 ) );
#14884 = DIRECTION( '', ( -0.000000000000000, 0.000000000000000, -1.00000000000000 ) );
#14885 = DIRECTION( '', ( 0.000000000000000, -0.906183139995265, 0.422885465331124 ) );
#14886 = DIRECTION( '', ( 0.000000000000000, -1.00000000000000, 0.000000000000000 ) );
#14887 = DIRECTION( '', ( -1.00000000000000, -0.000000000000000, -0.000000000000000 ) );
#14888 = DIRECTION( '', ( 0.000000000000000, 1.00000000000000, 0.000000000000000 ) );
#14889 = DIRECTION( '', ( 0.000000000000000, 0.000000000000000, -1.00000000000000 ) );
#14890 = DIRECTION( '', ( 1.00000000000000, 0.000000000000000, 1.06712812252510E-16 ) );
#14891 = DIRECTION( '', ( 0.000000000000000, 0.000000000000000, 1.00000000000000 ) );
#14892 = DIRECTION( '', ( -1.00000000000000, 0.000000000000000, 0.000000000000000 ) );
#14893 = DIRECTION( '', ( 0.000000000000000, 0.000000000000000, 1.00000000000000 ) );
#14894 = DIRECTION( '', ( 1.00000000000000, 0.000000000000000, 0.000000000000000 ) );
#14895 = DIRECTION( '', ( 0.000000000000000, 0.000000000000000, 1.00000000000000 ) );
#14896 = DIRECTION( '', ( 0.000000000000000, 1.00000000000000, 0.000000000000000 ) );
#14897 = DIRECTION( '', ( -0.529919264233204, -0.848048096156427, 0.000000000000000 ) );
#14898 = DIRECTION( '', ( -0.000000000000000, -0.000000000000000, -1.00000000000000 ) );
#14899 = DIRECTION( '', ( -1.00000000000000, -0.000000000000000, -0.000000000000000 ) );
#14900 = DIRECTION( '', ( 0.000000000000000, 0.000000000000000, -1.00000000000000 ) );
#14901 = DIRECTION( '', ( 0.000000000000000, 0.000000000000000, 1.00000000000000 ) );
#14902 = DIRECTION( '', ( 0.000000000000000, 0.000000000000000, 1.00000000000000 ) );
#14903 = DIRECTION( '', ( 0.000000000000000, 1.00000000000000, 0.000000000000000 ) );
#14904 = DIRECTION( '', ( -0.0348994967025008, -0.999390827019096, 0.000000000000000 ) );
#14905 = DIRECTION( '', ( -0.529919264233204, -0.848048096156427, 0.000000000000000 ) );
#14906 = DIRECTION( '', ( 0.000000000000000, 1.00000000000000, 0.000000000000000 ) );
#14907 = DIRECTION( '', ( 1.00000000000000, 0.000000000000000, 0.000000000000000 ) );
#14908 = DIRECTION( '', ( 0.000000000000000, 1.00000000000000, 0.000000000000000 ) );
#14909 = DIRECTION( '', ( 0.000000000000000, 0.000000000000000, -1.00000000000000 ) );
#14910 = DIRECTION( '', ( 1.00000000000000, 0.000000000000000, 0.000000000000000 ) );
#14911 = DIRECTION( '', ( -1.00000000000000, 0.000000000000000, 0.000000000000000 ) );
#14912 = DIRECTION( '', ( -1.00000000000000, 0.000000000000000, 0.000000000000000 ) );
#14913 = DIRECTION( '', ( 0.000000000000000, 0.000000000000000, -1.00000000000000 ) );
#14914 = DIRECTION( '', ( 0.000000000000000, 7.22711109434990E-17, -1.00000000000000 ) );
#14915 = DIRECTION( '', ( 0.000000000000000, 1.00000000000000, 0.000000000000000 ) );
#14916 = DIRECTION( '', ( 0.529919264233205, -0.848048096156426, 0.000000000000000 ) );
#14917 = DIRECTION( '', ( 1.00000000000000, -0.000000000000000, 0.000000000000000 ) );
#14918 = DIRECTION( '', ( 0.000000000000000, 0.000000000000000, 1.00000000000000 ) );
#14919 = DIRECTION( '', ( 0.000000000000000, 0.000000000000000, 1.00000000000000 ) );
#14920 = DIRECTION( '', ( 0.000000000000000, 0.000000000000000, -1.00000000000000 ) );
#14921 = DIRECTION( '', ( 0.000000000000000, -0.707106781186547, -0.707106781186547 ) );
#14922 = DIRECTION( '', ( 0.000000000000000, -1.00000000000000, 0.000000000000000 ) );
#14923 = DIRECTION( '', ( -0.000000000000000, -0.000000000000000, -1.00000000000000 ) );
#14924 = DIRECTION( '', ( 0.000000000000000, -1.00000000000000, 0.000000000000000 ) );
#14925 = DIRECTION( '', ( -1.00000000000000, -0.000000000000000, -0.000000000000000 ) );
#14926 = DIRECTION( '', ( 0.000000000000000, -1.25314128149737E-16, 1.00000000000000 ) );
#14927 = DIRECTION( '', ( 0.000000000000000, 1.25314128149737E-16, -1.00000000000000 ) );
#14928 = DIRECTION( '', ( 0.000000000000000, 1.00000000000000, 0.000000000000000 ) );
#14929 = DIRECTION( '', ( 0.000000000000000, 1.00000000000000, 0.000000000000000 ) );
#14930 = DIRECTION( '', ( -1.00000000000000, -0.000000000000000, -0.000000000000000 ) );
#14931 = DIRECTION( '', ( -1.00000000000000, -0.000000000000000, -0.000000000000000 ) );
#14932 = DIRECTION( '', ( 0.000000000000000, 1.00000000000000, 0.000000000000000 ) );
#14933 = DIRECTION( '', ( -1.00000000000000, -0.000000000000000, -0.000000000000000 ) );
#14934 = DIRECTION( '', ( -1.00000000000000, -0.000000000000000, -0.000000000000000 ) );
#14935 = DIRECTION( '', ( 0.000000000000000, 1.00000000000000, 0.000000000000000 ) );
#14936 = DIRECTION( '', ( -0.000000000000000, -0.000000000000000, -1.00000000000000 ) );
#14937 = DIRECTION( '', ( 0.000000000000000, -1.00000000000000, 0.000000000000000 ) );
#14938 = DIRECTION( '', ( -1.00000000000000, -0.000000000000000, -0.000000000000000 ) );
#14939 = DIRECTION( '', ( -0.000000000000000, -0.000000000000000, -1.00000000000000 ) );
#14940 = DIRECTION( '', ( -1.00000000000000, -0.000000000000000, -0.000000000000000 ) );
#14941 = DIRECTION( '', ( 0.000000000000000, -1.00000000000000, 0.000000000000000 ) );
#14942 = DIRECTION( '', ( 0.000000000000000, -0.906183139995265, 0.422885465331124 ) );
#14943 = DIRECTION( '', ( -0.000000000000000, -0.000000000000000, -1.00000000000000 ) );
#14944 = DIRECTION( '', ( 0.000000000000000, -3.41480999208033E-16, -1.00000000000000 ) );
#14945 = DIRECTION( '', ( -1.00000000000000, -0.000000000000000, -0.000000000000000 ) );
#14946 = DIRECTION( '', ( -1.00000000000000, -0.000000000000000, -0.000000000000000 ) );
#14947 = DIRECTION( '', ( -0.0348994967025008, -0.999390827019096, 0.000000000000000 ) );
#14948 = DIRECTION( '', ( 0.000000000000000, 1.00000000000000, 0.000000000000000 ) );
#14949 = DIRECTION( '', ( -1.00000000000000, -0.000000000000000, -0.000000000000000 ) );
#14950 = DIRECTION( '', ( -0.000000000000000, -0.000000000000000, -1.00000000000000 ) );
#14951 = DIRECTION( '', ( -0.529919264233204, 0.848048096156427, 0.000000000000000 ) );
#14952 = DIRECTION( '', ( 0.000000000000000, 0.000000000000000, -1.00000000000000 ) );
#14953 = DIRECTION( '', ( 0.000000000000000, 0.000000000000000, -1.00000000000000 ) );
#14954 = DIRECTION( '', ( -0.0348994967025008, -0.999390827019096, 0.000000000000000 ) );
#14955 = DIRECTION( '', ( -1.00000000000000, -0.000000000000000, -0.000000000000000 ) );
#14956 = DIRECTION( '', ( -0.0348994967025014, 0.999390827019096, 0.000000000000000 ) );
#14957 = DIRECTION( '', ( -1.00000000000000, -0.000000000000000, -0.000000000000000 ) );
#14958 = DIRECTION( '', ( 0.000000000000000, -1.00000000000000, 0.000000000000000 ) );
#14959 = DIRECTION( '', ( -1.00000000000000, 0.000000000000000, 0.000000000000000 ) );
#14960 = DIRECTION( '', ( 0.000000000000000, 1.00000000000000, 0.000000000000000 ) );
#14961 = DIRECTION( '', ( -1.00000000000000, -0.000000000000000, -0.000000000000000 ) );
#14962 = DIRECTION( '', ( 0.000000000000000, 0.707106781186546, 0.707106781186549 ) );
#14963 = DIRECTION( '', ( 0.000000000000000, -1.00000000000000, 0.000000000000000 ) );
#14964 = DIRECTION( '', ( 0.000000000000000, -1.00000000000000, 0.000000000000000 ) );
#14965 = DIRECTION( '', ( -0.000000000000000, -0.000000000000000, -1.00000000000000 ) );
#14966 = DIRECTION( '', ( -1.00000000000000, -0.000000000000000, -0.000000000000000 ) );
#14967 = DIRECTION( '', ( 0.000000000000000, 0.707106781186548, -0.707106781186547 ) );
#14968 = DIRECTION( '', ( -0.000000000000000, 1.00000000000000, 0.000000000000000 ) );
#14969 = DIRECTION( '', ( 0.000000000000000, -1.00000000000000, 0.000000000000000 ) );
#14970 = DIRECTION( '', ( 0.000000000000000, 1.00000000000000, 0.000000000000000 ) );
#14971 = DIRECTION( '', ( 0.000000000000000, 0.000000000000000, 1.00000000000000 ) );
#14972 = DIRECTION( '', ( -0.000000000000000, -0.000000000000000, -1.00000000000000 ) );
#14973 = DIRECTION( '', ( 0.000000000000000, 3.41480999208033E-16, 1.00000000000000 ) );
#14974 = DIRECTION( '', ( -1.00000000000000, -0.000000000000000, -0.000000000000000 ) );
#14975 = DIRECTION( '', ( 0.000000000000000, 1.00000000000000, 0.000000000000000 ) );
#14976 = DIRECTION( '', ( -0.000000000000000, 1.00000000000000, 0.000000000000000 ) );
#14977 = DIRECTION( '', ( 0.000000000000000, -1.00000000000000, 0.000000000000000 ) );
#14978 = DIRECTION( '', ( -1.00000000000000, 0.000000000000000, 0.000000000000000 ) );
#14979 = DIRECTION( '', ( 0.000000000000000, -1.00000000000000, 0.000000000000000 ) );
ENDSEC;
END-ISO-10303-21;
